id,name,skin,ingredients,price
1,AcneFree 121,Madura,"Aceite de Jojoba, Avena Coloidal",139.05
2,UltraSmooth 126,Seca,"Ácido Salicílico, Urea, Pantenol, Ácido Láctico",197.09
3,OilControl 259,Mixta,"Manteca de Karité, Agua Termal, Niacinamida",91.04
4,OilControl 24,Madura,"Aloe Vera, Ácido Ferúlico",186.8
5,CeraPlus 139,Todo tipo,"Aceite de Jojoba, Zinc, Ácido Hialurónico, Ácido Ferúlico",90.99
6,AgeDefy 258,Madura,"Ceramidas, Extracto de Té Verde",186.12
7,DermaFix 91,Grasa,"Manteca de Karité, Pantenol, Zinc",170.68
8,Daily Moist 112,Mixta,"Glicerina, Pantenol, Ácido Hialurónico, Ceramidas",92.32
9,RegenX 67,Todo tipo,"Peptidos, Avena Coloidal, Zinc",104.12
10,AcneFree 193,Acneica,"Avena Coloidal, Ácido Ferúlico",112.88
11,Radiant Day 200,Acneica,"Avena Coloidal, Agua Termal",74.28
12,Hydra Boost 83,Todo tipo,"Extracto de Té Verde, Aloe Vera, Retinol, Ácido Ferúlico",150.34
13,Clear Skin 80,Sensible,"Vitamina C, Manteca de Karité",184.02
14,Radiant Day 6,Sensible,"Glicerina, Extracto de Té Verde, Pantenol, Aloe Vera",105.41
15,Aqua Balm 100,Sensible,"Zinc, Urea, Ácido Hialurónico, Avena Coloidal",131.25
16,SunShield 38,Acneica,"Zinc, Ceramidas, Aloe Vera",8.68
17,AcneFree 239,Acneica,"Manteca de Karité, Ácido Salicílico",88.19
18,AgeDefy 99,Mixta,"Avena Coloidal, Ácido Hialurónico, Vitamina C",57.92
19,Aqua Balm 37,Normal,"Peptidos, Niacinamida, Aloe Vera, Ácido Ferúlico",31.59
20,SkinPure 10,Seca,"Ácido Láctico, Glicerina, Ceramidas, Agua Termal",150.26
21,Radiant Day 282,Todo tipo,"Ácido Láctico, Urea, Vitamina C",112.48
22,Daily Moist 188,Seca,"Peptidos, Ácido Ferúlico",81.92
23,Glow Serum 237,Normal,"Ceramidas, Zinc, Ácido Salicílico",7.57
24,CeraPlus 280,Mixta,"Manteca de Karité, Niacinamida",45.0
25,Clear Skin 191,Todo tipo,"Urea, Aloe Vera, Retinol",54.71
26,Daily Moist 199,Acneica,"Agua Termal, Pantenol, Aloe Vera",53.03
27,RegenX 292,Normal,"Extracto de Té Verde, Ácido Ferúlico, Ceramidas",54.63
28,Hydra Boost 175,Mixta,"Ácido Láctico, Avena Coloidal, Agua Termal, Ácido Salicílico",136.23
29,BrightFix 219,Seca,"Ácido Salicílico, Avena Coloidal",180.48
30,Glow Serum 95,Sensible,"Glicerina, Aceite de Jojoba, Ácido Ferúlico",96.28
31,SunShield 217,Seca,"Ceramidas, Pantenol, Avena Coloidal, Glicerina",61.08
32,CeraPlus 206,Mixta,"Zinc, Aceite de Jojoba, Pantenol, Agua Termal",51.3
33,Radiant Day 36,Seca,"Avena Coloidal, Ácido Láctico, Aloe Vera",92.03
34,NutriGlow 219,Mixta,"Ceramidas, Ácido Hialurónico, Niacinamida, Ácido Salicílico",115.66
35,BrightFix 19,Todo tipo,"Avena Coloidal, Niacinamida, Manteca de Karité",74.65
36,Hydra Boost 152,Seca,"Zinc, Ceramidas",71.24
37,Hydra Boost 12,Seca,"Aloe Vera, Urea",79.35
38,RegenX 209,Mixta,"Aceite de Jojoba, Ácido Hialurónico, Ácido Láctico",99.41
39,OilControl 282,Seca,"Ácido Láctico, Extracto de Té Verde, Ácido Salicílico",8.81
40,NightCare 104,Acneica,"Aceite de Jojoba, Ácido Ferúlico, Aloe Vera",83.87
41,Clear Skin 151,Todo tipo,"Retinol, Zinc",48.17
42,OilControl 101,Madura,"Aloe Vera, Aceite de Jojoba, Urea",59.26
43,NutriGlow 193,Sensible,"Retinol, Manteca de Karité, Zinc, Niacinamida",40.77
44,CeraPlus 33,Grasa,"Retinol, Ácido Salicílico",108.65
45,NutriGlow 226,Todo tipo,"Ácido Ferúlico, Ceramidas, Niacinamida, Retinol",49.8
46,RegenX 61,Mixta,"Ácido Ferúlico, Zinc, Aloe Vera",49.07
47,Hydra Boost 221,Mixta,"Ácido Láctico, Ceramidas",148.0
48,BrightFix 214,Todo tipo,"Ácido Hialurónico, Ácido Salicílico, Zinc, Ácido Ferúlico",171.62
49,UltraSmooth 54,Normal,"Manteca de Karité, Extracto de Té Verde, Pantenol",43.94
50,Hydra Boost 197,Acneica,"Aceite de Jojoba, Aloe Vera, Retinol, Ácido Salicílico",103.02
51,RegenX 255,Mixta,"Pantenol, Ácido Hialurónico, Aceite de Jojoba, Agua Termal",175.55
52,Radiant Day 67,Sensible,"Aloe Vera, Extracto de Té Verde, Ceramidas",52.32
53,Radiant Day 273,Grasa,"Ácido Láctico, Ácido Salicílico",32.34
54,NightCare 44,Acneica,"Avena Coloidal, Ácido Ferúlico",168.0
55,SunShield 266,Grasa,"Glicerina, Avena Coloidal, Ácido Láctico, Ácido Hialurónico",120.45
56,OilControl 145,Acneica,"Ácido Ferúlico, Urea, Pantenol",172.82
57,BrightFix 33,Todo tipo,"Pantenol, Niacinamida, Ácido Ferúlico",193.02
58,Glow Serum 199,Todo tipo,"Ácido Salicílico, Ácido Ferúlico",158.96
59,Hydra Boost 40,Grasa,"Manteca de Karité, Peptidos, Aloe Vera, Zinc",61.51
60,Clear Skin 187,Madura,"Zinc, Avena Coloidal, Vitamina C, Pantenol",54.99
61,SunShield 219,Mixta,"Zinc, Avena Coloidal, Manteca de Karité, Ceramidas",32.86
62,Glow Serum 21,Todo tipo,"Urea, Pantenol",163.17
63,Fresh Dew 172,Normal,"Ácido Hialurónico, Urea",144.02
64,NutriGlow 207,Madura,"Aloe Vera, Agua Termal, Avena Coloidal, Peptidos",20.98
65,DermaFix 33,Todo tipo,"Vitamina C, Ácido Ferúlico",184.26
66,BrightFix 267,Grasa,"Retinol, Manteca de Karité, Avena Coloidal",66.17
67,Clear Skin 141,Mixta,"Avena Coloidal, Retinol, Ácido Ferúlico",154.12
68,BrightFix 183,Grasa,"Peptidos, Extracto de Té Verde",20.04
69,Glow Serum 84,Acneica,"Peptidos, Ácido Hialurónico, Retinol, Ácido Ferúlico",122.22
70,NutriGlow 141,Sensible,"Vitamina C, Niacinamida, Zinc, Agua Termal",42.84
71,SunShield 52,Acneica,"Ácido Ferúlico, Retinol",111.95
72,NightCare 236,Normal,"Agua Termal, Aloe Vera, Pantenol",96.47
73,NutriGlow 279,Sensible,"Ácido Ferúlico, Vitamina C, Agua Termal, Pantenol",82.31
74,Silky Touch 63,Mixta,"Ceramidas, Pantenol",48.48
75,Hydra Boost 173,Madura,"Peptidos, Zinc, Glicerina",96.11
76,Clear Skin 205,Grasa,"Pantenol, Ceramidas, Aloe Vera, Ácido Láctico",191.15
77,DermaFix 171,Acneica,"Agua Termal, Aceite de Jojoba, Extracto de Té Verde, Retinol",128.98
78,Hydra Boost 137,Mixta,"Ácido Láctico, Extracto de Té Verde, Glicerina",55.65
79,NutriGlow 166,Todo tipo,"Aceite de Jojoba, Ácido Ferúlico",96.4
80,BrightFix 134,Grasa,"Avena Coloidal, Retinol, Ácido Salicílico",165.8
81,DermaFix 149,Mixta,"Ácido Salicílico, Zinc, Peptidos, Aloe Vera",106.73
82,CeraPlus 94,Madura,"Urea, Ácido Salicílico, Aceite de Jojoba, Avena Coloidal",156.43
83,SkinPure 231,Grasa,"Retinol, Agua Termal, Urea, Manteca de Karité",26.62
84,RegenX 96,Mixta,"Ácido Hialurónico, Vitamina C, Aceite de Jojoba, Avena Coloidal",22.89
85,Silky Touch 44,Grasa,"Extracto de Té Verde, Ácido Hialurónico, Ceramidas",128.04
86,Aqua Balm 84,Mixta,"Ácido Ferúlico, Urea, Aloe Vera",167.97
87,AgeDefy 100,Acneica,"Urea, Aceite de Jojoba, Ácido Ferúlico, Extracto de Té Verde",79.67
88,AgeDefy 182,Grasa,"Extracto de Té Verde, Ácido Ferúlico, Manteca de Karité, Niacinamida",117.64
89,NutriGlow 187,Todo tipo,"Pantenol, Niacinamida, Ácido Láctico",178.2
90,AcneFree 103,Normal,"Ácido Salicílico, Retinol",75.67
91,Hydra Boost 89,Seca,"Niacinamida, Ácido Láctico",186.26
92,SkinPure 142,Seca,"Aloe Vera, Ácido Hialurónico, Avena Coloidal",111.96
93,Clear Skin 117,Madura,"Ácido Salicílico, Vitamina C",162.9
94,Daily Moist 51,Seca,"Ácido Ferúlico, Glicerina, Ácido Hialurónico",44.1
95,DermaFix 106,Grasa,"Glicerina, Zinc, Ácido Salicílico",37.26
96,Aqua Balm 142,Madura,"Urea, Agua Termal, Retinol",124.12
97,AgeDefy 130,Grasa,"Glicerina, Ácido Hialurónico, Retinol",168.63
98,NutriGlow 115,Mixta,"Ceramidas, Retinol, Pantenol",132.24
99,RegenX 91,Mixta,"Ácido Hialurónico, Avena Coloidal, Retinol",47.57
100,DermaFix 7,Normal,"Ácido Salicílico, Ácido Láctico, Ceramidas, Glicerina",106.46
101,SkinPure 100,Todo tipo,"Peptidos, Aloe Vera, Ceramidas",8.03
102,Silky Touch 165,Seca,"Manteca de Karité, Extracto de Té Verde, Zinc, Avena Coloidal",107.38
103,Clear Skin 192,Todo tipo,"Ácido Hialurónico, Peptidos, Avena Coloidal",194.73
104,Daily Moist 201,Mixta,"Ácido Ferúlico, Niacinamida, Urea",74.55
105,NutriGlow 172,Mixta,"Ceramidas, Pantenol",170.39
106,Clear Skin 279,Acneica,"Manteca de Karité, Vitamina C",115.74
107,SunShield 93,Acneica,"Zinc, Pantenol, Aceite de Jojoba",117.72
108,BrightFix 170,Madura,"Glicerina, Ceramidas",69.88
109,Daily Moist 157,Grasa,"Zinc, Ceramidas, Ácido Ferúlico, Glicerina",178.99
110,Daily Moist 15,Grasa,"Vitamina C, Avena Coloidal, Ácido Salicílico",117.98
111,AcneFree 173,Acneica,"Vitamina C, Ácido Hialurónico",101.52
112,Clear Skin 296,Todo tipo,"Niacinamida, Manteca de Karité, Ácido Salicílico, Retinol",39.7
113,Aqua Balm 272,Acneica,"Extracto de Té Verde, Aloe Vera, Agua Termal, Vitamina C",73.13
114,Fresh Dew 292,Acneica,"Ceramidas, Ácido Ferúlico, Ácido Salicílico, Zinc",67.2
115,NightCare 79,Mixta,"Glicerina, Niacinamida, Aceite de Jojoba",161.57
116,RegenX 60,Todo tipo,"Ácido Láctico, Vitamina C, Manteca de Karité, Ácido Hialurónico",199.29
117,NutriGlow 233,Acneica,"Vitamina C, Extracto de Té Verde, Peptidos, Ácido Hialurónico",109.19
118,SkinPure 57,Mixta,"Agua Termal, Ceramidas, Vitamina C",70.03
119,SkinPure 145,Mixta,"Aloe Vera, Zinc, Glicerina, Retinol",74.42
120,Daily Moist 256,Seca,"Zinc, Urea, Ceramidas",114.1
121,Aqua Balm 58,Todo tipo,"Glicerina, Pantenol, Avena Coloidal, Ácido Ferúlico",167.79
122,AcneFree 246,Mixta,"Pantenol, Agua Termal, Ácido Salicílico",129.89
123,SkinPure 74,Madura,"Retinol, Ceramidas, Aceite de Jojoba, Urea",33.17
124,RegenX 166,Seca,"Avena Coloidal, Glicerina",40.37
125,CeraPlus 98,Madura,"Ceramidas, Manteca de Karité",111.27
126,OilControl 127,Sensible,"Zinc, Ácido Salicílico",20.89
127,OilControl 207,Seca,"Ácido Salicílico, Vitamina C",142.41
128,Radiant Day 221,Todo tipo,"Urea, Pantenol, Aloe Vera",9.53
129,Silky Touch 61,Grasa,"Aceite de Jojoba, Ceramidas, Pantenol, Peptidos",22.79
130,SunShield 164,Seca,"Ácido Salicílico, Pantenol, Aloe Vera, Vitamina C",163.06
131,Hydra Boost 181,Acneica,"Aceite de Jojoba, Extracto de Té Verde, Avena Coloidal, Aloe Vera",126.66
132,AcneFree 137,Todo tipo,"Pantenol, Manteca de Karité",94.71
133,BrightFix 215,Normal,"Niacinamida, Glicerina, Ácido Láctico",65.22
134,DermaFix 293,Todo tipo,"Pantenol, Aceite de Jojoba, Ceramidas",47.81
135,Silky Touch 210,Madura,"Niacinamida, Manteca de Karité, Zinc, Ceramidas",108.71
136,Fresh Dew 226,Seca,"Manteca de Karité, Avena Coloidal",33.02
137,NutriGlow 156,Madura,"Pantenol, Aceite de Jojoba, Avena Coloidal",23.69
138,Silky Touch 199,Seca,"Zinc, Niacinamida, Vitamina C, Avena Coloidal",86.36
139,AcneFree 112,Grasa,"Extracto de Té Verde, Niacinamida",187.07
140,AcneFree 222,Seca,"Retinol, Aloe Vera, Urea, Manteca de Karité",116.45
141,RegenX 153,Acneica,"Pantenol, Zinc",75.17
142,UltraSmooth 251,Todo tipo,"Manteca de Karité, Ácido Láctico, Agua Termal",95.35
143,NightCare 148,Todo tipo,"Extracto de Té Verde, Ácido Hialurónico, Manteca de Karité",11.29
144,NightCare 119,Grasa,"Ceramidas, Urea, Ácido Salicílico",30.45
145,Aqua Balm 216,Madura,"Glicerina, Retinol",170.98
146,Daily Moist 181,Mixta,"Glicerina, Ácido Ferúlico, Vitamina C",140.14
147,NutriGlow 51,Seca,"Urea, Peptidos, Extracto de Té Verde, Ácido Hialurónico",66.96
148,Hydra Boost 163,Mixta,"Peptidos, Zinc, Ceramidas, Manteca de Karité",149.24
149,UltraSmooth 147,Grasa,"Avena Coloidal, Ácido Hialurónico",82.09
150,SkinPure 51,Todo tipo,"Aceite de Jojoba, Retinol, Peptidos",114.45
151,BrightFix 95,Seca,"Glicerina, Aloe Vera",161.94
152,DermaFix 262,Mixta,"Zinc, Retinol",79.24
153,SkinPure 35,Mixta,"Aloe Vera, Ácido Salicílico, Peptidos",104.48
154,Aqua Balm 57,Grasa,"Agua Termal, Retinol, Vitamina C",176.05
155,Silky Touch 34,Seca,"Zinc, Pantenol, Urea, Extracto de Té Verde",26.8
156,NightCare 71,Seca,"Retinol, Agua Termal, Ácido Salicílico, Ácido Láctico",7.9
157,Clear Skin 29,Seca,"Vitamina C, Ceramidas, Ácido Ferúlico",106.04
158,SunShield 61,Mixta,"Retinol, Glicerina, Ácido Láctico, Avena Coloidal",73.9
159,NightCare 48,Madura,"Zinc, Vitamina C, Ácido Ferúlico",70.14
160,Glow Serum 204,Mixta,"Ácido Láctico, Vitamina C, Niacinamida, Urea",18.18
161,SunShield 59,Grasa,"Ácido Salicílico, Ácido Hialurónico, Ácido Ferúlico, Agua Termal",90.82
162,NutriGlow 85,Sensible,"Ceramidas, Ácido Láctico, Peptidos",101.43
163,UltraSmooth 203,Mixta,"Ácido Láctico, Ácido Ferúlico, Aceite de Jojoba, Ceramidas",61.12
164,Aqua Balm 190,Seca,"Ácido Ferúlico, Zinc",170.03
165,Fresh Dew 113,Acneica,"Pantenol, Niacinamida, Ceramidas, Ácido Hialurónico",128.29
166,Aqua Balm 237,Normal,"Pantenol, Peptidos, Ácido Hialurónico, Urea",43.56
167,Hydra Boost 261,Sensible,"Avena Coloidal, Niacinamida, Retinol, Vitamina C",24.18
168,NightCare 294,Acneica,"Zinc, Ácido Ferúlico",52.41
169,Silky Touch 178,Grasa,"Retinol, Avena Coloidal, Aloe Vera",67.48
170,Clear Skin 204,Todo tipo,"Aceite de Jojoba, Aloe Vera",74.01
171,CeraPlus 34,Todo tipo,"Ceramidas, Extracto de Té Verde, Pantenol, Ácido Hialurónico",132.79
172,OilControl 41,Grasa,"Agua Termal, Zinc",197.39
173,OilControl 219,Seca,"Ceramidas, Ácido Ferúlico, Ácido Salicílico",47.65
174,SunShield 261,Normal,"Ácido Salicílico, Extracto de Té Verde",170.41
175,Hydra Boost 168,Mixta,"Retinol, Agua Termal",79.68
176,Fresh Dew 78,Todo tipo,"Zinc, Urea, Ácido Láctico, Aceite de Jojoba",76.06
177,Hydra Boost 164,Sensible,"Niacinamida, Aceite de Jojoba",188.93
178,BrightFix 207,Todo tipo,"Pantenol, Ácido Salicílico, Agua Termal, Aceite de Jojoba",128.84
179,AcneFree 292,Normal,"Peptidos, Extracto de Té Verde",116.59
180,NightCare 257,Acneica,"Ácido Ferúlico, Vitamina C, Glicerina",177.82
181,RegenX 201,Todo tipo,"Glicerina, Aceite de Jojoba, Niacinamida",115.55
182,Daily Moist 74,Normal,"Agua Termal, Ácido Láctico, Vitamina C, Aloe Vera",163.56
183,SunShield 76,Seca,"Aloe Vera, Ácido Láctico, Ácido Salicílico",42.97
184,RegenX 254,Grasa,"Ácido Hialurónico, Zinc",122.51
185,Hydra Boost 218,Seca,"Aloe Vera, Urea, Manteca de Karité, Glicerina",191.24
186,Hydra Boost 31,Sensible,"Avena Coloidal, Extracto de Té Verde, Peptidos, Ácido Hialurónico",45.33
187,Daily Moist 237,Acneica,"Zinc, Glicerina",185.52
188,UltraSmooth 39,Mixta,"Ácido Salicílico, Manteca de Karité",118.62
189,NutriGlow 94,Todo tipo,"Ácido Láctico, Aloe Vera, Ácido Salicílico",115.74
190,Aqua Balm 155,Seca,"Ácido Ferúlico, Aceite de Jojoba, Aloe Vera, Pantenol",146.04
191,UltraSmooth 126,Mixta,"Extracto de Té Verde, Niacinamida, Glicerina",171.8
192,AcneFree 150,Grasa,"Ácido Hialurónico, Peptidos",58.95
193,AgeDefy 176,Todo tipo,"Avena Coloidal, Zinc, Extracto de Té Verde, Vitamina C",177.41
194,RegenX 245,Madura,"Manteca de Karité, Vitamina C, Pantenol, Ácido Salicílico",12.77
195,Radiant Day 172,Mixta,"Pantenol, Zinc, Urea",156.09
196,NightCare 253,Mixta,"Ácido Hialurónico, Vitamina C, Ácido Salicílico, Ceramidas",111.03
197,Radiant Day 143,Sensible,"Peptidos, Aloe Vera",34.17
198,OilControl 127,Todo tipo,"Ácido Hialurónico, Aceite de Jojoba",76.88
199,AcneFree 163,Seca,"Ceramidas, Agua Termal, Ácido Hialurónico, Ácido Láctico",85.6
200,AgeDefy 291,Grasa,"Agua Termal, Peptidos",167.13
201,Glow Serum 190,Seca,"Niacinamida, Ceramidas",20.87
202,AcneFree 103,Madura,"Niacinamida, Agua Termal, Manteca de Karité",17.19
203,Aqua Balm 99,Acneica,"Ácido Hialurónico, Aloe Vera",61.34
204,RegenX 106,Todo tipo,"Glicerina, Ceramidas, Manteca de Karité",147.83
205,OilControl 110,Seca,"Vitamina C, Ácido Hialurónico, Aceite de Jojoba, Glicerina",32.41
206,Daily Moist 258,Grasa,"Aceite de Jojoba, Vitamina C",178.9
207,BrightFix 130,Sensible,"Agua Termal, Zinc",181.1
208,NutriGlow 180,Todo tipo,"Ácido Hialurónico, Ceramidas, Peptidos, Ácido Salicílico",130.98
209,AgeDefy 54,Madura,"Ceramidas, Ácido Hialurónico, Ácido Salicílico",93.07
210,Silky Touch 282,Acneica,"Ácido Láctico, Ácido Hialurónico, Ácido Ferúlico, Extracto de Té Verde",67.65
211,Hydra Boost 277,Madura,"Zinc, Manteca de Karité",170.86
212,NightCare 112,Seca,"Pantenol, Extracto de Té Verde, Vitamina C, Niacinamida",44.56
213,Glow Serum 26,Todo tipo,"Manteca de Karité, Peptidos, Ácido Láctico",63.8
214,NutriGlow 78,Madura,"Glicerina, Zinc, Ácido Láctico",190.46
215,Fresh Dew 85,Madura,"Ácido Salicílico, Aceite de Jojoba",188.54
216,Aqua Balm 65,Acneica,"Ácido Salicílico, Niacinamida, Retinol, Agua Termal",173.22
217,SunShield 106,Todo tipo,"Urea, Aceite de Jojoba",122.81
218,Glow Serum 39,Seca,"Ceramidas, Agua Termal, Niacinamida, Zinc",196.79
219,RegenX 157,Madura,"Peptidos, Extracto de Té Verde",139.9
220,DermaFix 238,Normal,"Vitamina C, Aloe Vera, Niacinamida",89.24
221,UltraSmooth 269,Sensible,"Pantenol, Ácido Hialurónico, Niacinamida, Ácido Ferúlico",128.3
222,DermaFix 238,Normal,"Ácido Láctico, Retinol",106.32
223,SkinPure 68,Grasa,"Pantenol, Vitamina C, Ácido Láctico",20.91
224,SkinPure 84,Grasa,"Extracto de Té Verde, Aloe Vera",154.6
225,SkinPure 176,Normal,"Aloe Vera, Ácido Hialurónico",37.51
226,NutriGlow 280,Mixta,"Manteca de Karité, Ácido Hialurónico",163.28
227,OilControl 167,Normal,"Pantenol, Peptidos, Ácido Láctico, Ácido Hialurónico",191.65
228,Aqua Balm 25,Madura,"Peptidos, Agua Termal, Ácido Salicílico, Extracto de Té Verde",45.35
229,DermaFix 255,Sensible,"Aloe Vera, Peptidos, Zinc",132.67
230,SkinPure 118,Seca,"Extracto de Té Verde, Zinc, Agua Termal",26.3
231,AgeDefy 241,Mixta,"Ácido Salicílico, Extracto de Té Verde, Glicerina",179.42
232,Clear Skin 291,Todo tipo,"Pantenol, Urea, Agua Termal",112.89
233,NutriGlow 122,Acneica,"Avena Coloidal, Urea, Ácido Salicílico, Vitamina C",31.97
234,Radiant Day 183,Normal,"Vitamina C, Aceite de Jojoba, Ácido Salicílico",101.72
235,Silky Touch 101,Grasa,"Pantenol, Ácido Láctico",92.46
236,Daily Moist 152,Normal,"Niacinamida, Pantenol",105.11
237,AgeDefy 166,Mixta,"Ácido Salicílico, Manteca de Karité",72.16
238,OilControl 172,Seca,"Ácido Hialurónico, Ácido Ferúlico, Pantenol",146.21
239,Silky Touch 86,Mixta,"Urea, Vitamina C",133.01
240,UltraSmooth 84,Sensible,"Zinc, Aceite de Jojoba, Extracto de Té Verde",28.3
241,UltraSmooth 212,Mixta,"Aloe Vera, Manteca de Karité, Ácido Ferúlico, Pantenol",191.15
242,SkinPure 56,Grasa,"Zinc, Ácido Láctico, Glicerina",166.75
243,Clear Skin 72,Normal,"Extracto de Té Verde, Urea, Ceramidas, Ácido Hialurónico",164.44
244,Daily Moist 77,Mixta,"Agua Termal, Retinol",179.88
245,AgeDefy 267,Grasa,"Aloe Vera, Extracto de Té Verde",26.62
246,Glow Serum 207,Todo tipo,"Pantenol, Avena Coloidal, Urea, Ácido Hialurónico",157.37
247,AcneFree 156,Mixta,"Niacinamida, Agua Termal",80.51
248,Glow Serum 81,Mixta,"Manteca de Karité, Zinc, Agua Termal, Urea",77.0
249,Glow Serum 131,Acneica,"Ácido Salicílico, Niacinamida, Pantenol",153.74
250,DermaFix 20,Seca,"Peptidos, Ceramidas, Pantenol",49.97
251,AgeDefy 15,Madura,"Urea, Pantenol",51.61
252,SunShield 166,Madura,"Pantenol, Ácido Salicílico",43.32
253,SkinPure 124,Mixta,"Ácido Ferúlico, Manteca de Karité, Avena Coloidal",156.05
254,RegenX 214,Sensible,"Glicerina, Manteca de Karité, Ceramidas, Aceite de Jojoba",181.23
255,Aqua Balm 132,Madura,"Ácido Hialurónico, Manteca de Karité",109.88
256,Hydra Boost 164,Todo tipo,"Extracto de Té Verde, Aceite de Jojoba, Niacinamida, Agua Termal",60.82
257,Aqua Balm 110,Acneica,"Avena Coloidal, Glicerina, Aceite de Jojoba, Pantenol",191.76
258,Daily Moist 19,Acneica,"Vitamina C, Ácido Ferúlico, Niacinamida",8.27
259,Silky Touch 139,Grasa,"Ceramidas, Ácido Ferúlico, Vitamina C, Agua Termal",107.75
260,OilControl 57,Todo tipo,"Zinc, Aloe Vera, Glicerina, Extracto de Té Verde",36.88
261,Clear Skin 273,Acneica,"Aceite de Jojoba, Ácido Hialurónico, Aloe Vera",92.1
262,Hydra Boost 149,Mixta,"Ácido Hialurónico, Ceramidas, Manteca de Karité, Retinol",158.25
263,BrightFix 286,Seca,"Aceite de Jojoba, Extracto de Té Verde, Glicerina",125.84
264,Silky Touch 164,Todo tipo,"Ácido Láctico, Extracto de Té Verde, Retinol",150.46
265,UltraSmooth 174,Sensible,"Extracto de Té Verde, Ácido Láctico, Ceramidas",47.37
266,Radiant Day 196,Grasa,"Pantenol, Urea, Zinc",55.82
267,NutriGlow 86,Grasa,"Avena Coloidal, Ácido Ferúlico, Aloe Vera, Glicerina",125.68
268,OilControl 152,Sensible,"Aloe Vera, Urea",140.88
269,Daily Moist 273,Mixta,"Agua Termal, Manteca de Karité, Zinc, Ácido Hialurónico",125.88
270,Glow Serum 236,Mixta,"Extracto de Té Verde, Glicerina, Avena Coloidal, Peptidos",173.77
271,AcneFree 246,Normal,"Pantenol, Ácido Salicílico, Urea",174.98
272,DermaFix 184,Grasa,"Ceramidas, Peptidos, Ácido Hialurónico",77.3
273,Clear Skin 65,Todo tipo,"Ceramidas, Zinc",131.77
274,Radiant Day 186,Grasa,"Ácido Hialurónico, Retinol",80.31
275,OilControl 282,Mixta,"Ceramidas, Agua Termal",96.95
276,AcneFree 1,Normal,"Extracto de Té Verde, Vitamina C, Pantenol",95.77
277,CeraPlus 248,Seca,"Manteca de Karité, Avena Coloidal",98.14
278,Daily Moist 179,Acneica,"Extracto de Té Verde, Aloe Vera, Ácido Hialurónico, Niacinamida",124.73
279,NutriGlow 24,Mixta,"Ácido Salicílico, Ácido Hialurónico",26.79
280,NightCare 22,Sensible,"Ácido Hialurónico, Glicerina, Aceite de Jojoba, Zinc",6.78
281,CeraPlus 23,Mixta,"Peptidos, Vitamina C, Ácido Hialurónico, Ácido Ferúlico",145.89
282,Silky Touch 263,Normal,"Ácido Salicílico, Urea, Manteca de Karité",107.58
283,Daily Moist 113,Todo tipo,"Pantenol, Vitamina C, Ácido Salicílico",142.76
284,Radiant Day 88,Acneica,"Ácido Láctico, Extracto de Té Verde, Vitamina C, Agua Termal",10.07
285,AgeDefy 43,Normal,"Ceramidas, Glicerina, Extracto de Té Verde, Aceite de Jojoba",49.53
286,Silky Touch 256,Acneica,"Ácido Hialurónico, Ácido Salicílico",145.65
287,Daily Moist 268,Madura,"Retinol, Ácido Hialurónico, Ácido Láctico, Ácido Ferúlico",68.6
288,BrightFix 168,Normal,"Vitamina C, Ácido Hialurónico",165.63
289,Glow Serum 6,Normal,"Niacinamida, Extracto de Té Verde, Agua Termal, Ácido Salicílico",135.81
290,CeraPlus 284,Mixta,"Ácido Ferúlico, Ceramidas, Ácido Salicílico",19.86
291,Radiant Day 198,Sensible,"Avena Coloidal, Urea",57.52
292,NutriGlow 45,Mixta,"Ácido Salicílico, Aceite de Jojoba",47.14
293,RegenX 85,Normal,"Extracto de Té Verde, Urea, Retinol, Ceramidas",199.59
294,AcneFree 30,Sensible,"Ácido Hialurónico, Avena Coloidal",52.29
295,SunShield 181,Normal,"Ácido Hialurónico, Zinc",77.22
296,RegenX 215,Sensible,"Manteca de Karité, Ácido Ferúlico, Ácido Láctico, Agua Termal",37.81
297,Hydra Boost 133,Grasa,"Pantenol, Retinol",54.47
298,Daily Moist 261,Normal,"Aceite de Jojoba, Aloe Vera, Agua Termal, Extracto de Té Verde",19.93
299,RegenX 107,Grasa,"Ceramidas, Retinol, Glicerina",161.9
300,RegenX 26,Seca,"Manteca de Karité, Peptidos, Extracto de Té Verde",32.89
301,Glow Serum 39,Grasa,"Manteca de Karité, Urea",197.57
302,UltraSmooth 183,Madura,"Ácido Hialurónico, Vitamina C, Niacinamida, Agua Termal",7.0
303,NutriGlow 31,Grasa,"Niacinamida, Aloe Vera, Urea",192.66
304,Fresh Dew 35,Seca,"Aceite de Jojoba, Extracto de Té Verde",173.17
305,SkinPure 69,Sensible,"Ácido Salicílico, Extracto de Té Verde, Niacinamida",45.94
306,NutriGlow 106,Grasa,"Aloe Vera, Retinol, Niacinamida",196.88
307,AgeDefy 109,Mixta,"Aceite de Jojoba, Retinol, Urea",193.1
308,RegenX 239,Madura,"Niacinamida, Ácido Hialurónico, Zinc",100.66
309,Glow Serum 155,Acneica,"Glicerina, Ácido Hialurónico",108.32
310,Aqua Balm 104,Todo tipo,"Aceite de Jojoba, Glicerina",114.28
311,Aqua Balm 170,Acneica,"Niacinamida, Peptidos",75.44
312,NutriGlow 31,Madura,"Agua Termal, Niacinamida, Ácido Láctico, Aloe Vera",11.44
313,OilControl 284,Todo tipo,"Zinc, Urea, Ceramidas, Ácido Salicílico",177.8
314,Fresh Dew 148,Todo tipo,"Aceite de Jojoba, Ácido Salicílico, Aloe Vera",131.69
315,BrightFix 114,Mixta,"Ceramidas, Manteca de Karité, Ácido Hialurónico, Urea",115.69
316,NightCare 179,Sensible,"Ácido Ferúlico, Extracto de Té Verde",35.6
317,Aqua Balm 250,Normal,"Vitamina C, Extracto de Té Verde, Ácido Ferúlico",125.33
318,Fresh Dew 49,Mixta,"Peptidos, Aceite de Jojoba, Urea",94.19
319,DermaFix 271,Normal,"Niacinamida, Avena Coloidal, Ácido Salicílico",16.71
320,UltraSmooth 204,Seca,"Retinol, Pantenol",32.75
321,NutriGlow 163,Normal,"Vitamina C, Manteca de Karité, Agua Termal, Peptidos",9.13
322,BrightFix 243,Todo tipo,"Aceite de Jojoba, Aloe Vera",34.97
323,Clear Skin 182,Acneica,"Aceite de Jojoba, Pantenol, Avena Coloidal, Ácido Ferúlico",13.16
324,Radiant Day 193,Seca,"Retinol, Manteca de Karité",130.79
325,OilControl 225,Sensible,"Ácido Hialurónico, Vitamina C",104.45
326,Hydra Boost 45,Grasa,"Ácido Salicílico, Avena Coloidal",159.96
327,NightCare 88,Grasa,"Niacinamida, Ácido Láctico, Peptidos, Ácido Ferúlico",131.21
328,Glow Serum 178,Mixta,"Ácido Láctico, Avena Coloidal, Ácido Ferúlico, Niacinamida",61.32
329,DermaFix 19,Todo tipo,"Manteca de Karité, Avena Coloidal, Extracto de Té Verde",143.41
330,SkinPure 130,Todo tipo,"Zinc, Retinol",40.47
331,Silky Touch 235,Madura,"Ácido Salicílico, Pantenol, Manteca de Karité, Ácido Láctico",94.5
332,OilControl 299,Seca,"Aceite de Jojoba, Ácido Salicílico, Peptidos, Urea",124.82
333,DermaFix 253,Todo tipo,"Aceite de Jojoba, Pantenol, Manteca de Karité, Ácido Ferúlico",190.45
334,Daily Moist 167,Normal,"Glicerina, Peptidos, Agua Termal, Urea",160.11
335,NutriGlow 72,Todo tipo,"Ácido Hialurónico, Urea, Agua Termal, Ceramidas",175.24
336,SunShield 180,Grasa,"Peptidos, Vitamina C",160.48
337,SkinPure 286,Todo tipo,"Urea, Agua Termal, Avena Coloidal, Ácido Salicílico",91.86
338,Radiant Day 174,Madura,"Peptidos, Avena Coloidal, Ceramidas",134.98
339,Silky Touch 57,Todo tipo,"Urea, Ácido Ferúlico, Avena Coloidal, Aloe Vera",8.51
340,UltraSmooth 202,Todo tipo,"Vitamina C, Aloe Vera",61.67
341,NutriGlow 213,Acneica,"Niacinamida, Ácido Ferúlico",80.75
342,DermaFix 77,Madura,"Ácido Salicílico, Aloe Vera, Aceite de Jojoba",104.55
343,BrightFix 198,Mixta,"Ceramidas, Manteca de Karité, Vitamina C",187.64
344,Fresh Dew 262,Mixta,"Niacinamida, Peptidos",72.52
345,SunShield 262,Mixta,"Ácido Ferúlico, Vitamina C, Pantenol",147.38
346,SkinPure 134,Sensible,"Niacinamida, Ácido Ferúlico",197.41
347,Glow Serum 146,Mixta,"Ácido Ferúlico, Ácido Hialurónico, Agua Termal",64.19
348,AcneFree 225,Madura,"Vitamina C, Niacinamida, Extracto de Té Verde, Zinc",43.24
349,NightCare 65,Seca,"Pantenol, Glicerina, Ácido Salicílico, Vitamina C",79.33
350,Clear Skin 293,Sensible,"Ácido Salicílico, Manteca de Karité",100.26
351,SkinPure 107,Todo tipo,"Vitamina C, Retinol, Extracto de Té Verde, Ácido Salicílico",68.94
352,AcneFree 136,Sensible,"Aloe Vera, Avena Coloidal, Retinol",121.54
353,Aqua Balm 127,Todo tipo,"Ácido Salicílico, Aceite de Jojoba",42.79
354,Clear Skin 147,Grasa,"Urea, Ácido Láctico",8.29
355,CeraPlus 53,Grasa,"Ácido Salicílico, Manteca de Karité, Glicerina",98.16
356,RegenX 154,Seca,"Agua Termal, Pantenol",93.5
357,CeraPlus 63,Normal,"Pantenol, Retinol",161.66
358,NutriGlow 90,Grasa,"Ceramidas, Avena Coloidal, Aceite de Jojoba",139.93
359,Hydra Boost 78,Todo tipo,"Ácido Ferúlico, Vitamina C, Glicerina, Peptidos",25.77
360,BrightFix 104,Madura,"Extracto de Té Verde, Vitamina C",140.64
361,NutriGlow 256,Grasa,"Aloe Vera, Glicerina, Ácido Ferúlico",20.57
362,DermaFix 138,Seca,"Extracto de Té Verde, Aceite de Jojoba, Vitamina C",96.2
363,Clear Skin 123,Grasa,"Aloe Vera, Ácido Ferúlico, Ácido Salicílico, Manteca de Karité",162.27
364,UltraSmooth 179,Todo tipo,"Pantenol, Retinol",107.92
365,SunShield 151,Mixta,"Vitamina C, Extracto de Té Verde, Ácido Ferúlico",177.75
366,DermaFix 265,Mixta,"Agua Termal, Ácido Ferúlico",144.55
367,SunShield 184,Mixta,"Aceite de Jojoba, Avena Coloidal",116.94
368,UltraSmooth 158,Acneica,"Ácido Láctico, Retinol",85.11
369,Fresh Dew 25,Grasa,"Manteca de Karité, Peptidos, Ceramidas",156.6
370,Daily Moist 152,Grasa,"Zinc, Urea, Ácido Salicílico, Pantenol",76.99
371,NightCare 20,Normal,"Peptidos, Ácido Salicílico, Glicerina",130.57
372,Daily Moist 148,Grasa,"Manteca de Karité, Aceite de Jojoba, Ácido Ferúlico",81.55
373,SunShield 169,Mixta,"Avena Coloidal, Pantenol",22.03
374,AgeDefy 8,Normal,"Retinol, Vitamina C",87.58
375,Radiant Day 159,Mixta,"Ácido Ferúlico, Ceramidas",173.57
376,AgeDefy 275,Acneica,"Agua Termal, Avena Coloidal, Ácido Ferúlico, Peptidos",32.26
377,Silky Touch 33,Mixta,"Agua Termal, Aloe Vera",30.49
378,AcneFree 244,Grasa,"Peptidos, Aceite de Jojoba, Urea, Retinol",133.62
379,Fresh Dew 134,Madura,"Urea, Ácido Ferúlico",111.63
380,Aqua Balm 235,Normal,"Aloe Vera, Pantenol",189.73
381,RegenX 207,Sensible,"Aloe Vera, Retinol, Ácido Ferúlico",57.41
382,Clear Skin 179,Seca,"Ácido Salicílico, Urea, Aloe Vera",20.2
383,Fresh Dew 14,Grasa,"Glicerina, Agua Termal, Aloe Vera",7.43
384,Fresh Dew 232,Seca,"Pantenol, Ácido Hialurónico",84.51
385,Daily Moist 278,Madura,"Retinol, Ceramidas",84.4
386,DermaFix 213,Todo tipo,"Agua Termal, Peptidos",113.5
387,AgeDefy 206,Grasa,"Zinc, Retinol",83.41
388,AgeDefy 246,Normal,"Urea, Ácido Ferúlico, Manteca de Karité, Zinc",102.35
389,Aqua Balm 88,Todo tipo,"Manteca de Karité, Vitamina C, Aceite de Jojoba",130.61
390,Glow Serum 224,Todo tipo,"Aloe Vera, Ceramidas",37.46
391,Aqua Balm 253,Mixta,"Extracto de Té Verde, Peptidos",148.59
392,Daily Moist 160,Seca,"Vitamina C, Ácido Salicílico, Ácido Láctico, Ácido Hialurónico",190.27
393,NutriGlow 277,Normal,"Ácido Salicílico, Urea",183.09
394,Glow Serum 32,Mixta,"Aloe Vera, Ceramidas, Agua Termal",82.8
395,CeraPlus 60,Sensible,"Ácido Salicílico, Avena Coloidal, Aloe Vera",64.41
396,RegenX 153,Normal,"Niacinamida, Ácido Ferúlico, Peptidos, Zinc",153.87
397,Hydra Boost 249,Sensible,"Niacinamida, Agua Termal",56.15
398,SkinPure 133,Mixta,"Aceite de Jojoba, Ceramidas, Urea",160.46
399,Aqua Balm 114,Seca,"Zinc, Peptidos",166.13
400,BrightFix 83,Normal,"Aceite de Jojoba, Ácido Ferúlico",120.21
401,NutriGlow 76,Seca,"Ceramidas, Extracto de Té Verde, Niacinamida",177.8
402,Clear Skin 167,Normal,"Ácido Hialurónico, Zinc, Avena Coloidal, Peptidos",45.06
403,NightCare 274,Acneica,"Agua Termal, Ácido Hialurónico, Aloe Vera",196.83
404,RegenX 75,Mixta,"Ácido Salicílico, Aloe Vera, Zinc, Agua Termal",81.39
405,Radiant Day 249,Mixta,"Pantenol, Niacinamida, Zinc, Vitamina C",34.42
406,AgeDefy 282,Sensible,"Niacinamida, Aloe Vera, Retinol",123.29
407,OilControl 261,Grasa,"Niacinamida, Zinc, Vitamina C, Extracto de Té Verde",83.62
408,Silky Touch 220,Todo tipo,"Retinol, Extracto de Té Verde, Ceramidas, Vitamina C",174.78
409,AcneFree 152,Grasa,"Avena Coloidal, Aloe Vera, Manteca de Karité",157.19
410,SunShield 287,Acneica,"Ácido Láctico, Aloe Vera, Vitamina C",194.36
411,NightCare 28,Madura,"Aceite de Jojoba, Avena Coloidal, Aloe Vera, Retinol",147.91
412,AgeDefy 149,Mixta,"Aceite de Jojoba, Ácido Hialurónico, Zinc, Ácido Ferúlico",133.35
413,Hydra Boost 130,Grasa,"Aceite de Jojoba, Urea, Manteca de Karité, Zinc",159.82
414,Clear Skin 192,Madura,"Peptidos, Ácido Hialurónico",66.74
415,SkinPure 98,Madura,"Ácido Láctico, Extracto de Té Verde, Retinol, Zinc",132.58
416,CeraPlus 152,Grasa,"Pantenol, Agua Termal",160.5
417,UltraSmooth 165,Seca,"Extracto de Té Verde, Aloe Vera",172.83
418,CeraPlus 296,Sensible,"Aceite de Jojoba, Extracto de Té Verde",103.46
419,DermaFix 126,Acneica,"Aloe Vera, Ceramidas, Niacinamida, Agua Termal",13.3
420,Daily Moist 143,Sensible,"Ácido Láctico, Peptidos, Glicerina, Aceite de Jojoba",35.68
421,NutriGlow 222,Grasa,"Agua Termal, Retinol, Ácido Salicílico, Aceite de Jojoba",113.56
422,Clear Skin 292,Seca,"Agua Termal, Aloe Vera, Ácido Salicílico",75.68
423,NightCare 282,Mixta,"Ácido Láctico, Agua Termal",126.51
424,AgeDefy 237,Todo tipo,"Peptidos, Zinc",152.14
425,Radiant Day 123,Madura,"Manteca de Karité, Urea, Pantenol, Vitamina C",17.01
426,Glow Serum 267,Sensible,"Ácido Hialurónico, Ácido Salicílico, Urea",116.33
427,Aqua Balm 109,Sensible,"Vitamina C, Aceite de Jojoba, Ácido Láctico",78.04
428,NightCare 296,Madura,"Niacinamida, Zinc, Extracto de Té Verde",119.54
429,CeraPlus 286,Acneica,"Ácido Ferúlico, Ácido Salicílico, Avena Coloidal, Manteca de Karité",95.67
430,AcneFree 116,Acneica,"Aceite de Jojoba, Extracto de Té Verde, Agua Termal, Manteca de Karité",59.81
431,OilControl 92,Seca,"Urea, Ácido Láctico",30.51
432,AgeDefy 153,Normal,"Ácido Hialurónico, Pantenol",119.64
433,Fresh Dew 246,Madura,"Urea, Ceramidas, Ácido Salicílico",164.46
434,SunShield 229,Sensible,"Agua Termal, Aloe Vera, Peptidos",49.57
435,Glow Serum 154,Grasa,"Ácido Láctico, Avena Coloidal, Aloe Vera",16.67
436,Hydra Boost 235,Acneica,"Urea, Ceramidas, Peptidos",137.12
437,OilControl 59,Grasa,"Aceite de Jojoba, Ácido Láctico, Retinol",184.81
438,DermaFix 182,Madura,"Glicerina, Agua Termal, Niacinamida, Retinol",138.91
439,BrightFix 283,Sensible,"Ceramidas, Glicerina, Ácido Salicílico",19.68
440,NightCare 145,Normal,"Ácido Salicílico, Glicerina, Zinc, Ceramidas",195.37
441,Aqua Balm 228,Madura,"Peptidos, Aceite de Jojoba, Zinc",169.56
442,Hydra Boost 230,Todo tipo,"Aloe Vera, Manteca de Karité",16.61
443,SunShield 84,Acneica,"Peptidos, Extracto de Té Verde, Ceramidas, Urea",38.33
444,Radiant Day 258,Sensible,"Peptidos, Agua Termal",146.44
445,Daily Moist 139,Normal,"Glicerina, Niacinamida",51.14
446,SkinPure 87,Madura,"Ácido Hialurónico, Urea, Ácido Salicílico, Glicerina",151.05
447,Silky Touch 151,Todo tipo,"Aloe Vera, Ácido Hialurónico, Ceramidas, Extracto de Té Verde",128.45
448,Radiant Day 182,Grasa,"Aceite de Jojoba, Aloe Vera, Ácido Hialurónico",153.73
449,Glow Serum 150,Seca,"Ácido Hialurónico, Pantenol",149.57
450,OilControl 174,Mixta,"Agua Termal, Glicerina, Peptidos, Niacinamida",135.81
451,NutriGlow 252,Madura,"Peptidos, Aloe Vera, Pantenol, Ácido Láctico",13.72
452,Radiant Day 199,Seca,"Retinol, Agua Termal",35.46
453,UltraSmooth 157,Normal,"Aceite de Jojoba, Glicerina, Pantenol, Ácido Salicílico",6.93
454,NightCare 294,Madura,"Peptidos, Ceramidas, Glicerina, Ácido Ferúlico",165.25
455,AcneFree 26,Seca,"Niacinamida, Peptidos",189.23
456,AcneFree 213,Todo tipo,"Ácido Hialurónico, Ácido Ferúlico, Peptidos, Niacinamida",185.69
457,NightCare 297,Seca,"Zinc, Pantenol",92.5
458,NutriGlow 206,Normal,"Ácido Salicílico, Manteca de Karité, Niacinamida, Extracto de Té Verde",136.78
459,UltraSmooth 254,Normal,"Urea, Ácido Hialurónico",188.81
460,Glow Serum 59,Seca,"Zinc, Ácido Hialurónico",72.15
461,Silky Touch 152,Todo tipo,"Agua Termal, Ceramidas, Vitamina C",48.26
462,DermaFix 196,Seca,"Retinol, Ceramidas",60.73
463,DermaFix 277,Grasa,"Manteca de Karité, Ácido Láctico, Urea",61.57
464,Glow Serum 121,Todo tipo,"Ceramidas, Niacinamida, Peptidos, Aloe Vera",160.07
465,Hydra Boost 197,Normal,"Retinol, Ácido Salicílico, Manteca de Karité, Aloe Vera",29.31
466,SunShield 254,Seca,"Ceramidas, Niacinamida, Manteca de Karité, Avena Coloidal",36.14
467,SunShield 180,Todo tipo,"Aloe Vera, Aceite de Jojoba",123.61
468,AgeDefy 212,Todo tipo,"Niacinamida, Ceramidas, Avena Coloidal, Peptidos",30.95
469,Fresh Dew 264,Sensible,"Aceite de Jojoba, Zinc, Pantenol, Manteca de Karité",87.6
470,RegenX 222,Seca,"Glicerina, Niacinamida, Extracto de Té Verde, Ácido Salicílico",193.07
471,OilControl 269,Todo tipo,"Urea, Manteca de Karité",65.94
472,DermaFix 100,Sensible,"Ceramidas, Aceite de Jojoba, Ácido Hialurónico",111.77
473,Hydra Boost 228,Mixta,"Retinol, Aloe Vera, Extracto de Té Verde, Ácido Salicílico",151.33
474,Silky Touch 32,Grasa,"Zinc, Avena Coloidal",66.57
475,Daily Moist 45,Todo tipo,"Ácido Láctico, Niacinamida, Ácido Hialurónico, Zinc",105.94
476,SunShield 69,Normal,"Niacinamida, Glicerina, Pantenol",192.5
477,CeraPlus 221,Seca,"Agua Termal, Pantenol, Peptidos, Zinc",131.71
478,RegenX 210,Normal,"Avena Coloidal, Ácido Láctico, Ácido Salicílico, Ceramidas",100.22
479,NutriGlow 8,Grasa,"Aloe Vera, Ácido Salicílico, Peptidos",42.54
480,DermaFix 154,Normal,"Aloe Vera, Aceite de Jojoba",23.23
481,Radiant Day 293,Acneica,"Extracto de Té Verde, Aloe Vera, Pantenol",121.14
482,NutriGlow 202,Madura,"Retinol, Niacinamida",190.77
483,AgeDefy 261,Todo tipo,"Niacinamida, Urea",162.28
484,Glow Serum 169,Seca,"Extracto de Té Verde, Ácido Salicílico, Manteca de Karité, Aceite de Jojoba",99.46
485,Silky Touch 262,Sensible,"Aceite de Jojoba, Avena Coloidal, Retinol, Agua Termal",173.26
486,NightCare 269,Seca,"Retinol, Ácido Láctico, Niacinamida",33.69
487,DermaFix 88,Todo tipo,"Ácido Salicílico, Avena Coloidal, Retinol",7.46
488,Silky Touch 88,Acneica,"Ceramidas, Aloe Vera",124.64
489,Radiant Day 245,Seca,"Extracto de Té Verde, Zinc",181.97
490,Silky Touch 211,Seca,"Aloe Vera, Pantenol",149.55
491,DermaFix 158,Grasa,"Vitamina C, Aceite de Jojoba, Ceramidas, Extracto de Té Verde",199.22
492,CeraPlus 143,Mixta,"Peptidos, Pantenol, Zinc, Glicerina",193.0
493,Radiant Day 192,Seca,"Peptidos, Agua Termal",138.18
494,AcneFree 266,Sensible,"Pantenol, Agua Termal, Ácido Salicílico, Glicerina",59.48
495,Hydra Boost 206,Acneica,"Zinc, Avena Coloidal, Glicerina, Ceramidas",168.7
496,Radiant Day 222,Madura,"Pantenol, Ácido Hialurónico, Glicerina",92.02
497,NutriGlow 31,Grasa,"Glicerina, Peptidos, Zinc",87.57
498,NutriGlow 269,Seca,"Vitamina C, Ceramidas, Manteca de Karité",157.26
499,Silky Touch 279,Todo tipo,"Ceramidas, Manteca de Karité, Zinc, Niacinamida",25.72
500,BrightFix 132,Seca,"Ácido Láctico, Retinol",51.66
501,Fresh Dew 161,Normal,"Zinc, Ácido Ferúlico, Urea, Aloe Vera",50.94
502,SunShield 19,Madura,"Vitamina C, Zinc",10.58
503,AcneFree 266,Madura,"Ácido Salicílico, Ácido Hialurónico, Extracto de Té Verde, Niacinamida",191.24
504,Aqua Balm 80,Mixta,"Ácido Láctico, Manteca de Karité, Glicerina",151.01
505,Glow Serum 32,Seca,"Vitamina C, Manteca de Karité, Aceite de Jojoba, Retinol",64.13
506,SkinPure 230,Todo tipo,"Extracto de Té Verde, Retinol, Ácido Ferúlico, Vitamina C",197.27
507,BrightFix 30,Normal,"Peptidos, Aloe Vera",140.22
508,Aqua Balm 56,Seca,"Extracto de Té Verde, Zinc, Vitamina C",89.48
509,AgeDefy 174,Grasa,"Ácido Hialurónico, Avena Coloidal",181.93
510,NightCare 127,Madura,"Ácido Láctico, Glicerina",69.23
511,Glow Serum 121,Mixta,"Ácido Salicílico, Aloe Vera, Urea, Pantenol",167.25
512,AcneFree 101,Sensible,"Ácido Ferúlico, Peptidos, Aloe Vera, Agua Termal",36.96
513,Hydra Boost 45,Grasa,"Aloe Vera, Glicerina, Urea",125.84
514,Aqua Balm 60,Acneica,"Vitamina C, Aloe Vera",157.54
515,BrightFix 90,Acneica,"Ácido Hialurónico, Niacinamida, Ácido Ferúlico",24.27
516,RegenX 285,Sensible,"Glicerina, Urea",87.29
517,SunShield 266,Madura,"Ácido Láctico, Ácido Ferúlico, Pantenol",99.97
518,CeraPlus 165,Grasa,"Agua Termal, Retinol",154.53
519,Radiant Day 6,Normal,"Glicerina, Ácido Hialurónico, Ácido Láctico, Manteca de Karité",170.74
520,SunShield 168,Madura,"Ácido Ferúlico, Avena Coloidal, Aceite de Jojoba",171.33
521,Silky Touch 72,Grasa,"Ceramidas, Urea, Ácido Ferúlico, Avena Coloidal",49.34
522,OilControl 274,Seca,"Ácido Ferúlico, Ácido Hialurónico, Vitamina C, Urea",143.44
523,NutriGlow 180,Normal,"Pantenol, Retinol, Ácido Hialurónico, Aceite de Jojoba",66.34
524,RegenX 63,Madura,"Pantenol, Ácido Ferúlico",135.21
525,Aqua Balm 142,Grasa,"Manteca de Karité, Aceite de Jojoba",22.16
526,BrightFix 261,Seca,"Avena Coloidal, Vitamina C",141.83
527,AcneFree 117,Todo tipo,"Ceramidas, Extracto de Té Verde, Aloe Vera, Agua Termal",12.27
528,CeraPlus 219,Madura,"Zinc, Avena Coloidal",157.14
529,NightCare 263,Grasa,"Agua Termal, Ácido Hialurónico, Avena Coloidal",84.45
530,NutriGlow 103,Todo tipo,"Ácido Salicílico, Ácido Ferúlico, Ácido Hialurónico",51.52
531,Silky Touch 278,Acneica,"Zinc, Retinol",196.51
532,SkinPure 157,Normal,"Vitamina C, Avena Coloidal, Pantenol, Aloe Vera",37.8
533,OilControl 90,Grasa,"Ácido Láctico, Peptidos, Retinol, Glicerina",161.57
534,DermaFix 261,Acneica,"Glicerina, Extracto de Té Verde",73.12
535,DermaFix 100,Todo tipo,"Agua Termal, Niacinamida, Ácido Láctico",124.26
536,OilControl 9,Todo tipo,"Avena Coloidal, Vitamina C",89.59
537,OilControl 142,Todo tipo,"Ácido Láctico, Urea, Agua Termal",134.9
538,UltraSmooth 111,Acneica,"Urea, Ácido Ferúlico",152.43
539,UltraSmooth 299,Mixta,"Ácido Láctico, Zinc",193.24
540,AgeDefy 66,Grasa,"Ácido Ferúlico, Vitamina C",73.98
541,NutriGlow 283,Todo tipo,"Ácido Hialurónico, Ácido Ferúlico, Aloe Vera",148.86
542,UltraSmooth 196,Seca,"Ácido Salicílico, Retinol, Vitamina C, Manteca de Karité",114.44
543,Glow Serum 95,Todo tipo,"Ácido Salicílico, Extracto de Té Verde, Peptidos, Niacinamida",71.89
544,NightCare 278,Normal,"Zinc, Pantenol, Niacinamida, Ácido Ferúlico",51.04
545,SkinPure 189,Sensible,"Aceite de Jojoba, Glicerina, Ácido Hialurónico, Ácido Ferúlico",68.82
546,Daily Moist 222,Seca,"Ácido Salicílico, Zinc, Ácido Láctico",51.66
547,Silky Touch 40,Grasa,"Ácido Hialurónico, Aceite de Jojoba, Manteca de Karité",99.47
548,Clear Skin 140,Todo tipo,"Ácido Láctico, Vitamina C, Niacinamida, Peptidos",177.23
549,AcneFree 199,Acneica,"Zinc, Manteca de Karité, Retinol",105.64
550,OilControl 226,Sensible,"Avena Coloidal, Ceramidas",53.14
551,Aqua Balm 159,Grasa,"Retinol, Aceite de Jojoba, Avena Coloidal",130.57
552,Clear Skin 272,Madura,"Manteca de Karité, Glicerina, Urea",118.98
553,CeraPlus 296,Todo tipo,"Pantenol, Ácido Salicílico, Ácido Láctico",119.27
554,Daily Moist 228,Sensible,"Pantenol, Ácido Salicílico, Aceite de Jojoba, Peptidos",87.72
555,Glow Serum 184,Normal,"Pantenol, Avena Coloidal, Glicerina",105.88
556,AcneFree 124,Normal,"Niacinamida, Extracto de Té Verde",108.78
557,Silky Touch 261,Sensible,"Zinc, Extracto de Té Verde",5.18
558,UltraSmooth 187,Seca,"Ácido Ferúlico, Pantenol",10.73
559,Glow Serum 137,Madura,"Vitamina C, Zinc, Ácido Hialurónico, Agua Termal",98.75
560,Hydra Boost 284,Seca,"Aceite de Jojoba, Avena Coloidal, Niacinamida, Pantenol",86.07
561,Radiant Day 108,Seca,"Urea, Aceite de Jojoba, Pantenol",94.88
562,NutriGlow 111,Grasa,"Glicerina, Agua Termal, Ácido Hialurónico",93.87
563,Aqua Balm 255,Madura,"Glicerina, Ácido Ferúlico, Extracto de Té Verde",33.54
564,Daily Moist 43,Todo tipo,"Peptidos, Vitamina C",26.04
565,Hydra Boost 277,Todo tipo,"Ceramidas, Aloe Vera, Ácido Salicílico",181.96
566,Clear Skin 271,Seca,"Ceramidas, Peptidos",115.57
567,DermaFix 178,Madura,"Peptidos, Manteca de Karité, Ácido Salicílico, Vitamina C",130.97
568,SunShield 80,Grasa,"Zinc, Pantenol, Manteca de Karité, Vitamina C",54.59
569,BrightFix 279,Normal,"Urea, Zinc, Vitamina C, Extracto de Té Verde",148.23
570,Silky Touch 256,Normal,"Aloe Vera, Urea",9.53
571,NightCare 167,Todo tipo,"Ácido Salicílico, Ácido Ferúlico, Ceramidas",38.39
572,NutriGlow 14,Todo tipo,"Avena Coloidal, Aloe Vera",17.19
573,Fresh Dew 51,Sensible,"Pantenol, Agua Termal, Ácido Ferúlico, Glicerina",131.71
574,Hydra Boost 282,Acneica,"Aceite de Jojoba, Ácido Hialurónico",56.52
575,Daily Moist 97,Normal,"Avena Coloidal, Ácido Láctico, Zinc",80.12
576,Radiant Day 100,Todo tipo,"Extracto de Té Verde, Ceramidas, Pantenol, Aceite de Jojoba",148.46
577,AgeDefy 253,Grasa,"Aloe Vera, Avena Coloidal, Ácido Hialurónico, Ácido Láctico",196.35
578,AgeDefy 276,Acneica,"Pantenol, Zinc, Ácido Ferúlico, Aceite de Jojoba",86.36
579,DermaFix 75,Todo tipo,"Glicerina, Avena Coloidal",93.14
580,Fresh Dew 282,Seca,"Extracto de Té Verde, Aloe Vera, Glicerina, Ácido Ferúlico",172.92
581,BrightFix 242,Acneica,"Zinc, Agua Termal, Pantenol, Avena Coloidal",185.99
582,Clear Skin 174,Normal,"Ácido Láctico, Pantenol, Ceramidas, Avena Coloidal",13.15
583,DermaFix 269,Sensible,"Vitamina C, Niacinamida",97.45
584,BrightFix 82,Seca,"Zinc, Peptidos, Glicerina",89.54
585,Fresh Dew 222,Sensible,"Aloe Vera, Ácido Hialurónico, Ceramidas, Avena Coloidal",192.99
586,Fresh Dew 287,Todo tipo,"Pantenol, Ácido Láctico, Aloe Vera",59.08
587,NutriGlow 215,Grasa,"Manteca de Karité, Ácido Ferúlico",69.71
588,Hydra Boost 149,Grasa,"Agua Termal, Ácido Hialurónico, Retinol",11.98
589,CeraPlus 255,Acneica,"Pantenol, Manteca de Karité, Ceramidas, Zinc",192.26
590,BrightFix 81,Acneica,"Niacinamida, Aloe Vera",27.98
591,RegenX 18,Acneica,"Niacinamida, Ácido Salicílico, Ácido Ferúlico",20.6
592,OilControl 102,Grasa,"Agua Termal, Ácido Salicílico, Manteca de Karité",87.45
593,RegenX 191,Grasa,"Avena Coloidal, Peptidos, Niacinamida",156.66
594,BrightFix 292,Madura,"Manteca de Karité, Zinc, Peptidos, Niacinamida",199.34
595,SunShield 219,Grasa,"Ácido Láctico, Agua Termal, Ácido Ferúlico, Aceite de Jojoba",46.58
596,Radiant Day 289,Madura,"Pantenol, Vitamina C, Niacinamida, Urea",107.93
597,Daily Moist 191,Mixta,"Aceite de Jojoba, Vitamina C, Niacinamida, Ácido Láctico",20.39
598,SunShield 208,Acneica,"Retinol, Glicerina, Ácido Salicílico",66.67
599,AgeDefy 240,Todo tipo,"Ácido Láctico, Manteca de Karité, Ácido Salicílico",171.74
600,AgeDefy 109,Acneica,"Aloe Vera, Urea, Ácido Ferúlico",72.85
601,BrightFix 132,Todo tipo,"Urea, Aloe Vera",45.59
602,UltraSmooth 297,Todo tipo,"Avena Coloidal, Peptidos",188.93
603,Hydra Boost 43,Sensible,"Glicerina, Ceramidas, Ácido Ferúlico",152.97
604,UltraSmooth 96,Seca,"Ácido Hialurónico, Ácido Láctico",47.93
605,NightCare 130,Sensible,"Glicerina, Extracto de Té Verde, Zinc",119.13
606,RegenX 28,Madura,"Niacinamida, Ceramidas",70.72
607,NutriGlow 23,Acneica,"Ácido Hialurónico, Ácido Ferúlico, Ceramidas",184.65
608,NightCare 280,Grasa,"Retinol, Ácido Ferúlico, Ácido Salicílico",177.45
609,DermaFix 276,Grasa,"Peptidos, Niacinamida, Retinol",89.4
610,Glow Serum 205,Normal,"Urea, Zinc",192.93
611,OilControl 97,Acneica,"Niacinamida, Ácido Salicílico, Aceite de Jojoba",138.21
612,Hydra Boost 275,Todo tipo,"Avena Coloidal, Vitamina C, Extracto de Té Verde",40.71
613,Glow Serum 274,Seca,"Ácido Salicílico, Pantenol",126.03
614,AcneFree 139,Todo tipo,"Ácido Láctico, Niacinamida, Avena Coloidal",10.58
615,AgeDefy 113,Acneica,"Ácido Salicílico, Aceite de Jojoba, Agua Termal, Ácido Ferúlico",99.2
616,DermaFix 170,Acneica,"Ácido Ferúlico, Ácido Láctico, Pantenol",70.43
617,SunShield 2,Acneica,"Extracto de Té Verde, Retinol, Ceramidas, Ácido Salicílico",54.93
618,Daily Moist 35,Madura,"Pantenol, Avena Coloidal, Aloe Vera",137.26
619,BrightFix 124,Grasa,"Aceite de Jojoba, Glicerina",6.53
620,Daily Moist 295,Acneica,"Zinc, Ácido Salicílico, Vitamina C, Ácido Láctico",79.46
621,AcneFree 71,Acneica,"Ácido Láctico, Peptidos, Avena Coloidal",73.04
622,Aqua Balm 174,Normal,"Zinc, Ácido Salicílico, Ácido Ferúlico",95.87
623,DermaFix 140,Madura,"Niacinamida, Urea",95.47
624,Aqua Balm 223,Normal,"Ácido Láctico, Ácido Ferúlico, Aceite de Jojoba",114.09
625,BrightFix 41,Mixta,"Glicerina, Ácido Hialurónico, Agua Termal, Zinc",106.06
626,BrightFix 68,Sensible,"Aceite de Jojoba, Aloe Vera",13.46
627,AgeDefy 46,Todo tipo,"Urea, Ácido Hialurónico, Niacinamida",75.17
628,NutriGlow 80,Grasa,"Retinol, Ácido Salicílico",31.56
629,AgeDefy 6,Seca,"Pantenol, Manteca de Karité",67.02
630,Daily Moist 211,Todo tipo,"Agua Termal, Ácido Ferúlico",155.22
631,OilControl 62,Sensible,"Ácido Láctico, Aceite de Jojoba",181.5
632,CeraPlus 142,Mixta,"Ácido Ferúlico, Ceramidas, Peptidos",151.18
633,Hydra Boost 154,Grasa,"Extracto de Té Verde, Glicerina",100.92
634,OilControl 31,Normal,"Ácido Láctico, Urea",161.38
635,Hydra Boost 156,Mixta,"Glicerina, Manteca de Karité, Peptidos, Extracto de Té Verde",75.62
636,OilControl 167,Grasa,"Extracto de Té Verde, Peptidos, Ceramidas, Ácido Salicílico",100.36
637,NightCare 297,Todo tipo,"Avena Coloidal, Pantenol",93.22
638,RegenX 281,Sensible,"Retinol, Avena Coloidal, Niacinamida, Ácido Ferúlico",126.69
639,NightCare 223,Madura,"Aceite de Jojoba, Zinc",47.19
640,SunShield 243,Sensible,"Ácido Hialurónico, Avena Coloidal, Peptidos, Ácido Láctico",76.04
641,Hydra Boost 180,Normal,"Vitamina C, Niacinamida, Avena Coloidal, Glicerina",120.23
642,NutriGlow 13,Sensible,"Ácido Hialurónico, Niacinamida, Agua Termal, Zinc",57.27
643,SkinPure 143,Madura,"Peptidos, Manteca de Karité, Extracto de Té Verde, Pantenol",21.45
644,SunShield 263,Sensible,"Ceramidas, Zinc",89.39
645,Radiant Day 210,Sensible,"Manteca de Karité, Peptidos, Extracto de Té Verde, Vitamina C",181.67
646,AgeDefy 193,Acneica,"Ácido Láctico, Ácido Salicílico, Ácido Ferúlico",100.09
647,Clear Skin 265,Acneica,"Vitamina C, Ceramidas, Pantenol, Aceite de Jojoba",171.06
648,DermaFix 270,Sensible,"Manteca de Karité, Aloe Vera, Retinol",157.53
649,SkinPure 298,Sensible,"Extracto de Té Verde, Glicerina, Peptidos, Ceramidas",59.71
650,DermaFix 267,Grasa,"Agua Termal, Manteca de Karité",49.83
651,Silky Touch 232,Grasa,"Ácido Hialurónico, Agua Termal, Retinol",131.87
652,RegenX 101,Grasa,"Ácido Hialurónico, Ácido Ferúlico",113.08
653,Glow Serum 235,Acneica,"Manteca de Karité, Ácido Hialurónico",145.11
654,NightCare 284,Grasa,"Avena Coloidal, Aceite de Jojoba, Urea, Niacinamida",19.81
655,Fresh Dew 266,Sensible,"Ácido Hialurónico, Retinol, Glicerina",68.93
656,Glow Serum 125,Sensible,"Extracto de Té Verde, Aceite de Jojoba, Zinc",172.7
657,Silky Touch 230,Madura,"Ácido Láctico, Vitamina C, Ácido Ferúlico",131.24
658,AcneFree 86,Todo tipo,"Vitamina C, Retinol, Niacinamida",142.28
659,UltraSmooth 264,Acneica,"Ácido Láctico, Urea, Vitamina C, Niacinamida",56.42
660,Daily Moist 194,Seca,"Manteca de Karité, Agua Termal",8.81
661,SunShield 172,Seca,"Avena Coloidal, Ácido Láctico, Glicerina, Vitamina C",12.1
662,Silky Touch 194,Normal,"Niacinamida, Urea, Glicerina",161.46
663,CeraPlus 45,Madura,"Retinol, Ácido Láctico, Vitamina C, Ácido Ferúlico",24.79
664,AgeDefy 234,Acneica,"Agua Termal, Urea, Vitamina C",167.06
665,Aqua Balm 264,Madura,"Manteca de Karité, Aloe Vera, Ácido Láctico",116.11
666,Radiant Day 271,Madura,"Ácido Ferúlico, Aloe Vera",45.45
667,Glow Serum 297,Todo tipo,"Ácido Hialurónico, Vitamina C",49.5
668,AcneFree 265,Grasa,"Agua Termal, Retinol, Aceite de Jojoba",194.37
669,Fresh Dew 220,Acneica,"Pantenol, Avena Coloidal, Retinol",57.03
670,SkinPure 35,Seca,"Ácido Salicílico, Extracto de Té Verde",113.78
671,SunShield 119,Sensible,"Vitamina C, Extracto de Té Verde, Urea, Manteca de Karité",24.58
672,AgeDefy 74,Seca,"Ácido Salicílico, Extracto de Té Verde",42.92
673,BrightFix 89,Todo tipo,"Ácido Salicílico, Avena Coloidal, Retinol",17.61
674,Radiant Day 59,Normal,"Aloe Vera, Manteca de Karité, Avena Coloidal",131.42
675,SkinPure 68,Mixta,"Aceite de Jojoba, Urea",81.52
676,CeraPlus 159,Madura,"Avena Coloidal, Peptidos, Pantenol, Glicerina",75.69
677,Clear Skin 182,Mixta,"Ceramidas, Aloe Vera, Zinc, Extracto de Té Verde",22.79
678,OilControl 139,Mixta,"Urea, Retinol, Peptidos",143.86
679,AgeDefy 118,Grasa,"Pantenol, Aloe Vera, Glicerina",152.15
680,Silky Touch 145,Todo tipo,"Agua Termal, Aloe Vera",61.4
681,Daily Moist 132,Seca,"Niacinamida, Pantenol",186.65
682,UltraSmooth 286,Grasa,"Niacinamida, Extracto de Té Verde, Ácido Láctico, Retinol",146.66
683,Aqua Balm 20,Acneica,"Extracto de Té Verde, Peptidos",34.01
684,Daily Moist 207,Seca,"Ceramidas, Manteca de Karité, Ácido Hialurónico, Zinc",154.29
685,Radiant Day 21,Acneica,"Ceramidas, Aceite de Jojoba, Ácido Láctico, Ácido Ferúlico",188.47
686,BrightFix 249,Madura,"Niacinamida, Ácido Salicílico, Retinol",6.52
687,DermaFix 68,Acneica,"Ácido Láctico, Peptidos, Urea, Retinol",43.09
688,AgeDefy 255,Todo tipo,"Ácido Salicílico, Aloe Vera, Ácido Ferúlico, Manteca de Karité",145.09
689,Aqua Balm 45,Normal,"Glicerina, Agua Termal, Ceramidas",145.22
690,SkinPure 143,Grasa,"Agua Termal, Niacinamida",116.21
691,Fresh Dew 239,Acneica,"Vitamina C, Ceramidas, Zinc",32.57
692,Radiant Day 147,Acneica,"Ácido Ferúlico, Aceite de Jojoba, Manteca de Karité, Aloe Vera",41.52
693,DermaFix 276,Todo tipo,"Ácido Ferúlico, Zinc, Avena Coloidal, Extracto de Té Verde",193.49
694,DermaFix 26,Normal,"Agua Termal, Aceite de Jojoba",190.02
695,OilControl 298,Mixta,"Aloe Vera, Pantenol, Agua Termal, Avena Coloidal",188.64
696,Radiant Day 156,Sensible,"Retinol, Ácido Ferúlico",78.29
697,Daily Moist 140,Mixta,"Aceite de Jojoba, Peptidos, Aloe Vera",116.1
698,Radiant Day 7,Seca,"Ceramidas, Avena Coloidal",122.84
699,UltraSmooth 253,Todo tipo,"Urea, Avena Coloidal",94.38
700,AgeDefy 177,Mixta,"Retinol, Ceramidas, Aceite de Jojoba",96.69
701,UltraSmooth 249,Todo tipo,"Ácido Salicílico, Retinol, Niacinamida, Ácido Hialurónico",44.08
702,SunShield 92,Acneica,"Peptidos, Ácido Hialurónico, Pantenol",18.85
703,SkinPure 160,Todo tipo,"Zinc, Aceite de Jojoba, Ácido Salicílico, Ácido Ferúlico",180.29
704,Hydra Boost 114,Madura,"Glicerina, Extracto de Té Verde, Avena Coloidal, Aloe Vera",80.03
705,SkinPure 231,Acneica,"Avena Coloidal, Niacinamida, Ácido Ferúlico",17.01
706,Radiant Day 221,Madura,"Peptidos, Manteca de Karité",95.4
707,AgeDefy 181,Normal,"Zinc, Pantenol, Glicerina, Agua Termal",178.99
708,DermaFix 278,Grasa,"Zinc, Ácido Láctico, Ácido Ferúlico",152.95
709,RegenX 236,Todo tipo,"Ácido Salicílico, Manteca de Karité",198.56
710,Hydra Boost 206,Seca,"Avena Coloidal, Peptidos",42.13
711,BrightFix 150,Sensible,"Ácido Salicílico, Agua Termal, Ácido Hialurónico, Zinc",127.23
712,OilControl 63,Seca,"Pantenol, Ácido Salicílico, Urea, Ácido Hialurónico",88.07
713,Fresh Dew 285,Sensible,"Manteca de Karité, Glicerina, Urea, Aceite de Jojoba",35.8
714,NutriGlow 129,Normal,"Pantenol, Niacinamida, Peptidos",82.25
715,Aqua Balm 84,Normal,"Zinc, Ácido Salicílico, Manteca de Karité",178.62
716,Clear Skin 103,Todo tipo,"Pantenol, Aceite de Jojoba",156.04
717,RegenX 3,Madura,"Peptidos, Ácido Ferúlico, Aloe Vera",164.85
718,AgeDefy 239,Acneica,"Aloe Vera, Ácido Ferúlico, Ceramidas",129.89
719,Hydra Boost 149,Mixta,"Ácido Hialurónico, Ácido Salicílico",180.9
720,DermaFix 56,Sensible,"Aceite de Jojoba, Ácido Salicílico",196.38
721,RegenX 116,Acneica,"Retinol, Manteca de Karité, Ácido Láctico, Urea",126.99
722,AgeDefy 29,Madura,"Retinol, Ceramidas, Aloe Vera, Extracto de Té Verde",61.51
723,Aqua Balm 191,Normal,"Aloe Vera, Zinc",46.29
724,RegenX 52,Todo tipo,"Peptidos, Ácido Ferúlico, Zinc, Vitamina C",10.52
725,BrightFix 69,Normal,"Vitamina C, Zinc, Retinol, Extracto de Té Verde",94.38
726,SkinPure 255,Madura,"Extracto de Té Verde, Pantenol, Retinol",149.18
727,Daily Moist 257,Madura,"Glicerina, Agua Termal, Urea, Ácido Hialurónico",136.69
728,SunShield 223,Mixta,"Peptidos, Ácido Hialurónico",116.86
729,Silky Touch 162,Normal,"Ácido Salicílico, Zinc, Aloe Vera",108.97
730,SkinPure 146,Mixta,"Urea, Manteca de Karité, Zinc, Ácido Salicílico",58.56
731,AgeDefy 293,Mixta,"Urea, Agua Termal",144.38
732,SkinPure 195,Acneica,"Zinc, Peptidos",29.76
733,Glow Serum 248,Todo tipo,"Ácido Salicílico, Avena Coloidal",183.34
734,UltraSmooth 254,Mixta,"Pantenol, Ácido Salicílico, Niacinamida, Aloe Vera",33.86
735,OilControl 222,Sensible,"Niacinamida, Retinol",151.46
736,SunShield 127,Normal,"Aloe Vera, Ácido Ferúlico, Vitamina C, Ácido Salicílico",187.38
737,Radiant Day 79,Normal,"Niacinamida, Ácido Salicílico, Pantenol",120.3
738,NightCare 263,Mixta,"Ácido Ferúlico, Avena Coloidal, Peptidos, Pantenol",130.87
739,Aqua Balm 12,Sensible,"Pantenol, Ácido Láctico, Ácido Hialurónico, Agua Termal",58.49
740,Daily Moist 59,Mixta,"Peptidos, Ácido Ferúlico, Pantenol, Niacinamida",91.92
741,Aqua Balm 55,Sensible,"Ácido Ferúlico, Extracto de Té Verde",133.11
742,Hydra Boost 126,Sensible,"Zinc, Extracto de Té Verde, Aceite de Jojoba",16.29
743,SunShield 102,Acneica,"Urea, Ácido Láctico, Agua Termal, Ácido Ferúlico",89.22
744,Silky Touch 218,Seca,"Glicerina, Pantenol, Avena Coloidal",176.26
745,Silky Touch 105,Grasa,"Vitamina C, Peptidos, Avena Coloidal",99.95
746,Fresh Dew 126,Grasa,"Vitamina C, Ceramidas, Niacinamida",183.23
747,NightCare 31,Grasa,"Retinol, Extracto de Té Verde",161.82
748,UltraSmooth 112,Seca,"Peptidos, Aloe Vera",176.13
749,RegenX 281,Mixta,"Niacinamida, Zinc",77.0
750,RegenX 242,Todo tipo,"Pantenol, Ceramidas",130.58
751,Silky Touch 198,Acneica,"Ácido Hialurónico, Agua Termal",19.04
752,Fresh Dew 293,Sensible,"Ácido Hialurónico, Ácido Ferúlico",89.88
753,RegenX 66,Madura,"Vitamina C, Pantenol, Ácido Hialurónico, Ácido Salicílico",160.52
754,BrightFix 244,Mixta,"Glicerina, Ácido Hialurónico",127.73
755,UltraSmooth 153,Todo tipo,"Retinol, Vitamina C, Avena Coloidal, Aceite de Jojoba",171.96
756,Aqua Balm 103,Normal,"Extracto de Té Verde, Retinol, Zinc, Niacinamida",160.59
757,NightCare 140,Acneica,"Retinol, Extracto de Té Verde, Pantenol, Glicerina",186.9
758,Silky Touch 87,Grasa,"Ácido Láctico, Avena Coloidal, Manteca de Karité, Ceramidas",142.11
759,Clear Skin 68,Mixta,"Glicerina, Extracto de Té Verde, Vitamina C, Niacinamida",185.89
760,Hydra Boost 7,Acneica,"Niacinamida, Vitamina C, Pantenol",133.94
761,Radiant Day 151,Normal,"Extracto de Té Verde, Retinol",159.15
762,BrightFix 53,Acneica,"Avena Coloidal, Agua Termal, Urea, Manteca de Karité",62.88
763,SunShield 154,Todo tipo,"Manteca de Karité, Vitamina C, Avena Coloidal",12.11
764,AgeDefy 18,Normal,"Ácido Salicílico, Extracto de Té Verde",149.88
765,SkinPure 48,Normal,"Ceramidas, Urea, Glicerina, Pantenol",43.78
766,Clear Skin 105,Madura,"Pantenol, Ácido Hialurónico, Zinc",10.85
767,NightCare 253,Mixta,"Manteca de Karité, Ácido Láctico, Ceramidas, Aceite de Jojoba",85.44
768,SunShield 215,Madura,"Ácido Salicílico, Agua Termal, Peptidos",27.06
769,Radiant Day 255,Mixta,"Niacinamida, Ácido Ferúlico",132.93
770,AgeDefy 201,Mixta,"Ceramidas, Retinol",142.32
771,SkinPure 51,Madura,"Zinc, Aloe Vera, Ceramidas, Aceite de Jojoba",45.89
772,SunShield 215,Grasa,"Ácido Hialurónico, Niacinamida, Vitamina C",34.94
773,Clear Skin 198,Normal,"Ceramidas, Peptidos, Urea",37.11
774,NightCare 260,Acneica,"Ácido Ferúlico, Avena Coloidal, Agua Termal",19.29
775,UltraSmooth 267,Mixta,"Ácido Láctico, Agua Termal, Ácido Hialurónico",107.3
776,Radiant Day 136,Sensible,"Pantenol, Extracto de Té Verde",41.97
777,BrightFix 266,Grasa,"Extracto de Té Verde, Retinol, Peptidos",47.59
778,OilControl 208,Mixta,"Aloe Vera, Ácido Hialurónico, Ácido Ferúlico, Urea",175.94
779,Clear Skin 106,Seca,"Ácido Ferúlico, Manteca de Karité, Extracto de Té Verde, Peptidos",72.11
780,Glow Serum 186,Mixta,"Glicerina, Retinol",153.89
781,SkinPure 130,Grasa,"Zinc, Aloe Vera, Agua Termal, Avena Coloidal",55.6
782,RegenX 300,Madura,"Retinol, Agua Termal, Urea",186.72
783,Clear Skin 184,Mixta,"Aloe Vera, Zinc, Manteca de Karité",120.85
784,Glow Serum 158,Acneica,"Pantenol, Ácido Salicílico, Manteca de Karité",37.93
785,Radiant Day 142,Sensible,"Peptidos, Urea",5.44
786,Silky Touch 285,Acneica,"Zinc, Extracto de Té Verde, Ácido Salicílico",189.66
787,SunShield 167,Normal,"Avena Coloidal, Agua Termal",174.14
788,SunShield 44,Grasa,"Aceite de Jojoba, Avena Coloidal, Aloe Vera, Agua Termal",58.23
789,Hydra Boost 24,Todo tipo,"Manteca de Karité, Vitamina C, Urea",166.54
790,Radiant Day 300,Todo tipo,"Zinc, Aloe Vera, Ácido Hialurónico, Ácido Ferúlico",173.77
791,AcneFree 235,Madura,"Extracto de Té Verde, Niacinamida, Agua Termal, Ceramidas",36.76
792,UltraSmooth 117,Seca,"Vitamina C, Agua Termal, Manteca de Karité",82.65
793,Hydra Boost 279,Madura,"Vitamina C, Ácido Ferúlico, Niacinamida",85.55
794,BrightFix 7,Madura,"Retinol, Pantenol, Manteca de Karité",61.15
795,Silky Touch 94,Grasa,"Ácido Láctico, Glicerina",193.91
796,NutriGlow 112,Sensible,"Vitamina C, Zinc, Pantenol",45.33
797,NightCare 15,Grasa,"Peptidos, Ácido Láctico, Ácido Ferúlico",53.99
798,Fresh Dew 182,Grasa,"Retinol, Ácido Ferúlico, Glicerina",181.89
799,AcneFree 289,Madura,"Zinc, Manteca de Karité, Agua Termal",38.45
800,NightCare 246,Todo tipo,"Ácido Láctico, Urea",91.34
801,Daily Moist 236,Grasa,"Agua Termal, Aceite de Jojoba, Niacinamida",180.55
802,Radiant Day 244,Madura,"Pantenol, Agua Termal, Ácido Ferúlico, Ácido Láctico",5.65
803,NightCare 231,Grasa,"Ácido Hialurónico, Retinol",5.56
804,UltraSmooth 14,Madura,"Retinol, Vitamina C, Aceite de Jojoba, Ácido Salicílico",175.48
805,DermaFix 159,Sensible,"Manteca de Karité, Ácido Salicílico",129.64
806,DermaFix 47,Normal,"Ácido Salicílico, Aceite de Jojoba, Niacinamida",154.53
807,DermaFix 151,Todo tipo,"Peptidos, Urea",109.4
808,UltraSmooth 13,Madura,"Ácido Ferúlico, Ácido Hialurónico, Manteca de Karité",21.73
809,Aqua Balm 200,Madura,"Ácido Ferúlico, Manteca de Karité, Glicerina, Aceite de Jojoba",120.99
810,Glow Serum 101,Madura,"Aceite de Jojoba, Aloe Vera",172.61
811,AgeDefy 281,Grasa,"Pantenol, Zinc, Urea, Manteca de Karité",105.46
812,Clear Skin 28,Mixta,"Ácido Láctico, Ácido Salicílico",20.5
813,Radiant Day 200,Grasa,"Agua Termal, Ácido Hialurónico, Zinc",102.81
814,SkinPure 293,Normal,"Agua Termal, Retinol",186.28
815,Aqua Balm 234,Mixta,"Agua Termal, Ácido Láctico",92.08
816,Fresh Dew 17,Mixta,"Aceite de Jojoba, Agua Termal, Niacinamida, Peptidos",199.59
817,UltraSmooth 91,Grasa,"Urea, Agua Termal, Vitamina C",83.99
818,DermaFix 211,Madura,"Aloe Vera, Aceite de Jojoba",112.98
819,Silky Touch 94,Normal,"Peptidos, Urea",102.14
820,UltraSmooth 266,Acneica,"Urea, Pantenol, Aloe Vera",116.49
821,Daily Moist 110,Acneica,"Ácido Hialurónico, Zinc, Ácido Ferúlico",128.38
822,NutriGlow 236,Madura,"Urea, Aloe Vera, Manteca de Karité",45.28
823,Clear Skin 209,Sensible,"Niacinamida, Ceramidas",172.37
824,Radiant Day 273,Seca,"Pantenol, Urea, Glicerina, Ácido Ferúlico",198.93
825,SunShield 283,Madura,"Aloe Vera, Extracto de Té Verde, Pantenol",104.54
826,SunShield 279,Seca,"Avena Coloidal, Zinc, Ácido Salicílico, Niacinamida",86.89
827,BrightFix 293,Sensible,"Ácido Ferúlico, Avena Coloidal",68.41
828,Silky Touch 186,Mixta,"Aloe Vera, Ácido Láctico, Vitamina C",199.63
829,UltraSmooth 227,Seca,"Urea, Aloe Vera",179.32
830,OilControl 40,Acneica,"Ácido Hialurónico, Zinc, Retinol",102.28
831,SkinPure 100,Madura,"Manteca de Karité, Urea, Ácido Hialurónico",170.02
832,SunShield 55,Grasa,"Retinol, Avena Coloidal, Agua Termal",161.25
833,SkinPure 112,Acneica,"Ácido Ferúlico, Agua Termal, Avena Coloidal",100.74
834,Clear Skin 274,Mixta,"Peptidos, Retinol, Agua Termal, Ácido Salicílico",70.85
835,SunShield 216,Sensible,"Agua Termal, Retinol",177.3
836,NutriGlow 82,Todo tipo,"Pantenol, Avena Coloidal, Ácido Ferúlico, Niacinamida",116.0
837,Hydra Boost 176,Seca,"Retinol, Urea, Extracto de Té Verde",132.44
838,Fresh Dew 257,Normal,"Aloe Vera, Aceite de Jojoba, Zinc",196.99
839,OilControl 81,Mixta,"Peptidos, Ácido Láctico",173.72
840,SkinPure 156,Mixta,"Ácido Salicílico, Ácido Hialurónico",39.47
841,NightCare 266,Grasa,"Peptidos, Aceite de Jojoba, Glicerina, Ácido Ferúlico",31.83
842,Hydra Boost 117,Sensible,"Aloe Vera, Peptidos, Ceramidas, Urea",79.21
843,DermaFix 48,Seca,"Pantenol, Avena Coloidal, Zinc",26.82
844,SunShield 173,Sensible,"Manteca de Karité, Aloe Vera",139.77
845,BrightFix 120,Sensible,"Extracto de Té Verde, Manteca de Karité, Niacinamida, Peptidos",12.93
846,Radiant Day 4,Grasa,"Vitamina C, Avena Coloidal, Urea, Ceramidas",85.66
847,Fresh Dew 289,Seca,"Ácido Ferúlico, Ácido Láctico",38.07
848,Glow Serum 253,Seca,"Retinol, Ácido Salicílico",124.4
849,Silky Touch 282,Normal,"Ácido Láctico, Manteca de Karité",90.01
850,BrightFix 64,Normal,"Peptidos, Aloe Vera, Glicerina, Niacinamida",161.67
851,Glow Serum 93,Todo tipo,"Ácido Ferúlico, Peptidos, Pantenol, Glicerina",86.06
852,Glow Serum 84,Normal,"Manteca de Karité, Agua Termal, Ácido Ferúlico",184.64
853,Fresh Dew 22,Todo tipo,"Aceite de Jojoba, Ácido Salicílico",10.3
854,Glow Serum 197,Normal,"Peptidos, Niacinamida",197.13
855,DermaFix 76,Normal,"Avena Coloidal, Extracto de Té Verde, Aloe Vera",7.15
856,SkinPure 223,Todo tipo,"Ceramidas, Ácido Salicílico, Agua Termal",81.09
857,SkinPure 240,Acneica,"Agua Termal, Glicerina, Ácido Salicílico, Ácido Ferúlico",123.61
858,CeraPlus 175,Madura,"Urea, Ácido Ferúlico, Vitamina C",48.54
859,NightCare 115,Sensible,"Pantenol, Manteca de Karité, Ácido Ferúlico",6.62
860,AgeDefy 159,Normal,"Zinc, Vitamina C, Ácido Láctico, Niacinamida",88.65
861,NutriGlow 51,Madura,"Vitamina C, Avena Coloidal, Ceramidas",42.47
862,RegenX 201,Madura,"Avena Coloidal, Niacinamida",84.37
863,Clear Skin 30,Madura,"Ceramidas, Urea",114.43
864,AgeDefy 44,Sensible,"Pantenol, Aceite de Jojoba, Ácido Salicílico",193.37
865,Hydra Boost 275,Grasa,"Peptidos, Ácido Láctico, Vitamina C, Ceramidas",43.47
866,SunShield 194,Mixta,"Agua Termal, Retinol",144.16
867,BrightFix 116,Normal,"Aloe Vera, Zinc, Ácido Hialurónico, Glicerina",43.72
868,Hydra Boost 52,Seca,"Extracto de Té Verde, Ácido Salicílico, Vitamina C",181.07
869,Fresh Dew 144,Acneica,"Avena Coloidal, Ácido Ferúlico, Niacinamida",52.88
870,NutriGlow 139,Mixta,"Vitamina C, Ceramidas",20.38
871,Daily Moist 97,Mixta,"Peptidos, Aceite de Jojoba, Avena Coloidal",11.66
872,Aqua Balm 294,Madura,"Avena Coloidal, Ácido Hialurónico",180.6
873,OilControl 104,Mixta,"Retinol, Ácido Salicílico, Avena Coloidal",62.46
874,Radiant Day 108,Normal,"Ceramidas, Aceite de Jojoba",36.82
875,CeraPlus 207,Acneica,"Vitamina C, Avena Coloidal, Urea",12.85
876,Fresh Dew 74,Seca,"Retinol, Urea, Vitamina C",140.42
877,RegenX 167,Acneica,"Pantenol, Ácido Salicílico",81.23
878,UltraSmooth 10,Normal,"Agua Termal, Aloe Vera",102.25
879,SunShield 65,Madura,"Retinol, Niacinamida",84.93
880,BrightFix 215,Mixta,"Aloe Vera, Ácido Hialurónico",174.2
881,DermaFix 131,Todo tipo,"Aloe Vera, Avena Coloidal",161.55
882,AgeDefy 152,Seca,"Glicerina, Peptidos, Aloe Vera, Aceite de Jojoba",53.5
883,Clear Skin 66,Normal,"Niacinamida, Retinol",74.47
884,SunShield 160,Grasa,"Extracto de Té Verde, Avena Coloidal, Zinc",198.15
885,Aqua Balm 258,Todo tipo,"Pantenol, Aloe Vera",24.66
886,Fresh Dew 136,Todo tipo,"Pantenol, Avena Coloidal, Vitamina C",109.11
887,Fresh Dew 198,Seca,"Ácido Ferúlico, Manteca de Karité",109.24
888,Aqua Balm 127,Mixta,"Urea, Peptidos, Ácido Láctico",115.62
889,Glow Serum 56,Grasa,"Retinol, Aceite de Jojoba, Urea",113.9
890,SkinPure 218,Todo tipo,"Avena Coloidal, Vitamina C",182.38
891,AgeDefy 253,Todo tipo,"Niacinamida, Ceramidas, Glicerina",51.35
892,RegenX 116,Madura,"Niacinamida, Aloe Vera",144.76
893,SunShield 71,Madura,"Aceite de Jojoba, Ácido Láctico",161.43
894,Daily Moist 59,Sensible,"Avena Coloidal, Ceramidas, Zinc, Aloe Vera",80.05
895,UltraSmooth 150,Seca,"Ácido Salicílico, Ácido Láctico",52.34
896,Hydra Boost 286,Madura,"Retinol, Ácido Hialurónico, Ceramidas, Vitamina C",123.37
897,Glow Serum 145,Mixta,"Ácido Ferúlico, Avena Coloidal, Aloe Vera",193.92
898,DermaFix 94,Normal,"Aloe Vera, Extracto de Té Verde, Ácido Láctico",32.75
899,AgeDefy 295,Madura,"Niacinamida, Ácido Ferúlico",129.91
900,AcneFree 291,Seca,"Agua Termal, Avena Coloidal, Ceramidas, Retinol",79.87
901,Glow Serum 70,Mixta,"Retinol, Aceite de Jojoba, Ácido Hialurónico, Zinc",167.05
902,Silky Touch 279,Grasa,"Ácido Hialurónico, Aceite de Jojoba",63.86
903,Fresh Dew 143,Grasa,"Peptidos, Ácido Ferúlico",107.64
904,Glow Serum 259,Sensible,"Aloe Vera, Avena Coloidal, Niacinamida, Ceramidas",168.53
905,Daily Moist 119,Mixta,"Pantenol, Manteca de Karité, Aloe Vera",147.24
906,NutriGlow 149,Todo tipo,"Peptidos, Ácido Salicílico",181.11
907,Clear Skin 5,Seca,"Ácido Hialurónico, Agua Termal, Ácido Salicílico",119.02
908,CeraPlus 285,Sensible,"Extracto de Té Verde, Retinol, Zinc",14.89
909,SunShield 59,Todo tipo,"Pantenol, Ácido Hialurónico, Glicerina, Ácido Salicílico",107.66
910,NutriGlow 183,Todo tipo,"Glicerina, Pantenol, Manteca de Karité",48.13
911,UltraSmooth 155,Madura,"Vitamina C, Extracto de Té Verde, Ceramidas",96.65
912,SunShield 285,Seca,"Ácido Hialurónico, Retinol, Ceramidas",18.2
913,Aqua Balm 285,Acneica,"Zinc, Ácido Hialurónico",171.63
914,NutriGlow 104,Normal,"Extracto de Té Verde, Glicerina, Pantenol",166.32
915,NutriGlow 7,Acneica,"Agua Termal, Retinol",49.44
916,AgeDefy 239,Acneica,"Urea, Zinc, Pantenol, Aloe Vera",106.93
917,SkinPure 107,Todo tipo,"Ácido Ferúlico, Glicerina, Ceramidas, Niacinamida",149.43
918,NutriGlow 235,Sensible,"Zinc, Glicerina, Ácido Salicílico, Pantenol",52.02
919,Clear Skin 183,Normal,"Pantenol, Vitamina C",76.65
920,CeraPlus 190,Acneica,"Manteca de Karité, Zinc, Aloe Vera, Ácido Hialurónico",85.76
921,OilControl 189,Normal,"Aloe Vera, Peptidos, Vitamina C",71.91
922,Glow Serum 105,Acneica,"Niacinamida, Glicerina, Peptidos, Ácido Láctico",41.33
923,UltraSmooth 187,Grasa,"Manteca de Karité, Niacinamida",198.45
924,Aqua Balm 205,Mixta,"Extracto de Té Verde, Avena Coloidal, Vitamina C, Zinc",190.99
925,AcneFree 241,Seca,"Retinol, Zinc, Aceite de Jojoba",133.66
926,Radiant Day 251,Mixta,"Ácido Salicílico, Pantenol",143.27
927,Hydra Boost 196,Todo tipo,"Ácido Láctico, Niacinamida",42.79
928,Silky Touch 245,Sensible,"Aceite de Jojoba, Ácido Ferúlico, Manteca de Karité, Ácido Hialurónico",173.82
929,Hydra Boost 226,Seca,"Niacinamida, Peptidos, Ácido Salicílico, Avena Coloidal",169.06
930,RegenX 24,Grasa,"Retinol, Ácido Hialurónico, Extracto de Té Verde, Avena Coloidal",81.72
931,Glow Serum 299,Mixta,"Niacinamida, Vitamina C, Ácido Salicílico",151.78
932,BrightFix 30,Normal,"Pantenol, Niacinamida",57.46
933,Aqua Balm 293,Mixta,"Manteca de Karité, Zinc",180.79
934,Aqua Balm 114,Todo tipo,"Zinc, Ceramidas",102.21
935,OilControl 60,Todo tipo,"Ácido Hialurónico, Manteca de Karité",96.31
936,NutriGlow 1,Grasa,"Avena Coloidal, Pantenol, Peptidos",27.61
937,Aqua Balm 150,Madura,"Agua Termal, Manteca de Karité, Ácido Hialurónico, Glicerina",7.86
938,CeraPlus 74,Acneica,"Manteca de Karité, Ceramidas, Ácido Salicílico",10.89
939,NutriGlow 205,Todo tipo,"Ácido Hialurónico, Glicerina, Urea, Ácido Ferúlico",112.73
940,DermaFix 76,Mixta,"Pantenol, Ceramidas, Ácido Ferúlico, Zinc",23.13
941,BrightFix 153,Normal,"Agua Termal, Niacinamida",59.38
942,AcneFree 136,Seca,"Ácido Ferúlico, Aceite de Jojoba, Niacinamida",68.85
943,AcneFree 116,Madura,"Ácido Láctico, Ácido Ferúlico, Zinc, Peptidos",22.98
944,Daily Moist 6,Sensible,"Ceramidas, Avena Coloidal, Aloe Vera, Peptidos",170.03
945,Aqua Balm 101,Grasa,"Ácido Salicílico, Vitamina C",178.45
946,Clear Skin 74,Seca,"Ácido Láctico, Extracto de Té Verde",158.77
947,AcneFree 283,Acneica,"Pantenol, Peptidos, Urea, Ácido Ferúlico",184.34
948,UltraSmooth 53,Seca,"Zinc, Agua Termal",77.57
949,BrightFix 250,Todo tipo,"Avena Coloidal, Vitamina C, Aceite de Jojoba",109.9
950,SunShield 17,Todo tipo,"Aloe Vera, Ácido Hialurónico, Extracto de Té Verde",185.76
951,CeraPlus 73,Seca,"Ceramidas, Zinc",115.36
952,SkinPure 216,Sensible,"Ácido Hialurónico, Aceite de Jojoba, Aloe Vera, Urea",132.8
953,UltraSmooth 108,Mixta,"Retinol, Avena Coloidal",36.18
954,AcneFree 210,Todo tipo,"Agua Termal, Zinc, Ácido Salicílico",158.06
955,AgeDefy 64,Madura,"Niacinamida, Extracto de Té Verde",148.21
956,Fresh Dew 262,Seca,"Aloe Vera, Ácido Láctico, Extracto de Té Verde, Glicerina",66.58
957,CeraPlus 269,Madura,"Ácido Hialurónico, Pantenol, Agua Termal",75.31
958,Clear Skin 227,Acneica,"Manteca de Karité, Aloe Vera",119.17
959,DermaFix 56,Grasa,"Manteca de Karité, Urea, Ácido Hialurónico",188.37
960,AcneFree 182,Madura,"Manteca de Karité, Agua Termal, Ácido Salicílico",16.91
961,AgeDefy 223,Todo tipo,"Retinol, Agua Termal",147.18
962,NutriGlow 100,Seca,"Zinc, Extracto de Té Verde",82.22
963,SunShield 264,Todo tipo,"Glicerina, Retinol, Avena Coloidal",48.09
964,AcneFree 131,Acneica,"Zinc, Pantenol",116.98
965,RegenX 46,Sensible,"Pantenol, Ácido Hialurónico",118.59
966,Silky Touch 62,Grasa,"Ácido Ferúlico, Ácido Salicílico, Niacinamida",76.81
967,Glow Serum 120,Grasa,"Retinol, Avena Coloidal, Pantenol, Urea",28.08
968,Clear Skin 236,Normal,"Aceite de Jojoba, Niacinamida, Glicerina",105.1
969,Glow Serum 258,Todo tipo,"Glicerina, Ácido Ferúlico, Retinol, Ácido Salicílico",195.43
970,NutriGlow 11,Grasa,"Niacinamida, Zinc, Ácido Ferúlico, Ácido Láctico",42.91
971,SunShield 111,Normal,"Retinol, Ácido Ferúlico",75.4
972,Fresh Dew 97,Mixta,"Peptidos, Vitamina C, Retinol, Glicerina",49.97
973,BrightFix 179,Acneica,"Manteca de Karité, Ácido Salicílico",155.54
974,NightCare 54,Seca,"Agua Termal, Urea",182.63
975,SunShield 192,Normal,"Zinc, Extracto de Té Verde, Peptidos",159.6
976,Glow Serum 10,Sensible,"Agua Termal, Glicerina",118.38
977,Glow Serum 126,Acneica,"Ácido Ferúlico, Manteca de Karité, Ácido Salicílico, Pantenol",168.41
978,UltraSmooth 224,Seca,"Zinc, Urea, Glicerina",171.77
979,AgeDefy 252,Grasa,"Agua Termal, Glicerina, Aceite de Jojoba",58.63
980,RegenX 187,Normal,"Ácido Láctico, Avena Coloidal, Vitamina C, Pantenol",87.64
981,Clear Skin 102,Grasa,"Extracto de Té Verde, Niacinamida, Avena Coloidal, Manteca de Karité",69.69
982,UltraSmooth 18,Grasa,"Glicerina, Niacinamida, Aloe Vera",87.7
983,SunShield 12,Normal,"Avena Coloidal, Ácido Hialurónico, Pantenol",115.08
984,NutriGlow 140,Mixta,"Aceite de Jojoba, Ceramidas, Niacinamida",148.84
985,Silky Touch 207,Todo tipo,"Ácido Láctico, Niacinamida",99.22
986,Glow Serum 271,Todo tipo,"Vitamina C, Ácido Ferúlico",123.02
987,Fresh Dew 211,Todo tipo,"Aceite de Jojoba, Zinc, Ácido Ferúlico",148.86
988,CeraPlus 114,Madura,"Aceite de Jojoba, Extracto de Té Verde",125.92
989,AgeDefy 143,Normal,"Ácido Salicílico, Ceramidas, Peptidos",143.51
990,SkinPure 46,Grasa,"Vitamina C, Retinol, Ácido Ferúlico, Aloe Vera",9.97
991,DermaFix 287,Sensible,"Manteca de Karité, Peptidos, Ácido Hialurónico, Ácido Ferúlico",175.41
992,CeraPlus 94,Seca,"Vitamina C, Manteca de Karité, Niacinamida",24.45
993,Clear Skin 167,Seca,"Ácido Ferúlico, Peptidos, Vitamina C, Extracto de Té Verde",180.11
994,CeraPlus 107,Todo tipo,"Agua Termal, Aceite de Jojoba, Vitamina C, Niacinamida",126.48
995,OilControl 43,Sensible,"Aloe Vera, Peptidos",13.2
996,Fresh Dew 190,Todo tipo,"Niacinamida, Ácido Láctico, Ácido Ferúlico",162.82
997,CeraPlus 168,Mixta,"Ácido Salicílico, Urea, Ácido Hialurónico, Peptidos",12.35
998,Fresh Dew 8,Normal,"Pantenol, Ácido Hialurónico, Ceramidas",129.35
999,Glow Serum 205,Sensible,"Aloe Vera, Extracto de Té Verde, Urea",90.31
1000,Fresh Dew 44,Acneica,"Glicerina, Pantenol, Ácido Láctico",191.39
1001,AgeDefy 128,Todo tipo,"Urea, Ácido Salicílico, Manteca de Karité",153.18
1002,Glow Serum 166,Sensible,"Ácido Ferúlico, Glicerina, Ácido Láctico, Niacinamida",86.01
1003,Daily Moist 289,Grasa,"Aloe Vera, Pantenol",76.02
1004,Radiant Day 1,Acneica,"Manteca de Karité, Ácido Hialurónico, Zinc",50.04
1005,NightCare 34,Madura,"Ácido Salicílico, Glicerina",162.03
1006,DermaFix 219,Seca,"Urea, Retinol, Ácido Salicílico, Pantenol",88.61
1007,SkinPure 258,Mixta,"Manteca de Karité, Ácido Salicílico, Pantenol",139.18
1008,UltraSmooth 156,Sensible,"Urea, Manteca de Karité, Retinol, Ácido Láctico",20.52
1009,Radiant Day 251,Seca,"Ácido Hialurónico, Peptidos, Urea, Glicerina",100.52
1010,Hydra Boost 75,Normal,"Ácido Láctico, Avena Coloidal, Urea, Glicerina",94.91
1011,NightCare 48,Sensible,"Zinc, Glicerina, Manteca de Karité, Ácido Hialurónico",34.13
1012,Aqua Balm 69,Seca,"Urea, Glicerina, Aceite de Jojoba, Manteca de Karité",42.62
1013,SunShield 75,Mixta,"Extracto de Té Verde, Avena Coloidal, Ceramidas",119.21
1014,SunShield 32,Todo tipo,"Peptidos, Ácido Hialurónico, Ceramidas, Urea",51.37
1015,SunShield 101,Acneica,"Manteca de Karité, Urea, Agua Termal, Avena Coloidal",160.76
1016,AcneFree 196,Todo tipo,"Extracto de Té Verde, Ceramidas",32.46
1017,BrightFix 281,Normal,"Ácido Láctico, Ácido Hialurónico",183.33
1018,Silky Touch 160,Seca,"Pantenol, Ácido Láctico, Extracto de Té Verde",58.55
1019,AcneFree 69,Grasa,"Extracto de Té Verde, Peptidos",5.11
1020,Daily Moist 245,Grasa,"Extracto de Té Verde, Urea, Ceramidas, Retinol",79.26
1021,SkinPure 267,Normal,"Vitamina C, Manteca de Karité, Urea, Avena Coloidal",78.01
1022,RegenX 216,Mixta,"Agua Termal, Ácido Salicílico, Ácido Láctico",196.1
1023,Radiant Day 81,Madura,"Glicerina, Vitamina C, Pantenol",142.41
1024,Clear Skin 281,Normal,"Aloe Vera, Ácido Láctico",123.9
1025,AgeDefy 298,Seca,"Extracto de Té Verde, Vitamina C, Peptidos",176.53
1026,SkinPure 226,Acneica,"Ácido Salicílico, Ácido Láctico, Glicerina",122.72
1027,NightCare 208,Seca,"Zinc, Extracto de Té Verde, Ácido Hialurónico",91.7
1028,Glow Serum 112,Grasa,"Manteca de Karité, Zinc, Pantenol, Ácido Láctico",191.07
1029,DermaFix 49,Madura,"Aceite de Jojoba, Ácido Hialurónico",138.34
1030,NutriGlow 192,Madura,"Aceite de Jojoba, Ácido Hialurónico",110.82
1031,Hydra Boost 87,Acneica,"Niacinamida, Vitamina C, Zinc, Glicerina",20.98
1032,Daily Moist 63,Grasa,"Pantenol, Niacinamida, Glicerina, Avena Coloidal",111.12
1033,CeraPlus 76,Mixta,"Niacinamida, Ácido Láctico, Zinc",70.01
1034,Daily Moist 7,Madura,"Retinol, Pantenol",59.86
1035,Clear Skin 80,Todo tipo,"Manteca de Karité, Aloe Vera, Urea",131.33
1036,Silky Touch 78,Acneica,"Ácido Hialurónico, Manteca de Karité, Ácido Salicílico, Ácido Láctico",30.84
1037,CeraPlus 249,Seca,"Zinc, Retinol",92.63
1038,CeraPlus 124,Todo tipo,"Extracto de Té Verde, Zinc, Ceramidas, Peptidos",92.21
1039,Radiant Day 200,Seca,"Urea, Peptidos",105.04
1040,Clear Skin 18,Todo tipo,"Niacinamida, Ceramidas, Extracto de Té Verde",59.7
1041,NutriGlow 97,Seca,"Ácido Láctico, Vitamina C, Retinol",64.05
1042,SunShield 274,Todo tipo,"Zinc, Ceramidas, Manteca de Karité, Aceite de Jojoba",49.08
1043,Daily Moist 231,Seca,"Ceramidas, Pantenol",183.81
1044,OilControl 175,Mixta,"Peptidos, Ceramidas, Pantenol",188.76
1045,Silky Touch 265,Mixta,"Ceramidas, Aceite de Jojoba",130.74
1046,NutriGlow 199,Grasa,"Zinc, Glicerina, Peptidos, Ácido Láctico",9.3
1047,Radiant Day 154,Mixta,"Aloe Vera, Ceramidas, Retinol, Manteca de Karité",70.44
1048,NightCare 253,Madura,"Pantenol, Urea",49.7
1049,Radiant Day 60,Madura,"Peptidos, Ácido Láctico, Manteca de Karité",6.33
1050,DermaFix 224,Madura,"Pantenol, Ácido Salicílico",28.57
1051,UltraSmooth 9,Mixta,"Pantenol, Aceite de Jojoba",107.95
1052,NutriGlow 181,Acneica,"Urea, Glicerina, Ácido Salicílico, Manteca de Karité",155.06
1053,Clear Skin 165,Seca,"Peptidos, Ácido Ferúlico, Pantenol, Aloe Vera",191.1
1054,AcneFree 114,Acneica,"Aceite de Jojoba, Aloe Vera, Ácido Salicílico, Zinc",32.56
1055,SunShield 97,Todo tipo,"Ácido Ferúlico, Retinol",31.06
1056,RegenX 212,Sensible,"Extracto de Té Verde, Peptidos",89.17
1057,Hydra Boost 286,Mixta,"Extracto de Té Verde, Pantenol",118.93
1058,OilControl 214,Mixta,"Aceite de Jojoba, Ácido Salicílico, Urea",12.01
1059,NightCare 106,Todo tipo,"Glicerina, Aceite de Jojoba, Vitamina C, Extracto de Té Verde",98.42
1060,Hydra Boost 120,Madura,"Ácido Ferúlico, Urea",175.58
1061,Aqua Balm 213,Todo tipo,"Extracto de Té Verde, Aloe Vera, Vitamina C, Niacinamida",46.53
1062,NightCare 73,Todo tipo,"Glicerina, Vitamina C",8.95
1063,Silky Touch 36,Sensible,"Ácido Láctico, Peptidos, Niacinamida",47.64
1064,OilControl 177,Acneica,"Ácido Hialurónico, Pantenol, Agua Termal, Zinc",113.81
1065,Clear Skin 28,Todo tipo,"Ácido Láctico, Vitamina C",89.25
1066,Aqua Balm 230,Normal,"Vitamina C, Peptidos",34.9
1067,Radiant Day 193,Acneica,"Niacinamida, Zinc, Ceramidas",71.45
1068,BrightFix 217,Todo tipo,"Peptidos, Ácido Hialurónico",171.41
1069,Fresh Dew 56,Seca,"Pantenol, Ácido Hialurónico, Manteca de Karité",81.86
1070,Silky Touch 226,Normal,"Pantenol, Manteca de Karité, Peptidos, Ácido Hialurónico",127.21
1071,Silky Touch 27,Seca,"Zinc, Ácido Láctico, Vitamina C, Ceramidas",13.37
1072,DermaFix 88,Grasa,"Ácido Hialurónico, Zinc",146.52
1073,Fresh Dew 7,Todo tipo,"Urea, Retinol, Aceite de Jojoba, Zinc",40.4
1074,Silky Touch 228,Sensible,"Ácido Salicílico, Niacinamida",124.99
1075,UltraSmooth 96,Seca,"Pantenol, Ácido Láctico, Ceramidas",72.37
1076,Glow Serum 123,Acneica,"Vitamina C, Aceite de Jojoba, Zinc",10.95
1077,NightCare 272,Sensible,"Retinol, Vitamina C, Ácido Láctico, Zinc",131.13
1078,RegenX 142,Sensible,"Extracto de Té Verde, Urea",167.09
1079,Silky Touch 286,Sensible,"Urea, Ácido Láctico, Zinc",102.83
1080,CeraPlus 106,Madura,"Avena Coloidal, Urea, Vitamina C, Ácido Ferúlico",56.23
1081,Aqua Balm 143,Todo tipo,"Ácido Ferúlico, Extracto de Té Verde, Niacinamida, Aceite de Jojoba",188.27
1082,Silky Touch 130,Sensible,"Ceramidas, Avena Coloidal, Aloe Vera",54.15
1083,NutriGlow 166,Madura,"Aloe Vera, Retinol",148.93
1084,Glow Serum 160,Grasa,"Aceite de Jojoba, Pantenol",35.41
1085,Aqua Balm 295,Grasa,"Ácido Hialurónico, Urea",137.82
1086,Glow Serum 261,Todo tipo,"Ácido Salicílico, Extracto de Té Verde, Ácido Hialurónico",183.21
1087,SunShield 243,Grasa,"Extracto de Té Verde, Agua Termal, Peptidos, Niacinamida",57.66
1088,UltraSmooth 24,Sensible,"Retinol, Glicerina",192.19
1089,Daily Moist 253,Acneica,"Urea, Ácido Hialurónico, Zinc, Agua Termal",198.17
1090,UltraSmooth 81,Todo tipo,"Ácido Hialurónico, Urea",158.42
1091,Radiant Day 102,Madura,"Ácido Láctico, Glicerina, Ceramidas, Vitamina C",76.95
1092,UltraSmooth 29,Acneica,"Extracto de Té Verde, Aloe Vera, Zinc, Retinol",10.91
1093,SkinPure 292,Todo tipo,"Ácido Hialurónico, Urea, Zinc",17.74
1094,NutriGlow 53,Seca,"Zinc, Ácido Salicílico",43.02
1095,Aqua Balm 68,Mixta,"Agua Termal, Ácido Hialurónico, Ceramidas",135.17
1096,Radiant Day 148,Sensible,"Avena Coloidal, Ácido Hialurónico, Aceite de Jojoba",25.9
1097,SunShield 145,Normal,"Avena Coloidal, Niacinamida, Ceramidas",162.52
1098,AcneFree 20,Normal,"Ácido Ferúlico, Glicerina, Manteca de Karité",32.7
1099,DermaFix 117,Sensible,"Vitamina C, Ceramidas, Zinc, Avena Coloidal",85.54
1100,AcneFree 242,Mixta,"Manteca de Karité, Aloe Vera",198.47
1101,BrightFix 77,Normal,"Retinol, Pantenol",147.23
1102,RegenX 33,Seca,"Urea, Glicerina, Peptidos, Retinol",12.72
1103,Clear Skin 178,Madura,"Pantenol, Retinol, Vitamina C, Niacinamida",41.3
1104,Daily Moist 227,Grasa,"Ácido Láctico, Zinc, Ácido Ferúlico, Ácido Hialurónico",20.78
1105,Glow Serum 177,Seca,"Extracto de Té Verde, Peptidos",150.42
1106,CeraPlus 12,Sensible,"Urea, Aloe Vera, Ácido Salicílico",170.28
1107,AcneFree 264,Seca,"Agua Termal, Niacinamida",10.88
1108,Daily Moist 105,Acneica,"Niacinamida, Manteca de Karité",168.44
1109,SunShield 101,Madura,"Glicerina, Agua Termal, Ácido Hialurónico",39.82
1110,SkinPure 174,Sensible,"Aloe Vera, Glicerina, Urea",37.14
1111,Daily Moist 269,Seca,"Manteca de Karité, Ceramidas, Ácido Ferúlico",86.35
1112,SkinPure 244,Mixta,"Ácido Salicílico, Pantenol",11.3
1113,Clear Skin 248,Sensible,"Peptidos, Extracto de Té Verde",182.03
1114,BrightFix 21,Todo tipo,"Retinol, Extracto de Té Verde",88.75
1115,Daily Moist 97,Normal,"Ácido Ferúlico, Zinc, Glicerina",190.37
1116,SkinPure 95,Grasa,"Urea, Peptidos, Ceramidas, Agua Termal",108.67
1117,Fresh Dew 247,Seca,"Ácido Láctico, Niacinamida, Ácido Salicílico, Ácido Hialurónico",100.4
1118,UltraSmooth 294,Sensible,"Urea, Ácido Ferúlico",52.91
1119,Glow Serum 158,Acneica,"Manteca de Karité, Zinc",68.53
1120,Hydra Boost 11,Normal,"Aloe Vera, Ácido Ferúlico, Avena Coloidal, Ácido Hialurónico",56.32
1121,Glow Serum 210,Todo tipo,"Ácido Hialurónico, Urea, Avena Coloidal",35.88
1122,OilControl 223,Sensible,"Urea, Manteca de Karité",31.79
1123,AgeDefy 245,Seca,"Ácido Salicílico, Peptidos",55.14
1124,Clear Skin 191,Normal,"Pantenol, Ácido Hialurónico",75.07
1125,SunShield 89,Seca,"Aloe Vera, Avena Coloidal, Ácido Ferúlico, Aceite de Jojoba",187.83
1126,UltraSmooth 1,Normal,"Niacinamida, Glicerina, Ácido Hialurónico, Manteca de Karité",68.84
1127,SunShield 42,Todo tipo,"Zinc, Retinol, Pantenol",88.44
1128,SkinPure 235,Acneica,"Pantenol, Avena Coloidal, Aloe Vera, Aceite de Jojoba",103.06
1129,AgeDefy 164,Grasa,"Extracto de Té Verde, Ácido Láctico",54.52
1130,AcneFree 133,Todo tipo,"Agua Termal, Aceite de Jojoba, Pantenol, Zinc",112.87
1131,Radiant Day 106,Todo tipo,"Ácido Salicílico, Avena Coloidal, Aloe Vera",94.24
1132,CeraPlus 216,Grasa,"Niacinamida, Aloe Vera, Ácido Salicílico, Glicerina",68.32
1133,OilControl 264,Normal,"Vitamina C, Aceite de Jojoba",26.53
1134,Hydra Boost 162,Normal,"Manteca de Karité, Glicerina, Ácido Láctico, Extracto de Té Verde",31.96
1135,NightCare 87,Sensible,"Niacinamida, Ceramidas, Urea, Pantenol",63.16
1136,Radiant Day 134,Normal,"Agua Termal, Ceramidas",111.26
1137,Hydra Boost 27,Sensible,"Urea, Niacinamida, Ceramidas",159.66
1138,Clear Skin 123,Grasa,"Urea, Zinc",144.43
1139,BrightFix 200,Acneica,"Peptidos, Ácido Láctico, Niacinamida, Aceite de Jojoba",85.78
1140,Radiant Day 117,Normal,"Glicerina, Aceite de Jojoba",191.87
1141,Daily Moist 88,Sensible,"Ácido Ferúlico, Ácido Hialurónico",188.43
1142,CeraPlus 224,Todo tipo,"Pantenol, Peptidos, Aloe Vera, Retinol",10.84
1143,Fresh Dew 262,Todo tipo,"Ceramidas, Aceite de Jojoba",114.63
1144,SunShield 270,Acneica,"Glicerina, Aceite de Jojoba, Retinol",60.14
1145,AgeDefy 164,Todo tipo,"Niacinamida, Agua Termal, Peptidos, Aloe Vera",43.03
1146,BrightFix 67,Grasa,"Peptidos, Ácido Hialurónico",91.6
1147,Fresh Dew 214,Seca,"Pantenol, Extracto de Té Verde, Peptidos",17.8
1148,BrightFix 214,Grasa,"Vitamina C, Manteca de Karité",126.68
1149,NutriGlow 279,Grasa,"Peptidos, Ácido Hialurónico",7.86
1150,OilControl 233,Normal,"Peptidos, Agua Termal",157.81
1151,Hydra Boost 79,Seca,"Zinc, Ácido Hialurónico, Extracto de Té Verde",155.44
1152,Glow Serum 140,Madura,"Niacinamida, Pantenol",167.21
1153,SkinPure 183,Madura,"Pantenol, Urea, Agua Termal, Vitamina C",42.03
1154,Fresh Dew 210,Grasa,"Retinol, Pantenol",34.68
1155,UltraSmooth 181,Acneica,"Manteca de Karité, Ácido Láctico, Agua Termal",105.58
1156,NutriGlow 274,Madura,"Ceramidas, Urea, Ácido Láctico",60.81
1157,AgeDefy 237,Todo tipo,"Urea, Ceramidas, Vitamina C, Ácido Ferúlico",29.91
1158,UltraSmooth 12,Mixta,"Urea, Ácido Ferúlico",88.14
1159,BrightFix 6,Todo tipo,"Ceramidas, Glicerina",141.75
1160,Clear Skin 79,Normal,"Ácido Hialurónico, Ácido Láctico, Zinc",20.86
1161,SunShield 157,Seca,"Aceite de Jojoba, Vitamina C",150.41
1162,AgeDefy 267,Acneica,"Agua Termal, Retinol, Aceite de Jojoba",130.53
1163,Fresh Dew 145,Mixta,"Vitamina C, Ácido Ferúlico, Aceite de Jojoba, Ácido Láctico",164.32
1164,SunShield 179,Mixta,"Glicerina, Retinol, Ácido Ferúlico",197.38
1165,UltraSmooth 297,Normal,"Aceite de Jojoba, Avena Coloidal, Ácido Ferúlico, Ácido Salicílico",72.68
1166,Fresh Dew 83,Grasa,"Aloe Vera, Aceite de Jojoba",185.86
1167,Glow Serum 88,Normal,"Vitamina C, Peptidos, Urea, Retinol",183.02
1168,SkinPure 72,Grasa,"Aceite de Jojoba, Manteca de Karité, Agua Termal, Retinol",169.4
1169,Hydra Boost 245,Grasa,"Manteca de Karité, Pantenol, Glicerina",134.47
1170,AcneFree 229,Sensible,"Avena Coloidal, Zinc",58.88
1171,SkinPure 71,Seca,"Urea, Niacinamida",14.93
1172,RegenX 95,Acneica,"Ácido Salicílico, Ácido Ferúlico",147.5
1173,Aqua Balm 208,Mixta,"Aloe Vera, Ácido Ferúlico, Ácido Láctico, Pantenol",173.01
1174,UltraSmooth 295,Sensible,"Niacinamida, Agua Termal",85.94
1175,OilControl 214,Sensible,"Manteca de Karité, Ácido Láctico, Ácido Ferúlico, Niacinamida",169.05
1176,SkinPure 267,Acneica,"Peptidos, Retinol",91.56
1177,Hydra Boost 20,Sensible,"Avena Coloidal, Retinol",93.42
1178,Radiant Day 156,Acneica,"Avena Coloidal, Niacinamida, Glicerina",95.99
1179,NightCare 164,Mixta,"Agua Termal, Retinol, Niacinamida",180.82
1180,CeraPlus 120,Acneica,"Aloe Vera, Manteca de Karité, Aceite de Jojoba",110.4
1181,Aqua Balm 22,Seca,"Glicerina, Ceramidas, Ácido Láctico, Ácido Salicílico",54.16
1182,Daily Moist 220,Seca,"Zinc, Extracto de Té Verde",178.76
1183,OilControl 136,Todo tipo,"Peptidos, Urea",115.09
1184,AgeDefy 285,Mixta,"Urea, Vitamina C",171.86
1185,Hydra Boost 51,Grasa,"Zinc, Glicerina, Ácido Salicílico",82.36
1186,SunShield 240,Sensible,"Extracto de Té Verde, Ácido Salicílico",195.37
1187,CeraPlus 298,Grasa,"Agua Termal, Retinol, Aceite de Jojoba, Peptidos",89.56
1188,AgeDefy 152,Grasa,"Urea, Agua Termal, Avena Coloidal",22.31
1189,AcneFree 74,Mixta,"Agua Termal, Ácido Salicílico, Vitamina C, Ácido Láctico",177.82
1190,NightCare 108,Seca,"Agua Termal, Aloe Vera, Aceite de Jojoba, Pantenol",42.93
1191,RegenX 265,Normal,"Niacinamida, Agua Termal, Zinc",45.14
1192,Silky Touch 185,Grasa,"Aceite de Jojoba, Ácido Salicílico",40.55
1193,Silky Touch 110,Seca,"Niacinamida, Aloe Vera",151.39
1194,BrightFix 265,Sensible,"Vitamina C, Ácido Láctico, Peptidos",62.83
1195,NightCare 55,Seca,"Ácido Ferúlico, Vitamina C, Niacinamida",167.08
1196,BrightFix 67,Grasa,"Zinc, Ácido Láctico, Ceramidas, Agua Termal",119.41
1197,OilControl 160,Normal,"Niacinamida, Ácido Ferúlico",173.32
1198,SkinPure 90,Normal,"Aloe Vera, Ácido Ferúlico, Urea, Niacinamida",172.12
1199,AgeDefy 236,Madura,"Vitamina C, Aceite de Jojoba",56.96
1200,Radiant Day 259,Acneica,"Peptidos, Urea, Aloe Vera",71.33
1201,Aqua Balm 122,Mixta,"Extracto de Té Verde, Ácido Láctico",144.49
1202,SunShield 198,Sensible,"Ácido Hialurónico, Ácido Salicílico, Retinol",35.9
1203,NutriGlow 180,Todo tipo,"Avena Coloidal, Retinol",60.24
1204,Radiant Day 171,Normal,"Retinol, Avena Coloidal, Aloe Vera, Ceramidas",41.86
1205,RegenX 99,Normal,"Extracto de Té Verde, Vitamina C, Ácido Ferúlico, Urea",100.32
1206,Daily Moist 104,Sensible,"Ácido Hialurónico, Ácido Láctico",17.93
1207,SunShield 97,Normal,"Niacinamida, Urea, Ceramidas, Ácido Salicílico",130.22
1208,Daily Moist 36,Normal,"Aloe Vera, Agua Termal, Ácido Hialurónico",20.48
1209,Daily Moist 184,Seca,"Manteca de Karité, Urea, Agua Termal",118.67
1210,Radiant Day 8,Grasa,"Pantenol, Ácido Láctico, Agua Termal",42.0
1211,RegenX 154,Sensible,"Vitamina C, Pantenol, Niacinamida",155.31
1212,NutriGlow 257,Acneica,"Glicerina, Ácido Láctico, Aceite de Jojoba, Ácido Ferúlico",72.72
1213,BrightFix 236,Sensible,"Manteca de Karité, Glicerina",100.06
1214,UltraSmooth 216,Madura,"Aceite de Jojoba, Urea",89.27
1215,Fresh Dew 48,Grasa,"Ácido Salicílico, Ácido Hialurónico",100.87
1216,BrightFix 135,Seca,"Glicerina, Ácido Ferúlico, Peptidos, Aloe Vera",92.33
1217,OilControl 197,Todo tipo,"Peptidos, Agua Termal",153.92
1218,AgeDefy 210,Acneica,"Urea, Niacinamida, Pantenol",29.2
1219,Radiant Day 104,Todo tipo,"Agua Termal, Peptidos",42.3
1220,Hydra Boost 105,Acneica,"Ceramidas, Avena Coloidal, Vitamina C, Ácido Ferúlico",60.05
1221,AgeDefy 141,Grasa,"Glicerina, Ácido Hialurónico, Niacinamida",40.86
1222,Silky Touch 143,Seca,"Agua Termal, Glicerina, Retinol",57.13
1223,Clear Skin 18,Normal,"Ácido Salicílico, Ceramidas",42.82
1224,Fresh Dew 127,Todo tipo,"Manteca de Karité, Avena Coloidal, Aloe Vera",137.37
1225,CeraPlus 124,Grasa,"Zinc, Agua Termal",83.65
1226,CeraPlus 175,Acneica,"Ácido Hialurónico, Urea",184.24
1227,SunShield 273,Madura,"Aceite de Jojoba, Ácido Salicílico, Ácido Láctico",171.04
1228,SkinPure 294,Madura,"Pantenol, Aloe Vera, Vitamina C",38.19
1229,SunShield 244,Grasa,"Urea, Ceramidas, Peptidos, Manteca de Karité",46.35
1230,Radiant Day 247,Madura,"Peptidos, Niacinamida, Retinol",134.83
1231,Glow Serum 175,Grasa,"Retinol, Pantenol",48.18
1232,NutriGlow 132,Todo tipo,"Zinc, Pantenol, Glicerina, Agua Termal",175.83
1233,RegenX 16,Madura,"Peptidos, Vitamina C",36.88
1234,NightCare 13,Grasa,"Aceite de Jojoba, Peptidos",95.44
1235,Fresh Dew 41,Grasa,"Zinc, Manteca de Karité, Avena Coloidal",41.0
1236,SkinPure 73,Normal,"Retinol, Peptidos",94.9
1237,Fresh Dew 245,Normal,"Zinc, Niacinamida, Ceramidas",178.66
1238,SkinPure 13,Grasa,"Manteca de Karité, Agua Termal",195.7
1239,UltraSmooth 195,Acneica,"Vitamina C, Glicerina, Niacinamida",44.61
1240,SunShield 42,Madura,"Ácido Ferúlico, Zinc",94.94
1241,SunShield 251,Acneica,"Glicerina, Retinol",108.75
1242,AgeDefy 156,Madura,"Manteca de Karité, Peptidos",59.36
1243,SunShield 180,Mixta,"Ácido Láctico, Peptidos",67.86
1244,Aqua Balm 153,Seca,"Ácido Hialurónico, Aloe Vera, Niacinamida, Retinol",72.42
1245,NightCare 3,Todo tipo,"Zinc, Aloe Vera",55.12
1246,DermaFix 230,Todo tipo,"Extracto de Té Verde, Manteca de Karité",55.41
1247,SunShield 209,Todo tipo,"Agua Termal, Pantenol, Ácido Hialurónico",44.39
1248,OilControl 263,Normal,"Aceite de Jojoba, Niacinamida, Ácido Salicílico",80.68
1249,SkinPure 259,Todo tipo,"Zinc, Aceite de Jojoba, Ácido Salicílico",194.48
1250,Aqua Balm 109,Seca,"Manteca de Karité, Niacinamida",145.42
1251,UltraSmooth 299,Madura,"Manteca de Karité, Ácido Hialurónico, Ceramidas, Aceite de Jojoba",148.4
1252,UltraSmooth 164,Acneica,"Ceramidas, Avena Coloidal, Vitamina C, Urea",111.22
1253,BrightFix 212,Sensible,"Niacinamida, Avena Coloidal, Ácido Láctico, Zinc",51.83
1254,Hydra Boost 89,Todo tipo,"Urea, Avena Coloidal, Aceite de Jojoba",30.11
1255,Fresh Dew 15,Sensible,"Avena Coloidal, Agua Termal, Glicerina",131.42
1256,AgeDefy 62,Sensible,"Glicerina, Retinol",127.56
1257,AcneFree 74,Sensible,"Avena Coloidal, Vitamina C",19.19
1258,Clear Skin 280,Sensible,"Aloe Vera, Extracto de Té Verde, Retinol, Ácido Hialurónico",45.69
1259,Glow Serum 244,Normal,"Ácido Láctico, Agua Termal, Aloe Vera, Urea",184.81
1260,DermaFix 182,Madura,"Ácido Ferúlico, Agua Termal, Vitamina C, Pantenol",59.82
1261,NutriGlow 296,Seca,"Extracto de Té Verde, Urea, Peptidos",148.36
1262,Glow Serum 152,Acneica,"Manteca de Karité, Aceite de Jojoba, Ácido Hialurónico",137.12
1263,Aqua Balm 286,Grasa,"Agua Termal, Urea, Manteca de Karité",78.7
1264,CeraPlus 198,Grasa,"Ácido Hialurónico, Extracto de Té Verde, Aloe Vera, Ácido Salicílico",137.65
1265,CeraPlus 262,Todo tipo,"Pantenol, Aceite de Jojoba",146.05
1266,CeraPlus 98,Madura,"Ceramidas, Retinol, Extracto de Té Verde",91.0
1267,CeraPlus 120,Normal,"Glicerina, Peptidos, Urea, Ceramidas",136.8
1268,Glow Serum 198,Grasa,"Ceramidas, Retinol",89.37
1269,SunShield 32,Sensible,"Pantenol, Ceramidas",164.83
1270,Clear Skin 133,Madura,"Aceite de Jojoba, Ácido Ferúlico, Ácido Salicílico",162.92
1271,DermaFix 173,Grasa,"Zinc, Pantenol, Ácido Láctico, Urea",167.92
1272,OilControl 41,Seca,"Zinc, Aceite de Jojoba",150.32
1273,Aqua Balm 98,Todo tipo,"Extracto de Té Verde, Avena Coloidal, Ceramidas, Glicerina",13.07
1274,DermaFix 174,Grasa,"Urea, Zinc, Pantenol, Extracto de Té Verde",86.23
1275,AgeDefy 15,Madura,"Retinol, Niacinamida, Aloe Vera, Agua Termal",145.68
1276,Fresh Dew 42,Madura,"Ácido Salicílico, Ácido Hialurónico",157.35
1277,RegenX 230,Sensible,"Niacinamida, Extracto de Té Verde, Peptidos, Glicerina",73.39
1278,Glow Serum 270,Seca,"Ceramidas, Retinol",47.53
1279,Clear Skin 25,Mixta,"Vitamina C, Ácido Salicílico, Extracto de Té Verde",141.56
1280,Daily Moist 60,Acneica,"Ácido Ferúlico, Aloe Vera, Niacinamida, Vitamina C",68.48
1281,RegenX 173,Madura,"Retinol, Peptidos, Aloe Vera, Zinc",189.85
1282,BrightFix 96,Sensible,"Urea, Aceite de Jojoba",75.5
1283,Silky Touch 178,Acneica,"Retinol, Avena Coloidal, Zinc, Manteca de Karité",77.28
1284,CeraPlus 92,Sensible,"Agua Termal, Glicerina, Aloe Vera, Ácido Láctico",19.44
1285,Fresh Dew 281,Sensible,"Ácido Hialurónico, Agua Termal, Avena Coloidal, Ácido Ferúlico",49.61
1286,SkinPure 176,Todo tipo,"Manteca de Karité, Zinc, Agua Termal",95.91
1287,AgeDefy 144,Grasa,"Ácido Salicílico, Pantenol",5.8
1288,Fresh Dew 117,Acneica,"Manteca de Karité, Ácido Láctico",198.58
1289,Glow Serum 126,Normal,"Glicerina, Manteca de Karité, Ácido Láctico, Ácido Hialurónico",158.88
1290,RegenX 97,Mixta,"Ácido Salicílico, Pantenol",47.23
1291,NutriGlow 221,Todo tipo,"Extracto de Té Verde, Ácido Láctico, Aloe Vera, Pantenol",105.74
1292,SunShield 239,Acneica,"Niacinamida, Glicerina",18.0
1293,Daily Moist 297,Madura,"Aceite de Jojoba, Extracto de Té Verde, Aloe Vera, Ácido Hialurónico",134.35
1294,Silky Touch 82,Normal,"Niacinamida, Retinol",193.59
1295,Aqua Balm 258,Acneica,"Zinc, Aceite de Jojoba",22.41
1296,Daily Moist 7,Todo tipo,"Urea, Peptidos, Extracto de Té Verde, Ceramidas",77.6
1297,AgeDefy 63,Normal,"Peptidos, Ácido Salicílico",185.32
1298,OilControl 82,Normal,"Ácido Salicílico, Ácido Ferúlico, Vitamina C",53.59
1299,Hydra Boost 273,Seca,"Avena Coloidal, Manteca de Karité",29.2
1300,DermaFix 2,Seca,"Niacinamida, Extracto de Té Verde, Vitamina C, Agua Termal",130.49
1301,Clear Skin 33,Seca,"Ácido Ferúlico, Ácido Hialurónico, Glicerina",156.57
1302,Fresh Dew 70,Todo tipo,"Ácido Salicílico, Aloe Vera",65.3
1303,SkinPure 23,Sensible,"Ácido Láctico, Niacinamida, Extracto de Té Verde, Peptidos",10.58
1304,AcneFree 105,Madura,"Vitamina C, Agua Termal, Retinol, Ácido Hialurónico",78.59
1305,AgeDefy 271,Grasa,"Niacinamida, Ácido Salicílico, Zinc",142.67
1306,CeraPlus 41,Acneica,"Zinc, Glicerina, Niacinamida",95.34
1307,BrightFix 218,Madura,"Aloe Vera, Ácido Hialurónico, Ácido Salicílico",51.02
1308,CeraPlus 40,Seca,"Zinc, Extracto de Té Verde, Ácido Láctico",149.64
1309,NutriGlow 60,Seca,"Ácido Salicílico, Niacinamida, Aloe Vera",109.24
1310,Aqua Balm 265,Sensible,"Peptidos, Extracto de Té Verde, Ceramidas, Pantenol",13.98
1311,Glow Serum 211,Seca,"Agua Termal, Aloe Vera, Ácido Ferúlico, Aceite de Jojoba",88.19
1312,UltraSmooth 200,Sensible,"Extracto de Té Verde, Avena Coloidal",66.23
1313,RegenX 124,Acneica,"Pantenol, Manteca de Karité",167.93
1314,UltraSmooth 77,Sensible,"Aloe Vera, Ceramidas, Glicerina",48.38
1315,SunShield 232,Grasa,"Glicerina, Ácido Salicílico, Ácido Ferúlico, Agua Termal",32.25
1316,Radiant Day 55,Todo tipo,"Ácido Salicílico, Ácido Ferúlico, Ceramidas",144.61
1317,OilControl 171,Normal,"Aceite de Jojoba, Ceramidas",44.48
1318,UltraSmooth 266,Mixta,"Niacinamida, Retinol, Ácido Hialurónico",58.16
1319,SunShield 186,Acneica,"Ceramidas, Aceite de Jojoba, Urea, Peptidos",173.64
1320,UltraSmooth 225,Acneica,"Ácido Ferúlico, Glicerina, Ácido Hialurónico, Aloe Vera",43.01
1321,Radiant Day 201,Madura,"Ácido Ferúlico, Ácido Hialurónico",148.51
1322,SunShield 147,Seca,"Ácido Ferúlico, Ácido Salicílico, Ceramidas",151.85
1323,DermaFix 262,Todo tipo,"Aloe Vera, Avena Coloidal",6.59
1324,Aqua Balm 296,Mixta,"Ácido Láctico, Manteca de Karité, Ácido Salicílico, Niacinamida",50.01
1325,Glow Serum 2,Madura,"Glicerina, Retinol, Extracto de Té Verde, Avena Coloidal",128.36
1326,CeraPlus 79,Todo tipo,"Retinol, Aceite de Jojoba, Manteca de Karité, Avena Coloidal",181.77
1327,CeraPlus 111,Madura,"Ácido Ferúlico, Ácido Salicílico, Peptidos",50.54
1328,SkinPure 110,Todo tipo,"Peptidos, Urea",185.22
1329,Glow Serum 133,Todo tipo,"Ácido Salicílico, Vitamina C, Avena Coloidal",57.03
1330,Aqua Balm 198,Todo tipo,"Ácido Láctico, Aceite de Jojoba, Agua Termal, Peptidos",53.37
1331,Silky Touch 113,Normal,"Vitamina C, Agua Termal",50.8
1332,AcneFree 115,Acneica,"Pantenol, Zinc",107.4
1333,AcneFree 125,Madura,"Pantenol, Glicerina, Avena Coloidal",154.4
1334,NightCare 224,Grasa,"Vitamina C, Ceramidas, Agua Termal",85.05
1335,Radiant Day 164,Mixta,"Ácido Hialurónico, Manteca de Karité, Aloe Vera",77.06
1336,Clear Skin 233,Normal,"Extracto de Té Verde, Ceramidas",112.5
1337,SunShield 76,Seca,"Avena Coloidal, Ácido Ferúlico",190.68
1338,BrightFix 56,Grasa,"Ácido Hialurónico, Glicerina, Ácido Ferúlico",136.52
1339,Clear Skin 51,Normal,"Agua Termal, Zinc, Ácido Láctico, Manteca de Karité",133.56
1340,AgeDefy 185,Seca,"Retinol, Peptidos",136.96
1341,NutriGlow 271,Normal,"Peptidos, Urea",118.56
1342,RegenX 196,Normal,"Manteca de Karité, Peptidos, Ácido Salicílico, Ácido Ferúlico",124.6
1343,RegenX 192,Madura,"Ácido Salicílico, Pantenol, Extracto de Té Verde",27.45
1344,Silky Touch 14,Sensible,"Manteca de Karité, Retinol, Glicerina, Ácido Salicílico",129.61
1345,RegenX 152,Normal,"Ceramidas, Zinc",53.5
1346,CeraPlus 274,Todo tipo,"Niacinamida, Extracto de Té Verde, Manteca de Karité",23.89
1347,UltraSmooth 37,Grasa,"Urea, Niacinamida, Manteca de Karité, Ácido Láctico",60.54
1348,Aqua Balm 3,Acneica,"Glicerina, Urea",130.15
1349,CeraPlus 78,Mixta,"Extracto de Té Verde, Pantenol, Urea, Niacinamida",182.06
1350,RegenX 35,Madura,"Avena Coloidal, Extracto de Té Verde, Ácido Ferúlico",34.41
1351,Clear Skin 157,Todo tipo,"Urea, Zinc",26.84
1352,BrightFix 254,Sensible,"Glicerina, Vitamina C, Peptidos",36.44
1353,NutriGlow 71,Todo tipo,"Pantenol, Agua Termal, Avena Coloidal",106.44
1354,Daily Moist 49,Seca,"Extracto de Té Verde, Vitamina C",161.8
1355,NutriGlow 195,Normal,"Extracto de Té Verde, Manteca de Karité, Retinol",113.91
1356,OilControl 158,Todo tipo,"Urea, Pantenol",192.08
1357,OilControl 38,Todo tipo,"Aceite de Jojoba, Ceramidas, Vitamina C",41.26
1358,Aqua Balm 36,Grasa,"Peptidos, Ácido Salicílico",73.62
1359,CeraPlus 160,Madura,"Vitamina C, Avena Coloidal, Ácido Ferúlico, Glicerina",119.08
1360,AcneFree 166,Acneica,"Glicerina, Ácido Ferúlico, Retinol",17.36
1361,Clear Skin 65,Madura,"Agua Termal, Ácido Hialurónico",46.51
1362,Daily Moist 149,Madura,"Niacinamida, Peptidos",120.08
1363,NutriGlow 166,Seca,"Glicerina, Zinc, Ácido Hialurónico, Pantenol",16.89
1364,Glow Serum 263,Seca,"Glicerina, Ácido Láctico, Aloe Vera",51.28
1365,Fresh Dew 213,Normal,"Ácido Hialurónico, Manteca de Karité, Ácido Ferúlico, Ceramidas",183.0
1366,OilControl 165,Sensible,"Aceite de Jojoba, Ácido Láctico, Agua Termal",60.11
1367,Aqua Balm 189,Acneica,"Peptidos, Pantenol",77.18
1368,RegenX 139,Normal,"Avena Coloidal, Ácido Hialurónico, Retinol",58.2
1369,SunShield 80,Madura,"Glicerina, Aceite de Jojoba, Ácido Salicílico, Agua Termal",52.19
1370,Glow Serum 92,Acneica,"Aceite de Jojoba, Peptidos",77.84
1371,NutriGlow 170,Grasa,"Peptidos, Niacinamida, Ácido Láctico, Ceramidas",37.94
1372,AcneFree 238,Acneica,"Avena Coloidal, Niacinamida, Manteca de Karité",119.68
1373,Hydra Boost 94,Grasa,"Retinol, Extracto de Té Verde, Ácido Láctico, Avena Coloidal",64.48
1374,BrightFix 226,Acneica,"Peptidos, Glicerina, Urea, Ácido Salicílico",128.11
1375,Silky Touch 146,Normal,"Urea, Ácido Hialurónico",8.35
1376,Fresh Dew 149,Sensible,"Ácido Salicílico, Retinol, Glicerina",43.36
1377,UltraSmooth 299,Grasa,"Ácido Salicílico, Manteca de Karité, Urea",102.44
1378,Fresh Dew 83,Normal,"Vitamina C, Zinc",150.9
1379,AgeDefy 236,Normal,"Peptidos, Retinol",49.08
1380,AgeDefy 122,Mixta,"Peptidos, Retinol, Ácido Hialurónico, Ácido Ferúlico",81.67
1381,UltraSmooth 270,Seca,"Ácido Salicílico, Ácido Ferúlico",91.86
1382,NightCare 185,Acneica,"Ácido Ferúlico, Ácido Láctico",104.16
1383,UltraSmooth 71,Madura,"Aceite de Jojoba, Retinol, Manteca de Karité, Aloe Vera",162.15
1384,CeraPlus 40,Mixta,"Pantenol, Aloe Vera",184.26
1385,Aqua Balm 150,Grasa,"Ácido Láctico, Aceite de Jojoba, Extracto de Té Verde",46.75
1386,RegenX 114,Mixta,"Ácido Láctico, Urea, Aloe Vera, Manteca de Karité",6.98
1387,Aqua Balm 1,Madura,"Pantenol, Extracto de Té Verde, Aceite de Jojoba, Agua Termal",88.3
1388,AgeDefy 179,Todo tipo,"Glicerina, Ácido Hialurónico, Niacinamida",183.52
1389,UltraSmooth 72,Acneica,"Ácido Hialurónico, Ácido Ferúlico",171.43
1390,BrightFix 137,Acneica,"Vitamina C, Pantenol, Peptidos, Niacinamida",12.5
1391,Aqua Balm 84,Sensible,"Aloe Vera, Manteca de Karité, Peptidos",35.5
1392,BrightFix 272,Madura,"Ácido Láctico, Aceite de Jojoba",57.96
1393,Aqua Balm 113,Normal,"Ceramidas, Ácido Salicílico",19.57
1394,Silky Touch 248,Acneica,"Avena Coloidal, Ácido Hialurónico, Vitamina C",165.42
1395,CeraPlus 179,Normal,"Ácido Salicílico, Pantenol",113.89
1396,Hydra Boost 140,Seca,"Retinol, Glicerina",83.1
1397,BrightFix 188,Grasa,"Aloe Vera, Niacinamida, Avena Coloidal, Manteca de Karité",23.13
1398,Fresh Dew 150,Mixta,"Pantenol, Zinc, Avena Coloidal",164.86
1399,Hydra Boost 24,Sensible,"Agua Termal, Aceite de Jojoba",110.51
1400,NutriGlow 116,Grasa,"Urea, Aloe Vera, Manteca de Karité",177.04
1401,Fresh Dew 172,Normal,"Ácido Láctico, Manteca de Karité, Niacinamida",91.34
1402,RegenX 19,Grasa,"Ácido Hialurónico, Extracto de Té Verde",29.08
1403,NutriGlow 60,Grasa,"Retinol, Zinc, Aloe Vera",142.9
1404,OilControl 116,Acneica,"Ácido Hialurónico, Pantenol",50.56
1405,Radiant Day 115,Todo tipo,"Ácido Hialurónico, Ácido Ferúlico",141.65
1406,NutriGlow 51,Sensible,"Zinc, Niacinamida, Ácido Láctico",145.07
1407,UltraSmooth 243,Madura,"Peptidos, Ácido Hialurónico",37.0
1408,SunShield 227,Madura,"Avena Coloidal, Niacinamida, Aloe Vera, Ácido Ferúlico",165.01
1409,AcneFree 21,Grasa,"Pantenol, Agua Termal, Ácido Salicílico",156.32
1410,Glow Serum 2,Mixta,"Aloe Vera, Pantenol",110.68
1411,UltraSmooth 164,Acneica,"Vitamina C, Manteca de Karité, Urea, Retinol",159.29
1412,Fresh Dew 230,Sensible,"Avena Coloidal, Urea, Ácido Hialurónico",7.63
1413,SunShield 84,Todo tipo,"Ceramidas, Agua Termal",5.56
1414,Daily Moist 119,Todo tipo,"Ácido Hialurónico, Glicerina, Agua Termal, Avena Coloidal",143.59
1415,Glow Serum 271,Mixta,"Aloe Vera, Avena Coloidal, Glicerina",111.14
1416,Fresh Dew 79,Acneica,"Agua Termal, Vitamina C, Pantenol, Urea",197.08
1417,AcneFree 108,Mixta,"Peptidos, Pantenol, Extracto de Té Verde",66.53
1418,NutriGlow 213,Seca,"Avena Coloidal, Extracto de Té Verde, Retinol",85.86
1419,AcneFree 8,Todo tipo,"Aceite de Jojoba, Peptidos, Ácido Salicílico, Retinol",65.15
1420,Glow Serum 184,Seca,"Ácido Ferúlico, Peptidos, Avena Coloidal",161.65
1421,CeraPlus 8,Normal,"Ácido Hialurónico, Pantenol, Zinc",72.54
1422,Aqua Balm 13,Normal,"Ceramidas, Pantenol, Agua Termal, Ácido Láctico",191.63
1423,OilControl 162,Acneica,"Zinc, Ácido Láctico, Avena Coloidal, Ácido Ferúlico",10.84
1424,UltraSmooth 54,Grasa,"Agua Termal, Ácido Hialurónico, Vitamina C, Retinol",114.52
1425,SkinPure 79,Todo tipo,"Ácido Salicílico, Aceite de Jojoba, Extracto de Té Verde, Vitamina C",108.2
1426,Clear Skin 228,Madura,"Peptidos, Pantenol, Ácido Hialurónico",179.48
1427,NightCare 214,Sensible,"Peptidos, Aceite de Jojoba",149.65
1428,OilControl 110,Grasa,"Ácido Salicílico, Glicerina, Peptidos, Manteca de Karité",137.57
1429,OilControl 165,Grasa,"Ácido Salicílico, Niacinamida, Ácido Ferúlico",104.13
1430,AgeDefy 60,Acneica,"Pantenol, Urea",159.76
1431,Hydra Boost 232,Normal,"Retinol, Ácido Salicílico",24.72
1432,UltraSmooth 138,Grasa,"Ceramidas, Niacinamida, Pantenol, Urea",102.74
1433,Radiant Day 264,Seca,"Ácido Salicílico, Peptidos, Aloe Vera",30.82
1434,DermaFix 226,Acneica,"Ácido Salicílico, Agua Termal, Manteca de Karité",177.37
1435,OilControl 220,Todo tipo,"Retinol, Vitamina C, Pantenol, Niacinamida",134.21
1436,SkinPure 54,Acneica,"Aceite de Jojoba, Vitamina C",13.35
1437,RegenX 21,Sensible,"Vitamina C, Niacinamida, Aceite de Jojoba, Glicerina",145.56
1438,Radiant Day 78,Sensible,"Manteca de Karité, Avena Coloidal, Ácido Hialurónico, Ácido Láctico",103.89
1439,CeraPlus 63,Mixta,"Ceramidas, Zinc, Ácido Hialurónico",71.82
1440,SkinPure 129,Acneica,"Pantenol, Ácido Láctico, Ácido Salicílico, Retinol",175.85
1441,NutriGlow 134,Grasa,"Ácido Láctico, Peptidos, Glicerina",169.49
1442,Daily Moist 263,Mixta,"Aloe Vera, Pantenol, Agua Termal, Vitamina C",191.82
1443,Aqua Balm 245,Seca,"Retinol, Ácido Hialurónico, Ácido Salicílico",149.22
1444,DermaFix 19,Seca,"Peptidos, Ceramidas",27.87
1445,Glow Serum 279,Normal,"Ácido Ferúlico, Aceite de Jojoba, Ácido Hialurónico, Avena Coloidal",171.19
1446,Hydra Boost 124,Seca,"Aceite de Jojoba, Aloe Vera, Ácido Ferúlico",95.37
1447,Silky Touch 58,Grasa,"Ácido Ferúlico, Manteca de Karité, Glicerina",83.1
1448,NightCare 251,Normal,"Avena Coloidal, Ceramidas, Niacinamida, Aloe Vera",67.62
1449,UltraSmooth 123,Madura,"Ceramidas, Retinol, Agua Termal, Ácido Láctico",78.52
1450,SunShield 204,Acneica,"Niacinamida, Vitamina C, Aceite de Jojoba, Zinc",170.58
1451,Clear Skin 5,Todo tipo,"Aceite de Jojoba, Extracto de Té Verde, Manteca de Karité, Ácido Ferúlico",116.13
1452,AgeDefy 38,Acneica,"Ácido Salicílico, Ceramidas, Peptidos, Aloe Vera",166.19
1453,AgeDefy 239,Acneica,"Ácido Salicílico, Retinol, Aloe Vera, Manteca de Karité",155.54
1454,Glow Serum 278,Acneica,"Vitamina C, Manteca de Karité",149.95
1455,SunShield 257,Todo tipo,"Aloe Vera, Ácido Salicílico, Ácido Láctico, Pantenol",66.06
1456,AcneFree 211,Normal,"Niacinamida, Ácido Salicílico, Zinc, Glicerina",62.11
1457,OilControl 253,Madura,"Aloe Vera, Peptidos, Vitamina C, Ácido Salicílico",109.02
1458,Hydra Boost 71,Grasa,"Ceramidas, Peptidos",172.62
1459,Daily Moist 214,Normal,"Extracto de Té Verde, Ácido Hialurónico, Pantenol",129.41
1460,NightCare 289,Acneica,"Ácido Hialurónico, Aceite de Jojoba, Agua Termal, Glicerina",140.88
1461,DermaFix 138,Normal,"Aloe Vera, Avena Coloidal",133.15
1462,OilControl 271,Seca,"Manteca de Karité, Aloe Vera, Niacinamida",198.14
1463,DermaFix 289,Grasa,"Vitamina C, Retinol, Ceramidas",155.69
1464,Silky Touch 131,Grasa,"Manteca de Karité, Peptidos, Extracto de Té Verde",100.7
1465,DermaFix 74,Madura,"Avena Coloidal, Ácido Ferúlico, Ácido Láctico",99.4
1466,UltraSmooth 61,Todo tipo,"Aceite de Jojoba, Vitamina C",98.25
1467,Daily Moist 137,Acneica,"Extracto de Té Verde, Agua Termal",198.74
1468,Clear Skin 29,Grasa,"Zinc, Urea, Ácido Hialurónico, Retinol",17.91
1469,UltraSmooth 78,Madura,"Niacinamida, Ácido Láctico, Aceite de Jojoba, Ceramidas",136.07
1470,AcneFree 19,Grasa,"Aloe Vera, Retinol, Vitamina C",52.72
1471,Fresh Dew 117,Grasa,"Vitamina C, Ácido Hialurónico, Aloe Vera",78.42
1472,SunShield 19,Acneica,"Ácido Hialurónico, Manteca de Karité, Glicerina",119.35
1473,NightCare 104,Grasa,"Retinol, Ácido Láctico",10.52
1474,BrightFix 284,Seca,"Extracto de Té Verde, Ceramidas, Pantenol",171.14
1475,DermaFix 233,Acneica,"Retinol, Avena Coloidal, Glicerina",121.68
1476,Clear Skin 80,Todo tipo,"Pantenol, Ácido Hialurónico",97.62
1477,SunShield 121,Madura,"Manteca de Karité, Extracto de Té Verde, Aloe Vera",134.15
1478,AcneFree 264,Acneica,"Vitamina C, Peptidos, Glicerina",155.07
1479,UltraSmooth 116,Acneica,"Peptidos, Aceite de Jojoba",33.49
1480,CeraPlus 192,Acneica,"Ácido Ferúlico, Ácido Salicílico",156.85
1481,DermaFix 193,Seca,"Avena Coloidal, Aceite de Jojoba",71.65
1482,Aqua Balm 259,Seca,"Ceramidas, Aceite de Jojoba, Agua Termal, Extracto de Té Verde",7.73
1483,Hydra Boost 269,Normal,"Zinc, Glicerina, Ácido Ferúlico",18.97
1484,Silky Touch 278,Sensible,"Peptidos, Niacinamida, Ácido Hialurónico",101.38
1485,AcneFree 63,Madura,"Aceite de Jojoba, Vitamina C",170.81
1486,NutriGlow 60,Acneica,"Aceite de Jojoba, Manteca de Karité, Ácido Salicílico",145.37
1487,AcneFree 75,Normal,"Peptidos, Ácido Láctico, Avena Coloidal",188.71
1488,Silky Touch 24,Mixta,"Niacinamida, Zinc",66.94
1489,UltraSmooth 110,Seca,"Ácido Ferúlico, Zinc",36.11
1490,OilControl 12,Normal,"Ácido Salicílico, Agua Termal, Ácido Láctico",142.9
1491,RegenX 180,Acneica,"Urea, Avena Coloidal, Ceramidas",85.28
1492,Glow Serum 252,Acneica,"Vitamina C, Pantenol",168.89
1493,Daily Moist 188,Normal,"Extracto de Té Verde, Manteca de Karité",8.59
1494,NightCare 295,Todo tipo,"Ácido Salicílico, Aceite de Jojoba",47.98
1495,CeraPlus 105,Acneica,"Manteca de Karité, Extracto de Té Verde",133.73
1496,RegenX 220,Grasa,"Ácido Ferúlico, Niacinamida, Peptidos, Extracto de Té Verde",115.63
1497,SunShield 41,Grasa,"Ácido Salicílico, Ácido Hialurónico, Manteca de Karité, Peptidos",84.59
1498,CeraPlus 245,Mixta,"Urea, Retinol",178.47
1499,Daily Moist 198,Madura,"Glicerina, Aceite de Jojoba",99.33
1500,Glow Serum 78,Todo tipo,"Aceite de Jojoba, Aloe Vera",84.6
1501,Fresh Dew 206,Sensible,"Vitamina C, Peptidos",122.51
1502,Glow Serum 197,Mixta,"Manteca de Karité, Niacinamida",52.47
1503,CeraPlus 140,Grasa,"Urea, Ácido Hialurónico, Vitamina C",198.46
1504,NightCare 97,Todo tipo,"Ácido Láctico, Aloe Vera",94.77
1505,AgeDefy 289,Seca,"Ácido Salicílico, Aloe Vera, Agua Termal, Zinc",109.87
1506,NutriGlow 93,Mixta,"Pantenol, Ácido Ferúlico",187.42
1507,Aqua Balm 132,Grasa,"Zinc, Agua Termal",166.25
1508,UltraSmooth 224,Grasa,"Vitamina C, Ceramidas, Pantenol, Zinc",182.49
1509,Glow Serum 251,Sensible,"Urea, Niacinamida, Aloe Vera",122.55
1510,BrightFix 291,Madura,"Zinc, Ceramidas, Pantenol",7.14
1511,AcneFree 21,Sensible,"Aceite de Jojoba, Zinc, Ácido Láctico",162.57
1512,NightCare 286,Normal,"Peptidos, Aloe Vera, Avena Coloidal, Manteca de Karité",135.53
1513,Radiant Day 280,Madura,"Ácido Ferúlico, Agua Termal",98.24
1514,CeraPlus 183,Mixta,"Ácido Láctico, Urea, Retinol, Extracto de Té Verde",183.34
1515,Silky Touch 78,Sensible,"Pantenol, Avena Coloidal, Peptidos, Glicerina",193.13
1516,Clear Skin 188,Seca,"Ácido Láctico, Ceramidas",46.98
1517,Fresh Dew 279,Grasa,"Ácido Hialurónico, Extracto de Té Verde, Glicerina",36.19
1518,Daily Moist 204,Seca,"Avena Coloidal, Glicerina",132.24
1519,Daily Moist 289,Acneica,"Ácido Hialurónico, Ceramidas",141.04
1520,Daily Moist 21,Madura,"Glicerina, Ácido Salicílico, Manteca de Karité, Niacinamida",104.81
1521,Clear Skin 224,Seca,"Pantenol, Ácido Salicílico",184.19
1522,Fresh Dew 299,Grasa,"Ácido Salicílico, Niacinamida, Ácido Ferúlico, Ácido Láctico",24.35
1523,Daily Moist 168,Seca,"Aceite de Jojoba, Ceramidas",14.75
1524,AcneFree 66,Seca,"Manteca de Karité, Glicerina, Extracto de Té Verde, Niacinamida",128.9
1525,SunShield 105,Todo tipo,"Ácido Ferúlico, Glicerina, Ceramidas",86.88
1526,RegenX 29,Grasa,"Urea, Peptidos, Glicerina",29.6
1527,Daily Moist 86,Acneica,"Ácido Láctico, Urea, Pantenol",9.29
1528,CeraPlus 252,Acneica,"Ácido Salicílico, Ácido Ferúlico, Agua Termal",36.98
1529,Fresh Dew 94,Acneica,"Pantenol, Agua Termal, Ácido Salicílico",90.17
1530,Glow Serum 217,Todo tipo,"Extracto de Té Verde, Aloe Vera",134.15
1531,Hydra Boost 123,Todo tipo,"Manteca de Karité, Vitamina C, Zinc, Aceite de Jojoba",168.02
1532,Fresh Dew 10,Sensible,"Zinc, Avena Coloidal",177.84
1533,Daily Moist 27,Madura,"Manteca de Karité, Ácido Salicílico, Vitamina C",42.28
1534,Aqua Balm 152,Grasa,"Retinol, Ácido Ferúlico, Aloe Vera",160.05
1535,DermaFix 284,Mixta,"Ácido Hialurónico, Pantenol, Agua Termal",129.18
1536,Silky Touch 68,Grasa,"Aceite de Jojoba, Avena Coloidal, Glicerina, Peptidos",132.1
1537,Silky Touch 154,Seca,"Agua Termal, Niacinamida, Aceite de Jojoba, Peptidos",93.19
1538,OilControl 113,Todo tipo,"Pantenol, Ácido Salicílico, Aceite de Jojoba, Ácido Láctico",174.0
1539,Glow Serum 266,Acneica,"Ácido Láctico, Vitamina C, Aceite de Jojoba, Avena Coloidal",55.69
1540,SkinPure 84,Madura,"Extracto de Té Verde, Retinol, Avena Coloidal",121.17
1541,OilControl 82,Grasa,"Manteca de Karité, Agua Termal",27.11
1542,Aqua Balm 158,Normal,"Agua Termal, Vitamina C, Avena Coloidal",49.0
1543,NutriGlow 134,Seca,"Agua Termal, Ácido Salicílico, Avena Coloidal, Aceite de Jojoba",93.26
1544,Hydra Boost 95,Todo tipo,"Ácido Ferúlico, Glicerina",131.18
1545,AgeDefy 46,Mixta,"Pantenol, Peptidos, Ácido Láctico",56.79
1546,DermaFix 100,Todo tipo,"Niacinamida, Aceite de Jojoba, Urea",143.2
1547,Daily Moist 139,Madura,"Avena Coloidal, Peptidos, Urea",85.49
1548,Fresh Dew 203,Normal,"Avena Coloidal, Manteca de Karité, Vitamina C",98.81
1549,UltraSmooth 280,Madura,"Ácido Ferúlico, Ceramidas, Retinol",151.09
1550,Silky Touch 8,Normal,"Extracto de Té Verde, Agua Termal",30.75
1551,SunShield 55,Acneica,"Ácido Hialurónico, Ceramidas, Glicerina",97.12
1552,Aqua Balm 219,Normal,"Agua Termal, Retinol, Ceramidas, Peptidos",22.03
1553,BrightFix 35,Grasa,"Ácido Láctico, Zinc, Aloe Vera, Aceite de Jojoba",167.11
1554,NutriGlow 99,Todo tipo,"Ceramidas, Urea",96.5
1555,SunShield 40,Normal,"Glicerina, Aloe Vera, Urea, Pantenol",164.6
1556,AcneFree 5,Acneica,"Glicerina, Pantenol",137.69
1557,CeraPlus 231,Acneica,"Ácido Láctico, Ácido Hialurónico, Aloe Vera",158.48
1558,SunShield 257,Todo tipo,"Retinol, Ceramidas, Ácido Hialurónico, Niacinamida",104.4
1559,Silky Touch 231,Seca,"Agua Termal, Pantenol, Vitamina C",53.41
1560,AcneFree 251,Grasa,"Extracto de Té Verde, Ácido Ferúlico",54.92
1561,Clear Skin 147,Sensible,"Niacinamida, Aceite de Jojoba, Ceramidas",125.67
1562,Clear Skin 57,Seca,"Avena Coloidal, Pantenol, Ácido Ferúlico",150.22
1563,RegenX 281,Sensible,"Extracto de Té Verde, Vitamina C, Zinc",160.44
1564,Aqua Balm 184,Acneica,"Vitamina C, Retinol, Extracto de Té Verde, Ácido Ferúlico",170.6
1565,DermaFix 169,Normal,"Extracto de Té Verde, Ceramidas, Pantenol",10.26
1566,AgeDefy 91,Todo tipo,"Aloe Vera, Aceite de Jojoba, Urea, Ácido Salicílico",192.24
1567,NightCare 61,Madura,"Vitamina C, Peptidos",75.27
1568,Glow Serum 101,Todo tipo,"Urea, Manteca de Karité, Pantenol, Ácido Hialurónico",105.96
1569,Daily Moist 145,Seca,"Urea, Aloe Vera, Agua Termal",183.33
1570,DermaFix 142,Mixta,"Urea, Vitamina C, Ácido Salicílico, Ácido Ferúlico",136.08
1571,NightCare 165,Seca,"Niacinamida, Aloe Vera",12.33
1572,BrightFix 32,Normal,"Niacinamida, Ácido Hialurónico, Ácido Láctico",142.88
1573,UltraSmooth 225,Normal,"Aceite de Jojoba, Glicerina",91.18
1574,NutriGlow 207,Madura,"Ácido Láctico, Manteca de Karité",32.71
1575,Radiant Day 64,Mixta,"Extracto de Té Verde, Zinc, Ácido Salicílico, Aceite de Jojoba",132.7
1576,DermaFix 90,Seca,"Pantenol, Ácido Ferúlico",58.72
1577,RegenX 277,Grasa,"Ácido Hialurónico, Peptidos",84.48
1578,BrightFix 103,Seca,"Vitamina C, Pantenol, Ácido Láctico, Aloe Vera",22.6
1579,AgeDefy 129,Grasa,"Avena Coloidal, Aloe Vera, Manteca de Karité",146.86
1580,Fresh Dew 248,Normal,"Peptidos, Extracto de Té Verde, Vitamina C, Aceite de Jojoba",156.27
1581,Hydra Boost 179,Mixta,"Aceite de Jojoba, Ácido Hialurónico",6.89
1582,OilControl 296,Mixta,"Zinc, Retinol, Aloe Vera",97.24
1583,Radiant Day 153,Mixta,"Glicerina, Manteca de Karité",26.11
1584,Radiant Day 119,Grasa,"Zinc, Manteca de Karité",36.17
1585,Glow Serum 11,Acneica,"Urea, Ácido Ferúlico, Ácido Hialurónico",33.08
1586,RegenX 156,Grasa,"Ácido Hialurónico, Agua Termal",164.6
1587,SkinPure 2,Madura,"Ácido Hialurónico, Pantenol",119.2
1588,Fresh Dew 162,Acneica,"Pantenol, Urea, Ácido Láctico, Extracto de Té Verde",111.91
1589,SkinPure 170,Seca,"Extracto de Té Verde, Aloe Vera",100.64
1590,Fresh Dew 13,Normal,"Peptidos, Aceite de Jojoba",70.92
1591,SkinPure 300,Mixta,"Urea, Niacinamida, Ácido Hialurónico, Zinc",191.57
1592,Fresh Dew 280,Sensible,"Aloe Vera, Ácido Hialurónico, Extracto de Té Verde, Retinol",139.2
1593,Silky Touch 213,Madura,"Ácido Salicílico, Retinol, Ácido Láctico, Ceramidas",66.3
1594,Fresh Dew 207,Mixta,"Ácido Hialurónico, Ácido Ferúlico, Vitamina C",194.02
1595,Radiant Day 71,Todo tipo,"Peptidos, Manteca de Karité",33.9
1596,Daily Moist 299,Normal,"Peptidos, Niacinamida, Glicerina, Manteca de Karité",136.83
1597,RegenX 238,Normal,"Vitamina C, Peptidos",119.56
1598,DermaFix 17,Normal,"Ácido Láctico, Retinol, Aloe Vera",131.79
1599,SkinPure 292,Sensible,"Ácido Salicílico, Vitamina C, Avena Coloidal",156.44
1600,SunShield 155,Acneica,"Aceite de Jojoba, Peptidos, Ácido Láctico, Ácido Hialurónico",120.54
1601,NightCare 115,Acneica,"Ácido Salicílico, Zinc, Glicerina",167.76
1602,Silky Touch 105,Acneica,"Niacinamida, Urea, Ácido Ferúlico",116.73
1603,RegenX 179,Acneica,"Ácido Hialurónico, Glicerina, Niacinamida, Pantenol",93.46
1604,NightCare 62,Sensible,"Urea, Ácido Láctico, Ceramidas, Ácido Hialurónico",26.1
1605,Aqua Balm 283,Acneica,"Extracto de Té Verde, Manteca de Karité",116.05
1606,NightCare 295,Grasa,"Zinc, Ácido Salicílico, Urea, Pantenol",122.54
1607,NutriGlow 298,Normal,"Ácido Láctico, Agua Termal",128.86
1608,AgeDefy 253,Sensible,"Ácido Hialurónico, Peptidos, Ceramidas, Ácido Ferúlico",159.84
1609,Fresh Dew 147,Mixta,"Aceite de Jojoba, Pantenol, Ácido Hialurónico, Extracto de Té Verde",123.38
1610,NutriGlow 222,Sensible,"Zinc, Ceramidas, Aceite de Jojoba",121.01
1611,NutriGlow 235,Sensible,"Retinol, Pantenol",77.6
1612,NightCare 57,Grasa,"Ácido Hialurónico, Aceite de Jojoba, Ácido Salicílico, Niacinamida",191.88
1613,Daily Moist 159,Sensible,"Ácido Salicílico, Peptidos, Retinol, Pantenol",41.95
1614,Silky Touch 30,Grasa,"Pantenol, Zinc",19.0
1615,CeraPlus 190,Grasa,"Ácido Salicílico, Ceramidas, Pantenol",189.88
1616,Daily Moist 215,Normal,"Aloe Vera, Ácido Salicílico, Pantenol, Vitamina C",165.76
1617,Hydra Boost 235,Grasa,"Extracto de Té Verde, Avena Coloidal",148.39
1618,BrightFix 103,Madura,"Ácido Salicílico, Ácido Láctico, Extracto de Té Verde, Aloe Vera",5.31
1619,CeraPlus 210,Seca,"Urea, Aceite de Jojoba",101.27
1620,RegenX 256,Grasa,"Urea, Glicerina, Extracto de Té Verde",198.45
1621,NutriGlow 55,Grasa,"Zinc, Ácido Salicílico",62.91
1622,BrightFix 96,Seca,"Glicerina, Ácido Láctico, Manteca de Karité",124.85
1623,Clear Skin 295,Seca,"Ácido Hialurónico, Ácido Láctico, Niacinamida",123.17
1624,Hydra Boost 256,Seca,"Ácido Ferúlico, Glicerina",172.79
1625,SkinPure 73,Acneica,"Ácido Láctico, Manteca de Karité, Niacinamida",59.44
1626,RegenX 274,Acneica,"Avena Coloidal, Ácido Salicílico, Zinc, Peptidos",173.19
1627,Aqua Balm 175,Madura,"Ácido Hialurónico, Extracto de Té Verde",110.39
1628,CeraPlus 271,Todo tipo,"Zinc, Urea, Ácido Hialurónico",25.87
1629,Radiant Day 83,Todo tipo,"Urea, Ácido Ferúlico, Zinc",12.77
1630,NutriGlow 60,Todo tipo,"Avena Coloidal, Vitamina C, Agua Termal, Ceramidas",170.43
1631,AcneFree 257,Normal,"Extracto de Té Verde, Vitamina C",52.67
1632,Glow Serum 118,Madura,"Aloe Vera, Ceramidas",187.95
1633,Daily Moist 21,Mixta,"Ácido Hialurónico, Peptidos, Agua Termal, Aloe Vera",185.69
1634,Hydra Boost 75,Grasa,"Ceramidas, Ácido Láctico, Ácido Hialurónico",11.73
1635,DermaFix 181,Madura,"Ceramidas, Ácido Salicílico, Vitamina C, Aloe Vera",84.25
1636,AgeDefy 78,Todo tipo,"Ácido Hialurónico, Zinc, Vitamina C",116.49
1637,Hydra Boost 260,Seca,"Aloe Vera, Ácido Salicílico, Peptidos, Agua Termal",121.11
1638,Silky Touch 47,Mixta,"Zinc, Avena Coloidal, Retinol, Vitamina C",196.96
1639,NightCare 204,Grasa,"Aloe Vera, Urea",19.42
1640,UltraSmooth 6,Madura,"Pantenol, Retinol",27.99
1641,RegenX 5,Sensible,"Glicerina, Ácido Láctico, Agua Termal, Manteca de Karité",183.64
1642,RegenX 267,Seca,"Glicerina, Ácido Hialurónico, Retinol",75.87
1643,Hydra Boost 165,Todo tipo,"Ácido Salicílico, Urea",156.9
1644,UltraSmooth 6,Acneica,"Ácido Ferúlico, Peptidos",24.13
1645,Glow Serum 221,Seca,"Glicerina, Retinol, Ácido Salicílico, Aloe Vera",32.97
1646,SunShield 52,Madura,"Ceramidas, Aceite de Jojoba, Ácido Láctico",35.03
1647,RegenX 80,Madura,"Ceramidas, Urea, Ácido Ferúlico",164.19
1648,Glow Serum 60,Grasa,"Ácido Ferúlico, Vitamina C, Manteca de Karité",91.77
1649,AcneFree 81,Normal,"Glicerina, Zinc",52.05
1650,NightCare 262,Madura,"Ácido Hialurónico, Ceramidas, Aceite de Jojoba, Glicerina",103.71
1651,SunShield 277,Normal,"Aloe Vera, Extracto de Té Verde, Ácido Hialurónico, Vitamina C",112.77
1652,Clear Skin 181,Sensible,"Urea, Avena Coloidal, Ácido Láctico",167.05
1653,DermaFix 241,Acneica,"Ácido Ferúlico, Ceramidas, Ácido Láctico",68.51
1654,Radiant Day 175,Madura,"Agua Termal, Peptidos",102.59
1655,AgeDefy 112,Seca,"Glicerina, Ácido Salicílico",57.88
1656,Radiant Day 280,Grasa,"Retinol, Aceite de Jojoba, Manteca de Karité, Niacinamida",157.05
1657,Hydra Boost 25,Sensible,"Pantenol, Zinc, Ácido Láctico",22.66
1658,AgeDefy 101,Madura,"Avena Coloidal, Glicerina, Ceramidas, Pantenol",79.46
1659,BrightFix 16,Acneica,"Ácido Ferúlico, Extracto de Té Verde, Urea, Niacinamida",127.43
1660,BrightFix 269,Todo tipo,"Ceramidas, Ácido Salicílico",15.8
1661,NutriGlow 225,Sensible,"Ácido Ferúlico, Urea, Avena Coloidal",141.34
1662,Radiant Day 14,Todo tipo,"Ceramidas, Zinc, Ácido Hialurónico",5.81
1663,RegenX 26,Seca,"Ácido Salicílico, Peptidos, Ceramidas",18.71
1664,SunShield 269,Acneica,"Pantenol, Extracto de Té Verde, Zinc, Aceite de Jojoba",89.99
1665,CeraPlus 72,Sensible,"Avena Coloidal, Vitamina C, Ácido Ferúlico",183.82
1666,AcneFree 225,Todo tipo,"Agua Termal, Ceramidas",185.77
1667,AcneFree 285,Grasa,"Agua Termal, Zinc, Avena Coloidal",81.32
1668,Hydra Boost 139,Madura,"Vitamina C, Ácido Hialurónico",184.01
1669,Radiant Day 141,Grasa,"Manteca de Karité, Pantenol, Avena Coloidal",44.18
1670,OilControl 217,Sensible,"Pantenol, Manteca de Karité",177.75
1671,OilControl 40,Sensible,"Avena Coloidal, Ácido Salicílico",185.94
1672,Fresh Dew 256,Sensible,"Ácido Ferúlico, Avena Coloidal, Manteca de Karité, Peptidos",148.06
1673,NutriGlow 271,Mixta,"Glicerina, Vitamina C, Avena Coloidal",94.82
1674,UltraSmooth 246,Mixta,"Peptidos, Vitamina C, Ácido Hialurónico, Aloe Vera",165.32
1675,NutriGlow 224,Seca,"Aloe Vera, Manteca de Karité, Avena Coloidal, Peptidos",122.29
1676,BrightFix 135,Mixta,"Vitamina C, Avena Coloidal, Manteca de Karité, Aceite de Jojoba",91.82
1677,Glow Serum 149,Mixta,"Ácido Ferúlico, Ácido Hialurónico, Zinc, Aloe Vera",75.74
1678,Fresh Dew 185,Seca,"Ceramidas, Manteca de Karité, Glicerina",130.04
1679,CeraPlus 271,Todo tipo,"Niacinamida, Zinc, Ácido Láctico",64.16
1680,Aqua Balm 73,Mixta,"Ácido Salicílico, Urea, Pantenol",66.27
1681,Silky Touch 20,Normal,"Pantenol, Peptidos, Urea, Niacinamida",6.36
1682,RegenX 222,Sensible,"Vitamina C, Ácido Láctico, Glicerina",91.45
1683,Hydra Boost 228,Normal,"Aloe Vera, Ceramidas, Avena Coloidal, Urea",19.28
1684,Aqua Balm 170,Seca,"Vitamina C, Aceite de Jojoba",91.31
1685,NutriGlow 54,Grasa,"Ácido Salicílico, Zinc, Peptidos, Glicerina",93.64
1686,CeraPlus 177,Sensible,"Ácido Ferúlico, Aceite de Jojoba, Manteca de Karité",29.52
1687,Silky Touch 33,Todo tipo,"Agua Termal, Aloe Vera",22.44
1688,OilControl 198,Madura,"Extracto de Té Verde, Retinol, Ácido Hialurónico, Aloe Vera",42.92
1689,Fresh Dew 112,Acneica,"Agua Termal, Aloe Vera",136.87
1690,RegenX 175,Madura,"Ácido Láctico, Ácido Ferúlico, Retinol, Urea",70.25
1691,Silky Touch 164,Mixta,"Zinc, Niacinamida, Vitamina C, Peptidos",107.85
1692,SunShield 167,Madura,"Ácido Hialurónico, Urea, Ceramidas",97.48
1693,Silky Touch 184,Sensible,"Aceite de Jojoba, Glicerina",188.16
1694,RegenX 215,Acneica,"Niacinamida, Aloe Vera",85.34
1695,Glow Serum 139,Acneica,"Ácido Ferúlico, Ácido Salicílico, Glicerina, Ceramidas",183.63
1696,Glow Serum 233,Grasa,"Peptidos, Zinc",112.53
1697,SunShield 277,Mixta,"Retinol, Avena Coloidal",140.46
1698,Radiant Day 123,Acneica,"Aloe Vera, Vitamina C, Manteca de Karité, Avena Coloidal",178.83
1699,SkinPure 95,Seca,"Avena Coloidal, Ceramidas",95.26
1700,Fresh Dew 136,Mixta,"Aceite de Jojoba, Zinc, Urea",58.54
1701,Daily Moist 118,Madura,"Aloe Vera, Ceramidas, Zinc, Ácido Láctico",197.9
1702,AcneFree 57,Madura,"Ácido Salicílico, Glicerina, Zinc, Vitamina C",115.07
1703,CeraPlus 152,Sensible,"Ácido Hialurónico, Manteca de Karité, Aceite de Jojoba, Urea",166.43
1704,Fresh Dew 113,Todo tipo,"Avena Coloidal, Ácido Ferúlico",120.87
1705,NutriGlow 246,Madura,"Aceite de Jojoba, Extracto de Té Verde, Urea, Zinc",179.18
1706,Hydra Boost 147,Sensible,"Peptidos, Aloe Vera",10.03
1707,BrightFix 180,Mixta,"Retinol, Aloe Vera, Vitamina C",120.13
1708,NutriGlow 131,Todo tipo,"Niacinamida, Zinc, Agua Termal, Manteca de Karité",93.91
1709,Aqua Balm 200,Seca,"Glicerina, Pantenol, Vitamina C, Ácido Ferúlico",89.17
1710,Aqua Balm 127,Normal,"Zinc, Urea",155.32
1711,BrightFix 240,Grasa,"Urea, Extracto de Té Verde, Ácido Ferúlico",154.81
1712,RegenX 229,Normal,"Ácido Ferúlico, Aloe Vera",189.16
1713,RegenX 160,Normal,"Pantenol, Urea, Extracto de Té Verde",192.34
1714,AcneFree 16,Sensible,"Vitamina C, Ácido Láctico, Peptidos",70.68
1715,NutriGlow 181,Normal,"Retinol, Ceramidas, Agua Termal",151.57
1716,Radiant Day 230,Madura,"Ceramidas, Ácido Salicílico, Niacinamida",132.66
1717,SunShield 73,Seca,"Peptidos, Ácido Ferúlico, Vitamina C, Glicerina",109.43
1718,SkinPure 225,Seca,"Zinc, Pantenol",192.24
1719,Radiant Day 235,Normal,"Aceite de Jojoba, Peptidos, Urea",140.61
1720,DermaFix 179,Mixta,"Manteca de Karité, Zinc",105.57
1721,NutriGlow 12,Todo tipo,"Ácido Ferúlico, Agua Termal, Ceramidas, Retinol",182.75
1722,SunShield 284,Normal,"Manteca de Karité, Aloe Vera, Vitamina C, Zinc",5.69
1723,Glow Serum 38,Normal,"Glicerina, Retinol, Extracto de Té Verde",98.63
1724,Hydra Boost 166,Madura,"Pantenol, Peptidos, Niacinamida, Avena Coloidal",197.01
1725,NutriGlow 56,Todo tipo,"Extracto de Té Verde, Ceramidas, Ácido Salicílico, Peptidos",115.01
1726,Glow Serum 62,Sensible,"Ácido Salicílico, Pantenol, Urea",23.59
1727,SkinPure 29,Madura,"Glicerina, Avena Coloidal",120.39
1728,Daily Moist 104,Sensible,"Avena Coloidal, Glicerina",14.5
1729,DermaFix 169,Seca,"Aceite de Jojoba, Ácido Ferúlico",90.64
1730,Radiant Day 174,Acneica,"Avena Coloidal, Vitamina C, Aloe Vera",84.02
1731,NightCare 196,Madura,"Ácido Láctico, Retinol, Niacinamida, Aceite de Jojoba",90.05
1732,Radiant Day 170,Sensible,"Ácido Láctico, Niacinamida, Ácido Ferúlico",198.48
1733,Fresh Dew 262,Acneica,"Urea, Ácido Ferúlico",113.2
1734,Glow Serum 286,Acneica,"Aceite de Jojoba, Ácido Salicílico, Manteca de Karité, Urea",17.27
1735,OilControl 22,Madura,"Extracto de Té Verde, Vitamina C, Ácido Salicílico",70.37
1736,SkinPure 219,Mixta,"Urea, Ácido Láctico, Pantenol",184.88
1737,NightCare 130,Sensible,"Ácido Láctico, Aceite de Jojoba, Ácido Ferúlico, Niacinamida",105.57
1738,CeraPlus 75,Mixta,"Glicerina, Avena Coloidal, Urea, Agua Termal",36.71
1739,AcneFree 124,Normal,"Ácido Salicílico, Urea, Ácido Hialurónico, Peptidos",179.62
1740,Aqua Balm 88,Acneica,"Aceite de Jojoba, Avena Coloidal, Agua Termal, Ácido Hialurónico",144.49
1741,AgeDefy 203,Normal,"Urea, Retinol, Peptidos",7.89
1742,NutriGlow 47,Sensible,"Ceramidas, Pantenol",135.01
1743,Silky Touch 181,Madura,"Aceite de Jojoba, Agua Termal, Pantenol",125.14
1744,Aqua Balm 231,Madura,"Aceite de Jojoba, Ácido Salicílico",60.47
1745,SunShield 135,Sensible,"Glicerina, Peptidos, Avena Coloidal, Ácido Láctico",60.32
1746,NutriGlow 223,Todo tipo,"Aceite de Jojoba, Niacinamida, Glicerina",62.64
1747,Daily Moist 252,Sensible,"Glicerina, Agua Termal, Urea, Aloe Vera",157.08
1748,Radiant Day 132,Seca,"Ceramidas, Pantenol, Agua Termal",27.35
1749,BrightFix 131,Sensible,"Pantenol, Ácido Salicílico, Aceite de Jojoba",121.64
1750,CeraPlus 28,Mixta,"Retinol, Urea, Pantenol",68.9
1751,Aqua Balm 138,Madura,"Urea, Peptidos, Pantenol, Agua Termal",150.35
1752,SunShield 223,Mixta,"Niacinamida, Aloe Vera, Ácido Hialurónico, Ceramidas",72.19
1753,Glow Serum 57,Todo tipo,"Zinc, Avena Coloidal, Vitamina C, Ácido Hialurónico",29.36
1754,Silky Touch 298,Todo tipo,"Avena Coloidal, Extracto de Té Verde, Ceramidas",170.75
1755,Hydra Boost 217,Sensible,"Aceite de Jojoba, Pantenol, Zinc, Glicerina",65.74
1756,AgeDefy 192,Grasa,"Agua Termal, Aloe Vera, Zinc",77.97
1757,Daily Moist 279,Grasa,"Peptidos, Ceramidas, Vitamina C, Pantenol",133.76
1758,Clear Skin 273,Sensible,"Pantenol, Aloe Vera, Urea, Ácido Ferúlico",9.67
1759,OilControl 33,Seca,"Zinc, Ácido Láctico, Manteca de Karité, Glicerina",44.78
1760,Clear Skin 286,Normal,"Pantenol, Avena Coloidal, Vitamina C, Ácido Hialurónico",65.17
1761,UltraSmooth 150,Mixta,"Glicerina, Retinol, Urea, Agua Termal",8.09
1762,DermaFix 120,Sensible,"Ácido Salicílico, Vitamina C",50.14
1763,Daily Moist 26,Mixta,"Aloe Vera, Extracto de Té Verde, Manteca de Karité",66.85
1764,Glow Serum 290,Mixta,"Ceramidas, Glicerina, Agua Termal",52.33
1765,RegenX 24,Acneica,"Zinc, Peptidos",47.37
1766,Silky Touch 60,Grasa,"Ceramidas, Ácido Hialurónico, Niacinamida",119.37
1767,AgeDefy 77,Todo tipo,"Agua Termal, Ceramidas, Vitamina C",80.56
1768,OilControl 123,Mixta,"Agua Termal, Vitamina C, Peptidos",26.05
1769,AcneFree 193,Acneica,"Glicerina, Ácido Láctico, Aloe Vera",66.1
1770,Aqua Balm 185,Todo tipo,"Peptidos, Retinol",165.64
1771,OilControl 198,Madura,"Avena Coloidal, Ácido Salicílico",184.27
1772,NutriGlow 12,Todo tipo,"Ácido Láctico, Ácido Ferúlico",39.13
1773,CeraPlus 286,Todo tipo,"Glicerina, Ácido Hialurónico",132.26
1774,Glow Serum 53,Madura,"Ácido Ferúlico, Retinol",75.8
1775,SunShield 157,Acneica,"Ácido Salicílico, Ácido Hialurónico, Avena Coloidal",103.49
1776,Daily Moist 252,Seca,"Aloe Vera, Ácido Hialurónico",53.79
1777,AgeDefy 300,Acneica,"Niacinamida, Ácido Hialurónico, Avena Coloidal",53.1
1778,Daily Moist 278,Sensible,"Ácido Hialurónico, Aceite de Jojoba",193.58
1779,Radiant Day 15,Sensible,"Niacinamida, Zinc, Vitamina C, Retinol",199.91
1780,Fresh Dew 159,Normal,"Ácido Ferúlico, Avena Coloidal, Peptidos",159.75
1781,Fresh Dew 37,Madura,"Peptidos, Urea",96.98
1782,NutriGlow 79,Madura,"Peptidos, Agua Termal",131.3
1783,OilControl 175,Normal,"Extracto de Té Verde, Agua Termal, Aceite de Jojoba",58.23
1784,Hydra Boost 240,Todo tipo,"Retinol, Avena Coloidal",13.07
1785,NutriGlow 121,Mixta,"Ácido Salicílico, Niacinamida, Ácido Ferúlico, Aloe Vera",33.13
1786,AcneFree 132,Seca,"Avena Coloidal, Extracto de Té Verde, Niacinamida, Zinc",168.92
1787,CeraPlus 232,Madura,"Niacinamida, Glicerina, Aceite de Jojoba, Aloe Vera",83.72
1788,AgeDefy 100,Grasa,"Peptidos, Agua Termal",190.98
1789,Silky Touch 269,Madura,"Manteca de Karité, Ceramidas, Urea",186.21
1790,RegenX 245,Madura,"Extracto de Té Verde, Ceramidas, Manteca de Karité, Vitamina C",104.54
1791,AgeDefy 85,Normal,"Zinc, Avena Coloidal",63.62
1792,Clear Skin 166,Todo tipo,"Ácido Láctico, Peptidos",93.74
1793,DermaFix 159,Acneica,"Ceramidas, Ácido Salicílico, Avena Coloidal, Ácido Láctico",131.25
1794,Fresh Dew 26,Seca,"Zinc, Pantenol, Ácido Hialurónico, Ácido Salicílico",63.84
1795,BrightFix 210,Sensible,"Extracto de Té Verde, Glicerina, Avena Coloidal, Vitamina C",142.28
1796,Aqua Balm 251,Madura,"Retinol, Aceite de Jojoba",89.5
1797,Hydra Boost 259,Todo tipo,"Retinol, Vitamina C",78.83
1798,CeraPlus 287,Normal,"Urea, Pantenol, Ceramidas",84.58
1799,BrightFix 74,Grasa,"Agua Termal, Aceite de Jojoba, Vitamina C, Glicerina",139.66
1800,Silky Touch 275,Sensible,"Aloe Vera, Ceramidas, Agua Termal, Ácido Láctico",127.38
1801,NightCare 300,Grasa,"Aceite de Jojoba, Ácido Láctico, Ácido Salicílico",195.15
1802,Silky Touch 276,Madura,"Peptidos, Extracto de Té Verde, Urea",153.02
1803,Silky Touch 107,Todo tipo,"Ceramidas, Pantenol, Zinc",82.11
1804,RegenX 129,Grasa,"Zinc, Agua Termal, Ácido Ferúlico",5.42
1805,Daily Moist 194,Grasa,"Peptidos, Avena Coloidal, Ceramidas",64.15
1806,UltraSmooth 233,Sensible,"Urea, Ácido Hialurónico",162.98
1807,UltraSmooth 241,Seca,"Ácido Láctico, Glicerina, Avena Coloidal",146.2
1808,Daily Moist 219,Seca,"Ceramidas, Ácido Hialurónico, Vitamina C",12.71
1809,UltraSmooth 108,Madura,"Niacinamida, Ácido Hialurónico",63.96
1810,SkinPure 259,Seca,"Ácido Ferúlico, Zinc, Agua Termal",76.76
1811,Aqua Balm 108,Todo tipo,"Glicerina, Ácido Hialurónico, Peptidos",164.84
1812,AcneFree 276,Grasa,"Ceramidas, Aloe Vera, Ácido Ferúlico",142.68
1813,Daily Moist 191,Mixta,"Ácido Salicílico, Retinol",173.28
1814,Daily Moist 28,Seca,"Agua Termal, Peptidos, Manteca de Karité, Ácido Hialurónico",89.34
1815,SkinPure 170,Acneica,"Aceite de Jojoba, Pantenol, Zinc, Glicerina",25.46
1816,Silky Touch 191,Mixta,"Pantenol, Extracto de Té Verde",194.85
1817,Hydra Boost 58,Normal,"Retinol, Ácido Salicílico, Niacinamida, Agua Termal",127.15
1818,SkinPure 110,Sensible,"Retinol, Agua Termal",11.74
1819,NutriGlow 282,Seca,"Glicerina, Agua Termal",163.84
1820,Clear Skin 273,Todo tipo,"Ácido Láctico, Ácido Hialurónico, Manteca de Karité",98.97
1821,Hydra Boost 34,Normal,"Peptidos, Manteca de Karité",68.81
1822,NightCare 148,Seca,"Manteca de Karité, Ceramidas, Niacinamida",115.78
1823,DermaFix 44,Madura,"Extracto de Té Verde, Vitamina C, Ácido Salicílico",178.09
1824,NutriGlow 209,Mixta,"Ácido Hialurónico, Ceramidas, Aloe Vera",51.66
1825,DermaFix 109,Sensible,"Retinol, Ácido Hialurónico, Ácido Ferúlico",72.23
1826,AgeDefy 59,Mixta,"Zinc, Extracto de Té Verde, Avena Coloidal",134.12
1827,Hydra Boost 261,Todo tipo,"Aloe Vera, Extracto de Té Verde, Glicerina, Pantenol",42.6
1828,OilControl 23,Sensible,"Aceite de Jojoba, Ácido Ferúlico, Zinc, Ceramidas",23.76
1829,AcneFree 274,Sensible,"Agua Termal, Pantenol",119.23
1830,OilControl 26,Normal,"Niacinamida, Ácido Hialurónico, Manteca de Karité",60.06
1831,Clear Skin 46,Grasa,"Ácido Salicílico, Retinol",140.81
1832,AcneFree 99,Acneica,"Urea, Ácido Láctico, Ácido Ferúlico",100.95
1833,Glow Serum 277,Acneica,"Glicerina, Peptidos, Ceramidas, Zinc",75.92
1834,Clear Skin 241,Normal,"Zinc, Ácido Láctico, Niacinamida, Avena Coloidal",54.13
1835,NutriGlow 196,Madura,"Peptidos, Extracto de Té Verde",28.72
1836,Radiant Day 196,Normal,"Ácido Hialurónico, Extracto de Té Verde",103.62
1837,DermaFix 168,Mixta,"Pantenol, Ácido Ferúlico",113.99
1838,AcneFree 40,Sensible,"Aceite de Jojoba, Avena Coloidal, Ácido Hialurónico, Zinc",78.07
1839,Fresh Dew 198,Mixta,"Ácido Salicílico, Pantenol",135.49
1840,Silky Touch 74,Acneica,"Pantenol, Ácido Láctico",39.6
1841,Radiant Day 260,Grasa,"Zinc, Retinol",113.69
1842,Glow Serum 14,Acneica,"Avena Coloidal, Retinol",129.13
1843,Radiant Day 88,Todo tipo,"Urea, Glicerina",44.91
1844,NutriGlow 40,Grasa,"Ácido Láctico, Ceramidas, Ácido Salicílico",36.76
1845,Silky Touch 51,Sensible,"Retinol, Agua Termal",109.78
1846,DermaFix 224,Todo tipo,"Aceite de Jojoba, Retinol",130.42
1847,Clear Skin 93,Grasa,"Retinol, Niacinamida, Ceramidas",154.31
1848,NutriGlow 300,Normal,"Aloe Vera, Agua Termal",105.95
1849,Clear Skin 37,Sensible,"Pantenol, Ácido Hialurónico, Ácido Ferúlico, Urea",77.38
1850,UltraSmooth 113,Todo tipo,"Aloe Vera, Agua Termal, Glicerina",170.4
1851,SunShield 227,Todo tipo,"Urea, Peptidos, Ceramidas",39.38
1852,Clear Skin 125,Normal,"Peptidos, Retinol, Ácido Láctico, Urea",20.58
1853,SunShield 99,Normal,"Pantenol, Aloe Vera, Agua Termal, Glicerina",39.88
1854,Fresh Dew 172,Grasa,"Zinc, Glicerina",17.81
1855,Daily Moist 168,Normal,"Ceramidas, Aloe Vera, Ácido Salicílico",182.86
1856,Hydra Boost 30,Acneica,"Aloe Vera, Ceramidas, Glicerina, Ácido Láctico",142.49
1857,Silky Touch 186,Todo tipo,"Vitamina C, Manteca de Karité, Ácido Láctico, Pantenol",33.11
1858,CeraPlus 277,Mixta,"Pantenol, Retinol, Vitamina C, Agua Termal",198.23
1859,RegenX 185,Grasa,"Urea, Aloe Vera",146.97
1860,Aqua Balm 210,Todo tipo,"Ácido Ferúlico, Ceramidas, Ácido Láctico, Agua Termal",125.93
1861,Glow Serum 116,Normal,"Vitamina C, Retinol",149.9
1862,Aqua Balm 5,Grasa,"Ácido Ferúlico, Vitamina C, Pantenol",84.64
1863,Daily Moist 125,Grasa,"Urea, Zinc",166.08
1864,OilControl 77,Grasa,"Agua Termal, Ácido Hialurónico",94.51
1865,Fresh Dew 196,Normal,"Avena Coloidal, Peptidos, Aloe Vera",111.1
1866,Glow Serum 133,Todo tipo,"Zinc, Manteca de Karité",150.4
1867,Glow Serum 103,Seca,"Urea, Manteca de Karité, Extracto de Té Verde",35.78
1868,NutriGlow 60,Grasa,"Aloe Vera, Ácido Hialurónico",46.26
1869,UltraSmooth 134,Mixta,"Ácido Hialurónico, Extracto de Té Verde",21.19
1870,Aqua Balm 262,Mixta,"Aceite de Jojoba, Peptidos, Ácido Salicílico",70.59
1871,Silky Touch 45,Seca,"Vitamina C, Urea",188.19
1872,CeraPlus 64,Todo tipo,"Urea, Agua Termal, Retinol, Manteca de Karité",184.97
1873,UltraSmooth 171,Mixta,"Zinc, Retinol, Manteca de Karité",125.17
1874,Hydra Boost 4,Grasa,"Avena Coloidal, Niacinamida, Agua Termal, Ácido Hialurónico",168.96
1875,RegenX 274,Sensible,"Ácido Hialurónico, Aloe Vera, Pantenol, Niacinamida",131.99
1876,SunShield 155,Sensible,"Retinol, Manteca de Karité",24.17
1877,NightCare 68,Todo tipo,"Glicerina, Ácido Láctico, Ceramidas, Ácido Salicílico",141.69
1878,NightCare 187,Grasa,"Peptidos, Manteca de Karité, Niacinamida, Zinc",16.7
1879,Radiant Day 151,Madura,"Aloe Vera, Agua Termal",114.22
1880,CeraPlus 91,Acneica,"Vitamina C, Retinol, Ácido Láctico",54.48
1881,Silky Touch 221,Sensible,"Vitamina C, Ácido Ferúlico, Ácido Hialurónico",173.17
1882,Fresh Dew 62,Seca,"Extracto de Té Verde, Avena Coloidal",142.48
1883,Hydra Boost 231,Normal,"Vitamina C, Zinc, Pantenol, Aloe Vera",44.99
1884,AcneFree 100,Normal,"Zinc, Aceite de Jojoba",162.62
1885,SunShield 97,Acneica,"Niacinamida, Urea, Zinc, Manteca de Karité",144.74
1886,SunShield 200,Seca,"Aloe Vera, Ácido Láctico",84.44
1887,Fresh Dew 276,Todo tipo,"Ácido Salicílico, Aceite de Jojoba, Glicerina",136.95
1888,NutriGlow 260,Normal,"Pantenol, Glicerina",168.02
1889,Daily Moist 118,Todo tipo,"Manteca de Karité, Extracto de Té Verde, Urea",190.5
1890,RegenX 100,Madura,"Retinol, Pantenol, Aloe Vera, Peptidos",197.63
1891,UltraSmooth 125,Madura,"Urea, Agua Termal, Avena Coloidal, Peptidos",125.47
1892,Hydra Boost 182,Sensible,"Agua Termal, Retinol, Extracto de Té Verde, Glicerina",189.56
1893,SunShield 293,Madura,"Agua Termal, Urea",111.12
1894,RegenX 36,Normal,"Ácido Ferúlico, Peptidos, Aloe Vera, Ácido Salicílico",100.44
1895,AgeDefy 128,Grasa,"Pantenol, Peptidos, Ácido Ferúlico, Ácido Hialurónico",54.42
1896,Radiant Day 52,Acneica,"Agua Termal, Extracto de Té Verde, Glicerina",8.46
1897,Daily Moist 139,Sensible,"Glicerina, Niacinamida, Ceramidas, Avena Coloidal",112.17
1898,CeraPlus 213,Sensible,"Agua Termal, Vitamina C",157.15
1899,Clear Skin 50,Acneica,"Ceramidas, Vitamina C",32.71
1900,Daily Moist 118,Acneica,"Vitamina C, Peptidos, Glicerina, Ácido Ferúlico",110.07
1901,SunShield 128,Normal,"Aloe Vera, Ácido Láctico, Extracto de Té Verde",130.3
1902,AgeDefy 148,Normal,"Avena Coloidal, Manteca de Karité, Ácido Ferúlico, Ceramidas",189.35
1903,Silky Touch 62,Madura,"Ácido Hialurónico, Ácido Láctico, Extracto de Té Verde, Ácido Ferúlico",16.88
1904,Clear Skin 47,Normal,"Manteca de Karité, Ceramidas, Niacinamida",49.01
1905,RegenX 279,Mixta,"Vitamina C, Retinol, Agua Termal",65.63
1906,BrightFix 300,Madura,"Aceite de Jojoba, Vitamina C, Ácido Salicílico",170.38
1907,Aqua Balm 233,Madura,"Ácido Hialurónico, Ácido Salicílico, Aloe Vera",48.8
1908,CeraPlus 243,Mixta,"Urea, Ácido Láctico, Peptidos",186.91
1909,Daily Moist 177,Seca,"Agua Termal, Manteca de Karité, Avena Coloidal, Ácido Ferúlico",200.0
1910,NutriGlow 80,Madura,"Pantenol, Extracto de Té Verde, Ácido Salicílico, Niacinamida",184.24
1911,SkinPure 215,Normal,"Manteca de Karité, Vitamina C, Ácido Láctico",149.08
1912,Clear Skin 290,Seca,"Peptidos, Glicerina, Aloe Vera, Urea",93.89
1913,CeraPlus 8,Todo tipo,"Aloe Vera, Agua Termal, Extracto de Té Verde, Avena Coloidal",52.81
1914,Glow Serum 19,Normal,"Zinc, Ácido Láctico",44.13
1915,AgeDefy 224,Todo tipo,"Urea, Ácido Láctico, Peptidos, Niacinamida",95.92
1916,BrightFix 249,Todo tipo,"Agua Termal, Urea, Vitamina C",89.76
1917,Aqua Balm 155,Madura,"Ceramidas, Manteca de Karité, Vitamina C, Ácido Ferúlico",108.29
1918,OilControl 267,Grasa,"Vitamina C, Aceite de Jojoba, Zinc, Retinol",11.74
1919,Daily Moist 24,Acneica,"Agua Termal, Aceite de Jojoba, Vitamina C",41.78
1920,Clear Skin 147,Mixta,"Ácido Láctico, Ceramidas",39.0
1921,Hydra Boost 144,Mixta,"Retinol, Avena Coloidal",113.07
1922,BrightFix 67,Madura,"Extracto de Té Verde, Ácido Ferúlico, Niacinamida, Retinol",70.33
1923,Hydra Boost 177,Sensible,"Vitamina C, Extracto de Té Verde, Urea, Aloe Vera",55.59
1924,Radiant Day 232,Todo tipo,"Vitamina C, Avena Coloidal, Extracto de Té Verde",198.7
1925,Silky Touch 30,Normal,"Retinol, Extracto de Té Verde, Avena Coloidal, Ácido Ferúlico",17.59
1926,SkinPure 254,Grasa,"Agua Termal, Aloe Vera",197.19
1927,SunShield 106,Normal,"Ácido Salicílico, Niacinamida, Glicerina, Pantenol",51.94
1928,Daily Moist 186,Acneica,"Urea, Avena Coloidal",21.43
1929,BrightFix 220,Madura,"Ácido Láctico, Ácido Salicílico",138.79
1930,RegenX 203,Mixta,"Glicerina, Aloe Vera, Ácido Salicílico, Avena Coloidal",53.5
1931,Clear Skin 102,Seca,"Vitamina C, Ácido Salicílico",178.62
1932,Aqua Balm 226,Todo tipo,"Ácido Hialurónico, Manteca de Karité",143.72
1933,SkinPure 205,Todo tipo,"Ácido Láctico, Extracto de Té Verde",50.34
1934,Silky Touch 247,Seca,"Vitamina C, Niacinamida",196.95
1935,Clear Skin 161,Sensible,"Aloe Vera, Vitamina C",22.97
1936,Aqua Balm 68,Todo tipo,"Pantenol, Ácido Hialurónico",104.77
1937,Clear Skin 135,Sensible,"Aceite de Jojoba, Pantenol, Ácido Láctico, Ceramidas",65.25
1938,RegenX 41,Mixta,"Vitamina C, Zinc, Ácido Ferúlico",26.22
1939,UltraSmooth 114,Seca,"Peptidos, Glicerina",65.26
1940,Hydra Boost 271,Sensible,"Vitamina C, Agua Termal, Zinc, Extracto de Té Verde",188.46
1941,NightCare 279,Sensible,"Pantenol, Ácido Hialurónico, Aloe Vera",14.33
1942,Fresh Dew 177,Sensible,"Ácido Ferúlico, Zinc, Aloe Vera, Peptidos",87.16
1943,UltraSmooth 2,Normal,"Ceramidas, Ácido Láctico",53.85
1944,BrightFix 174,Acneica,"Retinol, Manteca de Karité, Pantenol",133.24
1945,Radiant Day 67,Sensible,"Avena Coloidal, Ceramidas, Aloe Vera",67.45
1946,AgeDefy 265,Sensible,"Zinc, Agua Termal",178.78
1947,AcneFree 194,Sensible,"Glicerina, Peptidos, Vitamina C",113.96
1948,Silky Touch 16,Seca,"Ácido Hialurónico, Zinc, Urea",12.55
1949,AcneFree 25,Sensible,"Manteca de Karité, Ceramidas",147.45
1950,RegenX 24,Normal,"Zinc, Niacinamida, Pantenol, Ácido Láctico",98.26
1951,Hydra Boost 131,Grasa,"Aloe Vera, Glicerina, Peptidos, Pantenol",194.18
1952,NutriGlow 102,Madura,"Ácido Láctico, Ácido Ferúlico",127.94
1953,Radiant Day 130,Mixta,"Ácido Salicílico, Ácido Láctico",124.6
1954,OilControl 134,Mixta,"Vitamina C, Manteca de Karité, Niacinamida, Ácido Láctico",176.62
1955,AcneFree 132,Acneica,"Ácido Láctico, Pantenol, Aceite de Jojoba",123.58
1956,UltraSmooth 236,Normal,"Extracto de Té Verde, Retinol",42.31
1957,Clear Skin 114,Mixta,"Extracto de Té Verde, Ácido Láctico",120.23
1958,CeraPlus 108,Todo tipo,"Glicerina, Zinc",21.56
1959,AgeDefy 21,Grasa,"Ácido Salicílico, Avena Coloidal",5.47
1960,Radiant Day 290,Grasa,"Ácido Hialurónico, Glicerina, Agua Termal, Zinc",55.62
1961,Fresh Dew 16,Grasa,"Peptidos, Glicerina",124.42
1962,DermaFix 276,Sensible,"Agua Termal, Extracto de Té Verde",176.42
1963,AcneFree 208,Mixta,"Manteca de Karité, Niacinamida, Aceite de Jojoba, Urea",84.19
1964,NutriGlow 245,Todo tipo,"Retinol, Niacinamida, Avena Coloidal, Glicerina",159.03
1965,Radiant Day 5,Grasa,"Avena Coloidal, Aloe Vera, Niacinamida",59.59
1966,AcneFree 150,Madura,"Agua Termal, Peptidos, Retinol, Aceite de Jojoba",30.58
1967,Glow Serum 110,Todo tipo,"Aceite de Jojoba, Pantenol",13.9
1968,Daily Moist 94,Todo tipo,"Aloe Vera, Glicerina, Urea, Ceramidas",59.23
1969,Glow Serum 270,Todo tipo,"Glicerina, Peptidos",62.36
1970,Daily Moist 231,Seca,"Agua Termal, Ácido Ferúlico, Ácido Hialurónico",65.91
1971,Radiant Day 189,Grasa,"Agua Termal, Manteca de Karité, Peptidos, Niacinamida",171.57
1972,NutriGlow 72,Seca,"Ácido Salicílico, Niacinamida",164.43
1973,Glow Serum 142,Madura,"Aceite de Jojoba, Aloe Vera, Glicerina",40.65
1974,NightCare 273,Seca,"Urea, Peptidos",37.28
1975,Fresh Dew 154,Seca,"Ácido Hialurónico, Ácido Salicílico, Peptidos",17.62
1976,SunShield 268,Todo tipo,"Ácido Ferúlico, Manteca de Karité, Glicerina, Aceite de Jojoba",180.18
1977,SunShield 219,Normal,"Aceite de Jojoba, Ácido Hialurónico",125.9
1978,AgeDefy 99,Mixta,"Peptidos, Extracto de Té Verde, Zinc",27.81
1979,DermaFix 50,Grasa,"Aceite de Jojoba, Zinc, Aloe Vera, Manteca de Karité",193.9
1980,Aqua Balm 27,Mixta,"Retinol, Extracto de Té Verde",132.79
1981,AgeDefy 153,Madura,"Retinol, Extracto de Té Verde, Aloe Vera",158.26
1982,UltraSmooth 40,Madura,"Zinc, Extracto de Té Verde, Aloe Vera, Peptidos",173.49
1983,OilControl 177,Grasa,"Ácido Ferúlico, Pantenol, Urea, Glicerina",95.45
1984,Daily Moist 31,Normal,"Vitamina C, Ácido Láctico, Ácido Ferúlico, Ácido Hialurónico",126.91
1985,OilControl 222,Seca,"Ácido Hialurónico, Agua Termal, Manteca de Karité",197.15
1986,Silky Touch 256,Todo tipo,"Extracto de Té Verde, Ácido Salicílico, Ácido Ferúlico",73.45
1987,CeraPlus 129,Acneica,"Extracto de Té Verde, Avena Coloidal, Pantenol",63.77
1988,SkinPure 113,Todo tipo,"Ceramidas, Agua Termal, Pantenol, Aloe Vera",9.34
1989,BrightFix 121,Acneica,"Aceite de Jojoba, Avena Coloidal, Aloe Vera",9.0
1990,CeraPlus 49,Acneica,"Aloe Vera, Peptidos",131.32
1991,CeraPlus 204,Seca,"Agua Termal, Extracto de Té Verde",51.48
1992,Silky Touch 54,Grasa,"Vitamina C, Pantenol",39.98
1993,Fresh Dew 300,Normal,"Ácido Salicílico, Manteca de Karité, Agua Termal, Pantenol",111.31
1994,NightCare 131,Todo tipo,"Retinol, Zinc, Avena Coloidal, Aceite de Jojoba",78.84
1995,NutriGlow 144,Mixta,"Ácido Ferúlico, Glicerina, Extracto de Té Verde",131.86
1996,SkinPure 29,Sensible,"Niacinamida, Extracto de Té Verde",32.86
1997,Hydra Boost 218,Grasa,"Zinc, Niacinamida",50.23
1998,UltraSmooth 253,Todo tipo,"Zinc, Ceramidas, Aloe Vera",184.47
1999,DermaFix 52,Todo tipo,"Ácido Salicílico, Glicerina, Niacinamida, Ceramidas",137.8
2000,Aqua Balm 254,Sensible,"Zinc, Peptidos, Urea",132.23
2001,Radiant Day 260,Seca,"Glicerina, Ácido Salicílico",115.02
2002,AcneFree 25,Sensible,"Vitamina C, Pantenol, Ceramidas, Glicerina",142.63
2003,Clear Skin 204,Normal,"Ácido Hialurónico, Retinol",72.1
2004,NutriGlow 242,Sensible,"Zinc, Agua Termal",107.63
2005,Fresh Dew 55,Madura,"Zinc, Pantenol, Niacinamida, Avena Coloidal",21.28
2006,Radiant Day 183,Normal,"Ácido Salicílico, Ceramidas, Avena Coloidal",7.05
2007,Daily Moist 111,Sensible,"Aceite de Jojoba, Ácido Hialurónico",68.82
2008,CeraPlus 2,Todo tipo,"Pantenol, Ácido Salicílico, Ácido Hialurónico, Ácido Láctico",182.1
2009,Aqua Balm 63,Mixta,"Urea, Extracto de Té Verde, Peptidos",56.62
2010,Glow Serum 58,Grasa,"Ácido Láctico, Pantenol, Retinol",20.16
2011,Glow Serum 51,Todo tipo,"Manteca de Karité, Ácido Láctico, Aceite de Jojoba, Ceramidas",104.88
2012,Hydra Boost 205,Acneica,"Ceramidas, Aceite de Jojoba, Ácido Láctico, Avena Coloidal",161.71
2013,Silky Touch 156,Acneica,"Avena Coloidal, Ácido Láctico, Aceite de Jojoba",24.33
2014,Glow Serum 59,Acneica,"Aceite de Jojoba, Manteca de Karité",112.15
2015,Aqua Balm 100,Todo tipo,"Niacinamida, Ceramidas, Glicerina",11.8
2016,Radiant Day 127,Madura,"Aceite de Jojoba, Pantenol, Ácido Hialurónico, Agua Termal",94.06
2017,UltraSmooth 51,Normal,"Ceramidas, Ácido Salicílico",167.25
2018,Radiant Day 288,Madura,"Niacinamida, Pantenol",83.65
2019,UltraSmooth 25,Todo tipo,"Zinc, Retinol",114.17
2020,CeraPlus 165,Grasa,"Zinc, Agua Termal",184.18
2021,Aqua Balm 122,Madura,"Aloe Vera, Avena Coloidal, Aceite de Jojoba",115.29
2022,Clear Skin 167,Mixta,"Niacinamida, Vitamina C, Zinc",72.26
2023,UltraSmooth 293,Sensible,"Retinol, Urea, Avena Coloidal",110.76
2024,SunShield 174,Acneica,"Ácido Salicílico, Vitamina C, Extracto de Té Verde",147.64
2025,AcneFree 84,Sensible,"Urea, Zinc",106.32
2026,DermaFix 185,Normal,"Retinol, Ceramidas, Ácido Hialurónico",116.25
2027,BrightFix 200,Sensible,"Manteca de Karité, Pantenol, Agua Termal",129.63
2028,BrightFix 140,Seca,"Pantenol, Peptidos, Avena Coloidal, Zinc",181.57
2029,Radiant Day 246,Seca,"Urea, Ácido Salicílico, Aloe Vera, Ácido Láctico",170.29
2030,NightCare 282,Seca,"Extracto de Té Verde, Pantenol",181.24
2031,Clear Skin 206,Normal,"Avena Coloidal, Ácido Salicílico, Ácido Hialurónico",38.53
2032,Silky Touch 35,Madura,"Aceite de Jojoba, Ácido Hialurónico, Pantenol, Glicerina",189.79
2033,Clear Skin 121,Acneica,"Aceite de Jojoba, Pantenol, Vitamina C, Ácido Láctico",52.05
2034,AcneFree 94,Normal,"Retinol, Urea, Niacinamida, Aloe Vera",194.25
2035,SkinPure 102,Mixta,"Pantenol, Agua Termal, Aloe Vera, Avena Coloidal",56.87
2036,Aqua Balm 159,Acneica,"Ceramidas, Urea",66.92
2037,RegenX 234,Grasa,"Avena Coloidal, Retinol",34.45
2038,NightCare 26,Sensible,"Ácido Ferúlico, Zinc, Ceramidas, Pantenol",38.8
2039,SunShield 208,Seca,"Aceite de Jojoba, Ácido Hialurónico, Vitamina C, Avena Coloidal",138.54
2040,DermaFix 114,Normal,"Aloe Vera, Extracto de Té Verde, Pantenol",172.72
2041,UltraSmooth 70,Madura,"Aceite de Jojoba, Zinc",95.5
2042,RegenX 277,Madura,"Aloe Vera, Zinc, Agua Termal",126.08
2043,Fresh Dew 126,Normal,"Ácido Hialurónico, Manteca de Karité, Ácido Ferúlico",10.27
2044,NutriGlow 92,Mixta,"Ácido Láctico, Agua Termal",112.21
2045,Radiant Day 6,Mixta,"Vitamina C, Ácido Ferúlico, Ácido Salicílico",86.23
2046,OilControl 234,Mixta,"Extracto de Té Verde, Manteca de Karité, Glicerina, Zinc",195.51
2047,NutriGlow 188,Normal,"Niacinamida, Vitamina C, Urea, Extracto de Té Verde",88.71
2048,Daily Moist 157,Madura,"Vitamina C, Ácido Salicílico",16.93
2049,Daily Moist 141,Acneica,"Ácido Salicílico, Aloe Vera, Extracto de Té Verde, Ácido Ferúlico",91.79
2050,DermaFix 26,Sensible,"Ácido Ferúlico, Ácido Salicílico, Peptidos",84.56
2051,NutriGlow 102,Mixta,"Ácido Salicílico, Retinol, Avena Coloidal",153.73
2052,RegenX 139,Normal,"Agua Termal, Aceite de Jojoba, Aloe Vera, Retinol",153.31
2053,CeraPlus 60,Grasa,"Pantenol, Ácido Hialurónico",54.66
2054,DermaFix 300,Grasa,"Ácido Láctico, Glicerina",176.24
2055,AcneFree 48,Mixta,"Ácido Salicílico, Peptidos",42.09
2056,Daily Moist 216,Sensible,"Peptidos, Ácido Ferúlico",138.75
2057,UltraSmooth 210,Seca,"Vitamina C, Niacinamida, Pantenol, Agua Termal",85.64
2058,RegenX 217,Grasa,"Vitamina C, Ácido Láctico, Agua Termal",179.26
2059,Glow Serum 89,Madura,"Agua Termal, Retinol, Pantenol, Peptidos",93.59
2060,SkinPure 14,Madura,"Agua Termal, Extracto de Té Verde, Urea, Peptidos",75.55
2061,DermaFix 246,Madura,"Aceite de Jojoba, Zinc, Ácido Láctico, Ácido Salicílico",171.23
2062,SunShield 295,Todo tipo,"Glicerina, Extracto de Té Verde",38.83
2063,RegenX 231,Normal,"Retinol, Ácido Láctico, Avena Coloidal, Ácido Salicílico",10.14
2064,SkinPure 136,Seca,"Manteca de Karité, Vitamina C, Ácido Láctico, Glicerina",92.96
2065,Silky Touch 138,Mixta,"Pantenol, Niacinamida, Ácido Salicílico",198.9
2066,OilControl 71,Todo tipo,"Manteca de Karité, Retinol, Aloe Vera, Peptidos",58.19
2067,Daily Moist 110,Sensible,"Aceite de Jojoba, Zinc, Urea, Agua Termal",100.24
2068,NutriGlow 172,Acneica,"Ácido Láctico, Ácido Salicílico, Agua Termal",39.48
2069,Clear Skin 47,Todo tipo,"Urea, Zinc",128.33
2070,Clear Skin 35,Seca,"Extracto de Té Verde, Aloe Vera, Manteca de Karité, Urea",60.95
2071,AgeDefy 128,Normal,"Retinol, Extracto de Té Verde",99.17
2072,DermaFix 191,Normal,"Zinc, Avena Coloidal, Niacinamida",192.36
2073,OilControl 102,Seca,"Aloe Vera, Pantenol, Avena Coloidal, Vitamina C",106.06
2074,DermaFix 24,Acneica,"Retinol, Aloe Vera, Pantenol, Peptidos",68.17
2075,CeraPlus 240,Madura,"Ácido Láctico, Zinc",124.51
2076,Silky Touch 101,Acneica,"Pantenol, Peptidos, Urea",186.82
2077,NutriGlow 62,Grasa,"Aloe Vera, Extracto de Té Verde, Ácido Hialurónico, Zinc",128.21
2078,Hydra Boost 135,Madura,"Retinol, Manteca de Karité",49.73
2079,Daily Moist 67,Mixta,"Aloe Vera, Ácido Hialurónico, Peptidos, Aceite de Jojoba",130.21
2080,RegenX 213,Normal,"Vitamina C, Ceramidas, Ácido Láctico, Ácido Hialurónico",91.91
2081,DermaFix 247,Acneica,"Aloe Vera, Urea, Ácido Salicílico",156.17
2082,Radiant Day 246,Seca,"Niacinamida, Glicerina",118.25
2083,AcneFree 129,Todo tipo,"Glicerina, Vitamina C",188.29
2084,BrightFix 57,Sensible,"Pantenol, Ácido Salicílico",179.96
2085,BrightFix 222,Sensible,"Avena Coloidal, Peptidos",133.61
2086,NutriGlow 91,Sensible,"Peptidos, Urea",108.06
2087,Hydra Boost 15,Grasa,"Ceramidas, Ácido Láctico, Niacinamida, Avena Coloidal",55.06
2088,SunShield 64,Madura,"Ceramidas, Aloe Vera, Ácido Ferúlico",190.01
2089,Daily Moist 23,Sensible,"Avena Coloidal, Retinol",137.93
2090,Clear Skin 65,Madura,"Vitamina C, Extracto de Té Verde, Zinc",72.35
2091,DermaFix 17,Todo tipo,"Ceramidas, Ácido Salicílico",197.39
2092,Silky Touch 104,Normal,"Ácido Láctico, Ácido Salicílico",52.73
2093,DermaFix 58,Grasa,"Extracto de Té Verde, Ácido Láctico, Pantenol, Aloe Vera",5.35
2094,NightCare 180,Mixta,"Zinc, Urea, Ceramidas, Peptidos",119.79
2095,Clear Skin 137,Sensible,"Niacinamida, Aloe Vera",157.8
2096,Aqua Balm 265,Todo tipo,"Agua Termal, Ácido Láctico, Retinol",20.63
2097,SkinPure 272,Todo tipo,"Manteca de Karité, Ácido Salicílico",43.08
2098,BrightFix 157,Sensible,"Aloe Vera, Ácido Láctico, Agua Termal, Niacinamida",179.84
2099,DermaFix 245,Seca,"Retinol, Ácido Salicílico",42.49
2100,Fresh Dew 180,Todo tipo,"Urea, Zinc, Ácido Hialurónico",169.07
2101,Daily Moist 234,Madura,"Vitamina C, Ácido Láctico, Glicerina, Aloe Vera",168.74
2102,Silky Touch 230,Seca,"Zinc, Niacinamida, Aceite de Jojoba, Extracto de Té Verde",30.66
2103,CeraPlus 102,Normal,"Pantenol, Ácido Salicílico, Extracto de Té Verde, Zinc",157.29
2104,RegenX 284,Seca,"Peptidos, Pantenol",182.35
2105,Aqua Balm 274,Grasa,"Avena Coloidal, Zinc, Extracto de Té Verde, Agua Termal",30.97
2106,Fresh Dew 171,Madura,"Aceite de Jojoba, Ácido Láctico, Aloe Vera",98.07
2107,SkinPure 51,Madura,"Ácido Hialurónico, Niacinamida, Agua Termal",30.92
2108,Daily Moist 248,Todo tipo,"Ácido Salicílico, Retinol, Glicerina, Ácido Hialurónico",131.24
2109,Silky Touch 266,Grasa,"Avena Coloidal, Vitamina C, Extracto de Té Verde",63.25
2110,Daily Moist 294,Mixta,"Glicerina, Urea, Extracto de Té Verde, Aceite de Jojoba",150.55
2111,CeraPlus 138,Normal,"Aceite de Jojoba, Aloe Vera, Ceramidas, Peptidos",187.15
2112,AgeDefy 128,Sensible,"Zinc, Urea, Retinol, Niacinamida",199.88
2113,Aqua Balm 10,Acneica,"Vitamina C, Retinol",13.65
2114,Hydra Boost 34,Seca,"Aloe Vera, Manteca de Karité, Extracto de Té Verde",28.97
2115,SkinPure 272,Sensible,"Avena Coloidal, Niacinamida, Ácido Ferúlico",21.83
2116,AcneFree 269,Acneica,"Pantenol, Agua Termal",88.47
2117,Fresh Dew 176,Grasa,"Niacinamida, Ácido Hialurónico",76.98
2118,Aqua Balm 12,Seca,"Ácido Hialurónico, Aloe Vera, Retinol, Aceite de Jojoba",48.51
2119,Hydra Boost 110,Normal,"Aloe Vera, Ácido Láctico",49.97
2120,BrightFix 253,Normal,"Extracto de Té Verde, Aloe Vera, Ácido Láctico, Niacinamida",20.85
2121,NightCare 80,Grasa,"Pantenol, Ácido Láctico, Aloe Vera",145.56
2122,Daily Moist 96,Grasa,"Ácido Láctico, Aloe Vera, Glicerina",6.56
2123,Silky Touch 123,Grasa,"Zinc, Extracto de Té Verde",35.57
2124,DermaFix 177,Mixta,"Urea, Ácido Ferúlico, Ácido Láctico",151.91
2125,CeraPlus 155,Normal,"Niacinamida, Avena Coloidal, Ácido Hialurónico, Urea",100.8
2126,Fresh Dew 256,Todo tipo,"Ácido Salicílico, Retinol, Extracto de Té Verde",11.95
2127,NightCare 28,Normal,"Extracto de Té Verde, Glicerina, Ácido Salicílico, Ácido Hialurónico",72.69
2128,AcneFree 84,Todo tipo,"Aceite de Jojoba, Pantenol",54.99
2129,Clear Skin 157,Mixta,"Pantenol, Urea, Manteca de Karité, Niacinamida",48.73
2130,Glow Serum 57,Normal,"Aloe Vera, Urea, Ácido Láctico",5.39
2131,Hydra Boost 65,Normal,"Aceite de Jojoba, Niacinamida",86.2
2132,Radiant Day 150,Todo tipo,"Aceite de Jojoba, Ácido Láctico",130.03
2133,Daily Moist 204,Grasa,"Aceite de Jojoba, Aloe Vera",196.03
2134,Aqua Balm 184,Acneica,"Peptidos, Avena Coloidal",9.38
2135,Glow Serum 227,Acneica,"Ácido Ferúlico, Retinol, Ceramidas",184.9
2136,UltraSmooth 212,Normal,"Retinol, Manteca de Karité, Aceite de Jojoba",106.14
2137,Silky Touch 164,Normal,"Peptidos, Retinol, Ácido Hialurónico, Ácido Salicílico",146.19
2138,NutriGlow 48,Grasa,"Manteca de Karité, Aloe Vera, Ácido Ferúlico, Agua Termal",145.22
2139,SkinPure 197,Mixta,"Retinol, Ceramidas, Agua Termal, Extracto de Té Verde",37.51
2140,Radiant Day 177,Sensible,"Avena Coloidal, Zinc, Aceite de Jojoba",176.53
2141,Daily Moist 279,Normal,"Ceramidas, Urea, Glicerina",155.48
2142,BrightFix 115,Seca,"Manteca de Karité, Zinc, Extracto de Té Verde",150.66
2143,Glow Serum 81,Todo tipo,"Extracto de Té Verde, Pantenol, Ácido Láctico",66.54
2144,Hydra Boost 39,Acneica,"Retinol, Pantenol, Ácido Salicílico",97.7
2145,Glow Serum 171,Normal,"Manteca de Karité, Ácido Salicílico, Urea, Pantenol",71.35
2146,Silky Touch 194,Mixta,"Ácido Hialurónico, Ácido Ferúlico",121.48
2147,Aqua Balm 214,Mixta,"Retinol, Aceite de Jojoba, Vitamina C",141.26
2148,SunShield 195,Sensible,"Ceramidas, Glicerina",69.38
2149,SkinPure 159,Todo tipo,"Peptidos, Ácido Salicílico, Ceramidas",16.81
2150,BrightFix 74,Sensible,"Aloe Vera, Niacinamida",162.85
2151,Fresh Dew 99,Todo tipo,"Ácido Salicílico, Ácido Láctico, Retinol",191.63
2152,NightCare 80,Mixta,"Ácido Hialurónico, Aceite de Jojoba, Ceramidas",178.38
2153,UltraSmooth 130,Grasa,"Peptidos, Vitamina C",126.51
2154,Daily Moist 272,Grasa,"Pantenol, Ácido Ferúlico, Manteca de Karité",157.82
2155,Fresh Dew 137,Normal,"Urea, Glicerina, Pantenol, Retinol",41.87
2156,SkinPure 286,Grasa,"Retinol, Zinc, Manteca de Karité, Ceramidas",167.04
2157,NightCare 129,Sensible,"Peptidos, Pantenol",165.26
2158,Daily Moist 15,Sensible,"Ácido Salicílico, Manteca de Karité, Ácido Ferúlico",139.06
2159,Clear Skin 75,Mixta,"Ceramidas, Avena Coloidal",55.9
2160,BrightFix 263,Seca,"Extracto de Té Verde, Glicerina",88.15
2161,CeraPlus 68,Acneica,"Zinc, Ácido Ferúlico",72.65
2162,SkinPure 22,Madura,"Manteca de Karité, Extracto de Té Verde, Ceramidas, Retinol",114.81
2163,Silky Touch 182,Normal,"Aceite de Jojoba, Peptidos, Vitamina C",154.82
2164,SkinPure 115,Grasa,"Zinc, Glicerina",42.97
2165,CeraPlus 7,Acneica,"Urea, Manteca de Karité",189.75
2166,AgeDefy 287,Todo tipo,"Ceramidas, Glicerina, Pantenol, Aceite de Jojoba",132.29
2167,Glow Serum 87,Seca,"Pantenol, Aloe Vera, Vitamina C, Zinc",34.66
2168,Daily Moist 84,Acneica,"Ácido Salicílico, Ceramidas, Glicerina, Aceite de Jojoba",28.62
2169,UltraSmooth 282,Seca,"Ácido Láctico, Aloe Vera, Aceite de Jojoba",118.11
2170,Hydra Boost 180,Todo tipo,"Peptidos, Niacinamida",160.09
2171,CeraPlus 43,Normal,"Ceramidas, Aloe Vera",191.43
2172,RegenX 199,Todo tipo,"Ácido Hialurónico, Agua Termal",18.17
2173,SunShield 178,Madura,"Ácido Hialurónico, Manteca de Karité, Urea, Pantenol",134.44
2174,DermaFix 284,Mixta,"Extracto de Té Verde, Zinc, Ácido Ferúlico",111.56
2175,Silky Touch 52,Madura,"Zinc, Ácido Hialurónico",39.5
2176,DermaFix 188,Mixta,"Ceramidas, Ácido Láctico, Avena Coloidal, Manteca de Karité",191.62
2177,Daily Moist 54,Seca,"Avena Coloidal, Peptidos, Ácido Hialurónico, Zinc",174.92
2178,Silky Touch 94,Seca,"Avena Coloidal, Manteca de Karité",24.24
2179,SkinPure 90,Mixta,"Manteca de Karité, Agua Termal, Ácido Láctico, Ácido Ferúlico",128.67
2180,Hydra Boost 66,Sensible,"Ácido Láctico, Retinol, Urea",16.7
2181,NightCare 24,Normal,"Manteca de Karité, Vitamina C, Peptidos",107.95
2182,AgeDefy 286,Acneica,"Vitamina C, Ceramidas, Extracto de Té Verde, Aloe Vera",56.84
2183,RegenX 237,Sensible,"Avena Coloidal, Vitamina C",178.64
2184,NightCare 183,Sensible,"Zinc, Vitamina C, Agua Termal",131.09
2185,OilControl 135,Acneica,"Ácido Láctico, Zinc, Agua Termal, Ácido Ferúlico",160.9
2186,AcneFree 280,Acneica,"Extracto de Té Verde, Vitamina C, Avena Coloidal, Ácido Salicílico",111.56
2187,BrightFix 84,Todo tipo,"Ácido Hialurónico, Aloe Vera",88.65
2188,Hydra Boost 241,Acneica,"Retinol, Avena Coloidal, Ácido Láctico",53.17
2189,RegenX 18,Acneica,"Ácido Ferúlico, Aloe Vera, Niacinamida",147.54
2190,NightCare 89,Normal,"Urea, Zinc",155.43
2191,SkinPure 26,Madura,"Agua Termal, Ácido Hialurónico, Extracto de Té Verde",187.69
2192,NutriGlow 296,Madura,"Urea, Ácido Láctico",102.21
2193,Aqua Balm 27,Normal,"Extracto de Té Verde, Ácido Láctico",31.04
2194,BrightFix 179,Seca,"Pantenol, Aceite de Jojoba, Ácido Láctico",84.11
2195,Silky Touch 162,Seca,"Avena Coloidal, Niacinamida, Zinc",190.64
2196,CeraPlus 161,Acneica,"Zinc, Extracto de Té Verde, Pantenol, Aloe Vera",194.14
2197,DermaFix 180,Todo tipo,"Aloe Vera, Ácido Láctico",89.28
2198,Hydra Boost 3,Todo tipo,"Vitamina C, Glicerina, Agua Termal, Peptidos",174.56
2199,Aqua Balm 97,Sensible,"Retinol, Zinc",50.28
2200,Daily Moist 53,Mixta,"Zinc, Ácido Ferúlico",112.08
2201,Daily Moist 14,Seca,"Ácido Ferúlico, Ácido Láctico",193.65
2202,Aqua Balm 166,Madura,"Glicerina, Ácido Ferúlico, Aceite de Jojoba, Pantenol",171.45
2203,SunShield 8,Grasa,"Manteca de Karité, Urea",59.37
2204,RegenX 6,Normal,"Ácido Hialurónico, Agua Termal, Retinol, Ácido Salicílico",164.4
2205,AgeDefy 158,Grasa,"Aloe Vera, Avena Coloidal, Ceramidas",68.9
2206,BrightFix 265,Mixta,"Manteca de Karité, Pantenol",105.2
2207,SkinPure 166,Normal,"Retinol, Aceite de Jojoba",135.54
2208,Aqua Balm 143,Sensible,"Ácido Ferúlico, Vitamina C, Aloe Vera",120.85
2209,Hydra Boost 2,Grasa,"Glicerina, Ácido Hialurónico, Aceite de Jojoba, Urea",19.58
2210,NutriGlow 138,Todo tipo,"Agua Termal, Urea",59.38
2211,DermaFix 64,Madura,"Ácido Salicílico, Avena Coloidal, Extracto de Té Verde, Ácido Hialurónico",101.46
2212,RegenX 115,Madura,"Manteca de Karité, Ácido Hialurónico",40.79
2213,CeraPlus 233,Sensible,"Aloe Vera, Niacinamida, Extracto de Té Verde",146.36
2214,SkinPure 99,Mixta,"Ácido Hialurónico, Urea",124.39
2215,Clear Skin 120,Sensible,"Peptidos, Glicerina, Ácido Ferúlico, Urea",69.27
2216,SunShield 44,Sensible,"Agua Termal, Vitamina C, Manteca de Karité",78.39
2217,NightCare 223,Mixta,"Niacinamida, Manteca de Karité, Vitamina C",108.14
2218,CeraPlus 233,Madura,"Glicerina, Vitamina C",75.28
2219,Glow Serum 1,Grasa,"Agua Termal, Urea",83.84
2220,BrightFix 46,Normal,"Retinol, Agua Termal",77.76
2221,RegenX 201,Sensible,"Zinc, Urea, Ácido Hialurónico, Agua Termal",84.6
2222,BrightFix 170,Grasa,"Glicerina, Ceramidas",53.31
2223,Radiant Day 81,Acneica,"Avena Coloidal, Manteca de Karité",144.28
2224,NutriGlow 10,Seca,"Zinc, Extracto de Té Verde, Urea",179.49
2225,Fresh Dew 286,Mixta,"Avena Coloidal, Extracto de Té Verde",111.06
2226,AcneFree 233,Grasa,"Extracto de Té Verde, Pantenol, Aloe Vera, Ácido Hialurónico",189.47
2227,Glow Serum 186,Mixta,"Ceramidas, Zinc, Ácido Ferúlico, Avena Coloidal",31.23
2228,BrightFix 295,Acneica,"Agua Termal, Retinol, Avena Coloidal",10.72
2229,AcneFree 159,Seca,"Aloe Vera, Aceite de Jojoba",91.18
2230,UltraSmooth 236,Todo tipo,"Extracto de Té Verde, Avena Coloidal",73.83
2231,NutriGlow 269,Grasa,"Ceramidas, Avena Coloidal, Urea, Retinol",110.61
2232,SkinPure 5,Normal,"Niacinamida, Ácido Ferúlico, Retinol, Pantenol",56.07
2233,NutriGlow 117,Normal,"Avena Coloidal, Manteca de Karité",142.94
2234,Fresh Dew 224,Mixta,"Glicerina, Aceite de Jojoba, Ácido Ferúlico, Zinc",30.92
2235,Aqua Balm 132,Acneica,"Peptidos, Pantenol, Aceite de Jojoba, Extracto de Té Verde",170.64
2236,Hydra Boost 162,Seca,"Avena Coloidal, Vitamina C, Pantenol, Aceite de Jojoba",82.6
2237,Daily Moist 246,Sensible,"Zinc, Niacinamida",157.74
2238,Glow Serum 220,Grasa,"Avena Coloidal, Aloe Vera, Niacinamida, Ácido Hialurónico",191.96
2239,Clear Skin 69,Seca,"Aloe Vera, Glicerina",34.98
2240,Glow Serum 277,Todo tipo,"Peptidos, Ceramidas, Agua Termal",91.54
2241,Hydra Boost 104,Madura,"Peptidos, Manteca de Karité, Urea, Vitamina C",124.25
2242,OilControl 46,Mixta,"Avena Coloidal, Manteca de Karité",81.19
2243,Fresh Dew 108,Acneica,"Ácido Ferúlico, Aceite de Jojoba",199.04
2244,Daily Moist 243,Todo tipo,"Agua Termal, Ácido Hialurónico, Ácido Salicílico, Avena Coloidal",172.44
2245,CeraPlus 198,Madura,"Ácido Láctico, Manteca de Karité, Glicerina, Extracto de Té Verde",7.23
2246,CeraPlus 227,Mixta,"Ácido Hialurónico, Vitamina C, Peptidos",88.54
2247,Fresh Dew 156,Acneica,"Aloe Vera, Avena Coloidal",51.5
2248,RegenX 205,Seca,"Ácido Hialurónico, Agua Termal, Ácido Láctico, Ácido Salicílico",82.21
2249,Radiant Day 184,Sensible,"Glicerina, Agua Termal, Extracto de Té Verde, Ácido Salicílico",29.81
2250,NutriGlow 182,Sensible,"Retinol, Niacinamida, Aceite de Jojoba",21.82
2251,Fresh Dew 5,Sensible,"Ácido Láctico, Niacinamida",194.77
2252,AgeDefy 86,Seca,"Agua Termal, Manteca de Karité",81.41
2253,AcneFree 225,Seca,"Agua Termal, Avena Coloidal, Glicerina",42.84
2254,DermaFix 48,Seca,"Vitamina C, Ácido Hialurónico, Ácido Láctico",146.43
2255,AgeDefy 187,Mixta,"Ácido Ferúlico, Aceite de Jojoba, Urea, Aloe Vera",171.25
2256,CeraPlus 213,Normal,"Extracto de Té Verde, Agua Termal, Ácido Hialurónico",36.57
2257,Radiant Day 37,Madura,"Manteca de Karité, Ácido Salicílico",111.02
2258,Daily Moist 15,Madura,"Manteca de Karité, Retinol, Glicerina",83.41
2259,AcneFree 186,Seca,"Ácido Hialurónico, Ácido Ferúlico, Avena Coloidal, Extracto de Té Verde",170.61
2260,Fresh Dew 36,Mixta,"Urea, Vitamina C, Avena Coloidal",96.88
2261,Glow Serum 148,Sensible,"Agua Termal, Retinol",5.18
2262,Clear Skin 240,Normal,"Zinc, Retinol",147.36
2263,Fresh Dew 2,Todo tipo,"Ácido Láctico, Retinol, Niacinamida, Pantenol",11.71
2264,DermaFix 192,Todo tipo,"Manteca de Karité, Ácido Ferúlico, Aceite de Jojoba",195.52
2265,SunShield 138,Grasa,"Ceramidas, Urea, Aceite de Jojoba",110.52
2266,OilControl 133,Seca,"Peptidos, Aceite de Jojoba, Pantenol",21.77
2267,DermaFix 245,Madura,"Urea, Retinol",21.27
2268,OilControl 107,Normal,"Zinc, Vitamina C, Extracto de Té Verde",9.21
2269,Clear Skin 163,Sensible,"Pantenol, Manteca de Karité",115.83
2270,RegenX 287,Acneica,"Pantenol, Manteca de Karité, Ácido Ferúlico, Ácido Salicílico",149.56
2271,SkinPure 179,Madura,"Vitamina C, Ácido Hialurónico, Urea, Retinol",79.55
2272,Clear Skin 76,Mixta,"Vitamina C, Ceramidas, Ácido Hialurónico, Zinc",146.86
2273,OilControl 38,Acneica,"Manteca de Karité, Vitamina C, Ácido Ferúlico",87.37
2274,Aqua Balm 176,Seca,"Aloe Vera, Retinol, Niacinamida",108.66
2275,NutriGlow 42,Sensible,"Avena Coloidal, Urea",89.57
2276,OilControl 10,Madura,"Extracto de Té Verde, Ácido Ferúlico",63.9
2277,CeraPlus 299,Sensible,"Glicerina, Aceite de Jojoba, Ácido Láctico, Aloe Vera",160.75
2278,UltraSmooth 252,Mixta,"Agua Termal, Manteca de Karité, Ceramidas",190.86
2279,NutriGlow 115,Acneica,"Aceite de Jojoba, Avena Coloidal, Urea, Manteca de Karité",159.13
2280,AcneFree 170,Acneica,"Avena Coloidal, Ácido Ferúlico, Zinc, Manteca de Karité",102.65
2281,Fresh Dew 138,Madura,"Ácido Láctico, Manteca de Karité, Pantenol, Peptidos",27.01
2282,SkinPure 162,Seca,"Peptidos, Manteca de Karité",170.49
2283,Silky Touch 35,Todo tipo,"Niacinamida, Ácido Salicílico",102.11
2284,CeraPlus 139,Grasa,"Urea, Retinol",62.13
2285,Silky Touch 129,Grasa,"Aceite de Jojoba, Manteca de Karité, Urea, Extracto de Té Verde",70.64
2286,AcneFree 41,Mixta,"Ácido Hialurónico, Urea",24.21
2287,Hydra Boost 80,Todo tipo,"Ácido Láctico, Agua Termal, Pantenol, Ácido Ferúlico",190.85
2288,Radiant Day 119,Grasa,"Ceramidas, Ácido Salicílico, Ácido Hialurónico",23.29
2289,UltraSmooth 5,Todo tipo,"Manteca de Karité, Extracto de Té Verde",173.7
2290,Glow Serum 138,Sensible,"Niacinamida, Ácido Salicílico, Urea",112.65
2291,BrightFix 289,Seca,"Ácido Hialurónico, Urea, Zinc",122.13
2292,Clear Skin 265,Sensible,"Aceite de Jojoba, Zinc",29.0
2293,Silky Touch 7,Madura,"Zinc, Peptidos, Urea, Ceramidas",71.19
2294,Clear Skin 78,Todo tipo,"Ácido Ferúlico, Extracto de Té Verde",8.01
2295,Clear Skin 11,Sensible,"Ceramidas, Ácido Ferúlico, Extracto de Té Verde",17.94
2296,SunShield 246,Grasa,"Aceite de Jojoba, Peptidos, Urea",123.51
2297,Glow Serum 221,Acneica,"Niacinamida, Ácido Salicílico",65.1
2298,Daily Moist 134,Sensible,"Ácido Ferúlico, Agua Termal, Vitamina C, Peptidos",128.26
2299,Clear Skin 6,Todo tipo,"Manteca de Karité, Glicerina",81.8
2300,SunShield 115,Sensible,"Urea, Ácido Salicílico, Glicerina, Pantenol",117.4
2301,Daily Moist 88,Seca,"Agua Termal, Aloe Vera, Niacinamida",60.68
2302,UltraSmooth 180,Madura,"Ácido Hialurónico, Ácido Ferúlico",179.16
2303,CeraPlus 144,Acneica,"Niacinamida, Retinol",66.28
2304,OilControl 165,Sensible,"Ácido Hialurónico, Retinol, Ácido Láctico",17.93
2305,Fresh Dew 147,Madura,"Avena Coloidal, Ácido Hialurónico, Aceite de Jojoba, Ceramidas",174.82
2306,Radiant Day 286,Acneica,"Aceite de Jojoba, Ácido Ferúlico, Peptidos, Niacinamida",47.49
2307,Glow Serum 100,Sensible,"Aceite de Jojoba, Ácido Ferúlico",50.69
2308,NutriGlow 274,Grasa,"Glicerina, Ceramidas",166.28
2309,Aqua Balm 257,Normal,"Extracto de Té Verde, Glicerina, Urea",55.04
2310,SunShield 288,Acneica,"Peptidos, Zinc, Retinol, Extracto de Té Verde",39.27
2311,BrightFix 144,Mixta,"Agua Termal, Manteca de Karité",43.48
2312,Aqua Balm 236,Grasa,"Vitamina C, Glicerina",127.75
2313,NutriGlow 247,Todo tipo,"Ceramidas, Aloe Vera",150.82
2314,Radiant Day 8,Seca,"Urea, Agua Termal",49.01
2315,NutriGlow 28,Acneica,"Niacinamida, Ácido Láctico, Retinol",175.87
2316,Hydra Boost 188,Sensible,"Ceramidas, Peptidos, Agua Termal",151.87
2317,AgeDefy 191,Todo tipo,"Pantenol, Extracto de Té Verde, Ácido Salicílico",121.06
2318,NightCare 182,Sensible,"Zinc, Avena Coloidal, Ácido Ferúlico",35.89
2319,SunShield 110,Sensible,"Aceite de Jojoba, Ácido Ferúlico, Pantenol, Retinol",121.07
2320,NutriGlow 38,Acneica,"Ácido Hialurónico, Agua Termal, Vitamina C",172.74
2321,DermaFix 255,Acneica,"Aloe Vera, Retinol, Ácido Láctico, Aceite de Jojoba",57.67
2322,BrightFix 276,Sensible,"Aloe Vera, Agua Termal, Ácido Ferúlico",92.2
2323,SkinPure 210,Acneica,"Glicerina, Vitamina C",36.33
2324,Hydra Boost 281,Acneica,"Pantenol, Peptidos",89.75
2325,Glow Serum 243,Grasa,"Ácido Láctico, Aloe Vera, Aceite de Jojoba",96.47
2326,Aqua Balm 287,Mixta,"Vitamina C, Retinol, Ácido Salicílico, Ceramidas",36.06
2327,SkinPure 32,Grasa,"Agua Termal, Ceramidas, Peptidos, Ácido Salicílico",131.17
2328,NightCare 134,Mixta,"Pantenol, Manteca de Karité, Urea, Zinc",113.98
2329,Silky Touch 109,Mixta,"Ácido Hialurónico, Vitamina C, Retinol, Avena Coloidal",66.89
2330,OilControl 55,Sensible,"Peptidos, Ceramidas, Niacinamida, Urea",32.97
2331,CeraPlus 236,Madura,"Avena Coloidal, Ácido Láctico",41.98
2332,UltraSmooth 275,Seca,"Pantenol, Aloe Vera, Niacinamida",149.81
2333,RegenX 12,Madura,"Avena Coloidal, Ácido Hialurónico, Glicerina, Aloe Vera",9.6
2334,CeraPlus 82,Todo tipo,"Manteca de Karité, Extracto de Té Verde, Aceite de Jojoba",34.31
2335,Daily Moist 224,Todo tipo,"Zinc, Peptidos, Pantenol",58.07
2336,SunShield 180,Madura,"Ácido Hialurónico, Pantenol, Glicerina, Ceramidas",121.75
2337,CeraPlus 271,Seca,"Urea, Ácido Láctico",134.96
2338,UltraSmooth 242,Sensible,"Ácido Láctico, Agua Termal",147.37
2339,Silky Touch 176,Acneica,"Niacinamida, Peptidos, Aloe Vera, Zinc",162.58
2340,NutriGlow 5,Grasa,"Agua Termal, Niacinamida",68.06
2341,Fresh Dew 56,Grasa,"Peptidos, Vitamina C",160.31
2342,Radiant Day 173,Sensible,"Zinc, Avena Coloidal",195.93
2343,Hydra Boost 19,Seca,"Ácido Salicílico, Ácido Ferúlico, Niacinamida",62.28
2344,NightCare 180,Madura,"Manteca de Karité, Zinc, Agua Termal, Ácido Láctico",156.87
2345,BrightFix 104,Sensible,"Zinc, Extracto de Té Verde, Ácido Láctico",64.06
2346,NightCare 71,Madura,"Agua Termal, Ácido Hialurónico, Niacinamida",56.97
2347,NightCare 55,Madura,"Ácido Salicílico, Manteca de Karité, Urea",79.35
2348,NightCare 244,Grasa,"Ácido Ferúlico, Pantenol, Ceramidas, Ácido Salicílico",91.64
2349,Aqua Balm 175,Seca,"Peptidos, Retinol",193.38
2350,DermaFix 31,Grasa,"Aceite de Jojoba, Glicerina",172.15
2351,Glow Serum 64,Sensible,"Ácido Salicílico, Aloe Vera",54.61
2352,Daily Moist 29,Grasa,"Ácido Salicílico, Vitamina C, Zinc",60.6
2353,CeraPlus 225,Madura,"Ácido Ferúlico, Extracto de Té Verde",166.08
2354,Glow Serum 11,Seca,"Avena Coloidal, Extracto de Té Verde",74.3
2355,Clear Skin 77,Mixta,"Niacinamida, Ácido Salicílico, Manteca de Karité",52.97
2356,Daily Moist 238,Normal,"Ácido Láctico, Pantenol, Aloe Vera",158.51
2357,Radiant Day 62,Acneica,"Urea, Aceite de Jojoba, Ácido Láctico, Vitamina C",186.36
2358,AcneFree 115,Grasa,"Zinc, Peptidos, Ácido Ferúlico",72.2
2359,DermaFix 66,Todo tipo,"Niacinamida, Ácido Hialurónico, Ácido Láctico",175.15
2360,Aqua Balm 181,Acneica,"Extracto de Té Verde, Ácido Hialurónico, Niacinamida, Pantenol",189.15
2361,UltraSmooth 145,Acneica,"Zinc, Aloe Vera, Vitamina C, Peptidos",179.44
2362,SunShield 101,Normal,"Aceite de Jojoba, Peptidos",149.99
2363,Clear Skin 258,Grasa,"Ácido Salicílico, Extracto de Té Verde",135.24
2364,Daily Moist 195,Seca,"Urea, Ceramidas, Ácido Ferúlico",23.67
2365,Radiant Day 269,Grasa,"Ácido Hialurónico, Ácido Salicílico, Pantenol",137.24
2366,SunShield 160,Madura,"Aceite de Jojoba, Glicerina, Agua Termal, Niacinamida",194.84
2367,SunShield 210,Normal,"Avena Coloidal, Agua Termal, Ácido Salicílico, Niacinamida",70.34
2368,CeraPlus 255,Acneica,"Ácido Láctico, Glicerina",101.06
2369,Daily Moist 48,Mixta,"Zinc, Ácido Salicílico",42.13
2370,Daily Moist 97,Mixta,"Extracto de Té Verde, Glicerina, Avena Coloidal, Ácido Salicílico",112.5
2371,NightCare 109,Sensible,"Avena Coloidal, Aceite de Jojoba, Extracto de Té Verde",137.25
2372,SunShield 33,Seca,"Zinc, Ácido Láctico, Glicerina, Extracto de Té Verde",6.84
2373,DermaFix 12,Todo tipo,"Aloe Vera, Zinc",199.15
2374,NutriGlow 240,Mixta,"Agua Termal, Zinc",139.69
2375,Aqua Balm 214,Sensible,"Ácido Ferúlico, Vitamina C, Zinc",131.93
2376,AgeDefy 171,Mixta,"Ácido Hialurónico, Pantenol",101.43
2377,Daily Moist 191,Normal,"Pantenol, Zinc",84.64
2378,Glow Serum 268,Todo tipo,"Extracto de Té Verde, Pantenol, Aloe Vera, Vitamina C",159.63
2379,NightCare 173,Madura,"Avena Coloidal, Aceite de Jojoba, Niacinamida, Pantenol",55.9
2380,SkinPure 130,Todo tipo,"Aloe Vera, Ácido Ferúlico, Extracto de Té Verde, Peptidos",156.65
2381,DermaFix 29,Madura,"Glicerina, Aceite de Jojoba",95.66
2382,Hydra Boost 173,Todo tipo,"Extracto de Té Verde, Ácido Hialurónico",58.52
2383,NutriGlow 211,Madura,"Ácido Ferúlico, Retinol",62.79
2384,Clear Skin 74,Normal,"Aloe Vera, Ácido Hialurónico, Extracto de Té Verde, Avena Coloidal",29.21
2385,Radiant Day 166,Sensible,"Avena Coloidal, Manteca de Karité, Ácido Ferúlico",99.02
2386,Glow Serum 181,Seca,"Retinol, Aloe Vera, Pantenol, Avena Coloidal",90.1
2387,SunShield 179,Madura,"Ceramidas, Zinc",141.27
2388,Hydra Boost 243,Todo tipo,"Ácido Ferúlico, Aceite de Jojoba, Ceramidas",177.12
2389,Hydra Boost 263,Todo tipo,"Ácido Hialurónico, Peptidos, Ácido Láctico, Retinol",101.51
2390,UltraSmooth 26,Grasa,"Avena Coloidal, Ácido Ferúlico, Niacinamida",48.42
2391,Glow Serum 251,Seca,"Manteca de Karité, Peptidos, Ácido Hialurónico",123.89
2392,Silky Touch 221,Sensible,"Urea, Retinol, Ácido Hialurónico",159.98
2393,Hydra Boost 275,Mixta,"Ácido Ferúlico, Pantenol, Ácido Salicílico, Manteca de Karité",116.2
2394,Clear Skin 157,Acneica,"Ácido Hialurónico, Urea, Aceite de Jojoba, Aloe Vera",196.44
2395,BrightFix 197,Madura,"Ácido Hialurónico, Avena Coloidal, Ácido Salicílico",12.69
2396,Silky Touch 86,Mixta,"Vitamina C, Peptidos",132.48
2397,Clear Skin 24,Seca,"Peptidos, Ácido Salicílico, Urea, Pantenol",132.37
2398,Hydra Boost 228,Normal,"Ácido Hialurónico, Ácido Salicílico, Pantenol",21.67
2399,Glow Serum 6,Seca,"Ácido Salicílico, Niacinamida, Manteca de Karité",135.96
2400,DermaFix 291,Sensible,"Glicerina, Manteca de Karité",172.6
2401,Aqua Balm 293,Acneica,"Ácido Salicílico, Pantenol, Urea",141.91
2402,SunShield 247,Seca,"Retinol, Glicerina, Zinc",98.98
2403,NightCare 40,Seca,"Ácido Láctico, Agua Termal",37.91
2404,BrightFix 113,Normal,"Aceite de Jojoba, Zinc",79.54
2405,Daily Moist 81,Madura,"Ácido Láctico, Vitamina C, Glicerina, Ácido Ferúlico",181.47
2406,RegenX 273,Grasa,"Niacinamida, Ácido Ferúlico, Manteca de Karité, Extracto de Té Verde",111.97
2407,AcneFree 294,Seca,"Manteca de Karité, Extracto de Té Verde, Agua Termal, Urea",93.41
2408,SunShield 211,Mixta,"Urea, Ácido Ferúlico, Avena Coloidal",167.66
2409,AgeDefy 125,Sensible,"Manteca de Karité, Ácido Ferúlico",14.02
2410,Radiant Day 175,Seca,"Extracto de Té Verde, Niacinamida, Glicerina",24.71
2411,Fresh Dew 158,Mixta,"Avena Coloidal, Retinol, Vitamina C",75.44
2412,Radiant Day 155,Sensible,"Extracto de Té Verde, Urea, Zinc, Peptidos",186.07
2413,Glow Serum 298,Grasa,"Vitamina C, Aloe Vera",84.79
2414,AcneFree 126,Sensible,"Pantenol, Manteca de Karité, Ácido Hialurónico",81.36
2415,Fresh Dew 32,Mixta,"Ácido Hialurónico, Pantenol, Urea, Ácido Salicílico",118.08
2416,CeraPlus 174,Sensible,"Urea, Zinc, Glicerina",33.3
2417,NutriGlow 34,Grasa,"Extracto de Té Verde, Niacinamida",63.71
2418,Hydra Boost 236,Normal,"Urea, Aloe Vera",10.11
2419,CeraPlus 8,Seca,"Aloe Vera, Vitamina C, Ácido Láctico, Agua Termal",91.89
2420,SunShield 207,Mixta,"Ácido Láctico, Peptidos, Extracto de Té Verde, Pantenol",180.21
2421,CeraPlus 22,Madura,"Manteca de Karité, Glicerina",189.18
2422,CeraPlus 274,Sensible,"Zinc, Ácido Hialurónico, Niacinamida",146.23
2423,Daily Moist 80,Normal,"Zinc, Avena Coloidal",60.56
2424,Fresh Dew 272,Sensible,"Urea, Glicerina, Zinc, Vitamina C",56.23
2425,BrightFix 109,Seca,"Ácido Ferúlico, Peptidos, Manteca de Karité",121.68
2426,SunShield 239,Sensible,"Ceramidas, Avena Coloidal",131.46
2427,DermaFix 136,Todo tipo,"Ácido Ferúlico, Niacinamida, Pantenol",161.71
2428,CeraPlus 30,Mixta,"Niacinamida, Ácido Hialurónico, Ceramidas",117.35
2429,RegenX 73,Todo tipo,"Aceite de Jojoba, Niacinamida, Zinc, Avena Coloidal",111.51
2430,Glow Serum 227,Todo tipo,"Ácido Hialurónico, Ácido Salicílico, Ácido Ferúlico",79.9
2431,Radiant Day 245,Sensible,"Ácido Salicílico, Aceite de Jojoba",113.5
2432,Clear Skin 21,Seca,"Pantenol, Zinc",196.29
2433,CeraPlus 280,Mixta,"Ácido Ferúlico, Niacinamida, Glicerina, Zinc",143.13
2434,Radiant Day 169,Seca,"Zinc, Urea, Aceite de Jojoba",28.09
2435,Hydra Boost 289,Acneica,"Agua Termal, Extracto de Té Verde, Peptidos, Retinol",47.17
2436,Silky Touch 30,Todo tipo,"Ceramidas, Ácido Láctico",12.28
2437,NutriGlow 78,Todo tipo,"Aloe Vera, Pantenol, Ácido Salicílico, Ácido Hialurónico",158.47
2438,AcneFree 51,Normal,"Retinol, Vitamina C, Urea",54.67
2439,Aqua Balm 76,Seca,"Ácido Láctico, Aloe Vera, Ácido Salicílico, Pantenol",129.86
2440,Radiant Day 262,Acneica,"Retinol, Vitamina C, Manteca de Karité, Ácido Láctico",62.71
2441,DermaFix 91,Normal,"Ácido Salicílico, Niacinamida, Ácido Láctico",187.13
2442,Daily Moist 121,Sensible,"Ácido Salicílico, Ácido Ferúlico",159.93
2443,NightCare 90,Sensible,"Glicerina, Ceramidas, Ácido Ferúlico",75.95
2444,CeraPlus 3,Grasa,"Manteca de Karité, Ácido Hialurónico, Ceramidas, Retinol",160.67
2445,UltraSmooth 2,Grasa,"Ácido Ferúlico, Aceite de Jojoba, Peptidos, Avena Coloidal",46.29
2446,RegenX 260,Acneica,"Peptidos, Manteca de Karité, Ácido Hialurónico, Ceramidas",107.63
2447,OilControl 241,Todo tipo,"Aceite de Jojoba, Zinc, Extracto de Té Verde",193.15
2448,Hydra Boost 299,Todo tipo,"Urea, Peptidos, Vitamina C, Aceite de Jojoba",177.58
2449,Fresh Dew 68,Seca,"Zinc, Ácido Ferúlico, Pantenol",16.73
2450,AgeDefy 85,Madura,"Zinc, Vitamina C, Niacinamida",181.53
2451,OilControl 65,Madura,"Ácido Salicílico, Ácido Láctico, Ceramidas, Ácido Hialurónico",197.11
2452,NutriGlow 29,Todo tipo,"Ácido Hialurónico, Ácido Ferúlico, Avena Coloidal",147.07
2453,Hydra Boost 237,Acneica,"Pantenol, Manteca de Karité, Ácido Salicílico",37.91
2454,Radiant Day 263,Sensible,"Aloe Vera, Ceramidas, Aceite de Jojoba, Vitamina C",99.58
2455,AcneFree 249,Sensible,"Ácido Láctico, Vitamina C, Ácido Ferúlico",39.42
2456,OilControl 29,Seca,"Ácido Hialurónico, Peptidos, Vitamina C, Niacinamida",81.27
2457,Silky Touch 42,Grasa,"Ácido Salicílico, Aceite de Jojoba, Pantenol, Ácido Hialurónico",197.89
2458,OilControl 182,Acneica,"Agua Termal, Ácido Ferúlico, Extracto de Té Verde, Niacinamida",122.88
2459,CeraPlus 169,Acneica,"Zinc, Aceite de Jojoba",171.87
2460,OilControl 138,Grasa,"Ácido Hialurónico, Zinc, Vitamina C, Manteca de Karité",139.43
2461,Radiant Day 42,Sensible,"Ceramidas, Glicerina",177.03
2462,Aqua Balm 298,Seca,"Manteca de Karité, Agua Termal, Niacinamida, Urea",27.67
2463,BrightFix 271,Normal,"Ceramidas, Peptidos, Aloe Vera, Glicerina",160.9
2464,Clear Skin 243,Seca,"Zinc, Vitamina C, Agua Termal, Avena Coloidal",127.32
2465,Hydra Boost 51,Madura,"Extracto de Té Verde, Aloe Vera, Agua Termal, Ceramidas",176.65
2466,NightCare 126,Normal,"Niacinamida, Avena Coloidal, Glicerina",111.49
2467,AgeDefy 158,Todo tipo,"Agua Termal, Ácido Hialurónico, Avena Coloidal",42.0
2468,Fresh Dew 158,Todo tipo,"Vitamina C, Extracto de Té Verde",126.28
2469,Hydra Boost 72,Seca,"Manteca de Karité, Peptidos",139.59
2470,Radiant Day 244,Todo tipo,"Urea, Retinol, Avena Coloidal",139.4
2471,Daily Moist 52,Mixta,"Avena Coloidal, Zinc, Ceramidas, Ácido Hialurónico",139.27
2472,Fresh Dew 204,Acneica,"Ácido Ferúlico, Aloe Vera",195.62
2473,DermaFix 124,Normal,"Aloe Vera, Zinc",120.76
2474,Fresh Dew 99,Normal,"Aloe Vera, Vitamina C, Aceite de Jojoba",116.13
2475,Glow Serum 3,Sensible,"Manteca de Karité, Urea, Ceramidas, Extracto de Té Verde",127.21
2476,Fresh Dew 82,Sensible,"Manteca de Karité, Ácido Salicílico",91.08
2477,AcneFree 75,Mixta,"Ácido Ferúlico, Pantenol",158.88
2478,Daily Moist 95,Seca,"Avena Coloidal, Pantenol, Retinol",38.48
2479,Radiant Day 110,Sensible,"Aloe Vera, Ácido Ferúlico, Zinc",90.69
2480,Daily Moist 44,Normal,"Glicerina, Aloe Vera, Ceramidas",164.79
2481,SkinPure 280,Sensible,"Ácido Ferúlico, Urea, Aceite de Jojoba, Pantenol",195.88
2482,BrightFix 22,Seca,"Extracto de Té Verde, Retinol, Ácido Salicílico, Urea",41.1
2483,UltraSmooth 64,Seca,"Avena Coloidal, Ceramidas",193.88
2484,BrightFix 7,Mixta,"Aceite de Jojoba, Ácido Salicílico, Pantenol",44.99
2485,SunShield 104,Todo tipo,"Niacinamida, Ácido Salicílico, Avena Coloidal",165.01
2486,Clear Skin 40,Mixta,"Vitamina C, Ácido Láctico",56.55
2487,Glow Serum 262,Todo tipo,"Zinc, Extracto de Té Verde",68.96
2488,Clear Skin 119,Madura,"Ácido Salicílico, Pantenol, Vitamina C",55.06
2489,Hydra Boost 195,Acneica,"Ácido Láctico, Avena Coloidal, Niacinamida",79.36
2490,Daily Moist 71,Mixta,"Manteca de Karité, Ceramidas, Ácido Láctico, Aceite de Jojoba",174.2
2491,Fresh Dew 239,Acneica,"Ácido Salicílico, Ácido Láctico",73.94
2492,UltraSmooth 116,Acneica,"Avena Coloidal, Vitamina C",7.28
2493,CeraPlus 288,Todo tipo,"Manteca de Karité, Urea, Ceramidas",19.09
2494,Hydra Boost 41,Grasa,"Urea, Peptidos",135.14
2495,SkinPure 20,Todo tipo,"Peptidos, Agua Termal, Extracto de Té Verde",29.95
2496,NightCare 233,Madura,"Zinc, Retinol",36.9
2497,Hydra Boost 216,Acneica,"Ácido Hialurónico, Zinc, Ácido Salicílico",14.67
2498,UltraSmooth 102,Sensible,"Ácido Hialurónico, Avena Coloidal",45.7
2499,OilControl 239,Madura,"Agua Termal, Ácido Hialurónico, Peptidos",126.64
2500,NutriGlow 131,Sensible,"Ácido Salicílico, Aceite de Jojoba, Avena Coloidal, Ácido Láctico",103.38
2501,Aqua Balm 135,Normal,"Ácido Hialurónico, Avena Coloidal, Niacinamida",27.32
2502,RegenX 26,Seca,"Ácido Salicílico, Peptidos",156.2
2503,AgeDefy 240,Sensible,"Ácido Salicílico, Manteca de Karité",156.29
2504,Glow Serum 195,Madura,"Peptidos, Ácido Ferúlico",27.3
2505,SkinPure 269,Normal,"Glicerina, Ácido Láctico, Retinol, Niacinamida",170.78
2506,Daily Moist 111,Mixta,"Vitamina C, Avena Coloidal",194.81
2507,Clear Skin 277,Todo tipo,"Urea, Aceite de Jojoba, Extracto de Té Verde, Vitamina C",102.58
2508,Silky Touch 220,Todo tipo,"Aceite de Jojoba, Ceramidas, Aloe Vera, Urea",147.53
2509,Fresh Dew 31,Seca,"Zinc, Aceite de Jojoba, Glicerina",197.08
2510,Glow Serum 135,Sensible,"Aceite de Jojoba, Urea, Extracto de Té Verde",38.58
2511,DermaFix 295,Madura,"Glicerina, Niacinamida",81.55
2512,SunShield 246,Acneica,"Niacinamida, Aceite de Jojoba, Ceramidas",142.47
2513,UltraSmooth 200,Todo tipo,"Manteca de Karité, Extracto de Té Verde",105.89
2514,RegenX 180,Sensible,"Ácido Salicílico, Avena Coloidal, Aloe Vera, Agua Termal",72.06
2515,DermaFix 88,Sensible,"Ácido Salicílico, Urea, Agua Termal, Ácido Hialurónico",177.37
2516,Clear Skin 148,Sensible,"Avena Coloidal, Pantenol",131.99
2517,AgeDefy 255,Madura,"Pantenol, Zinc, Glicerina",9.61
2518,OilControl 283,Madura,"Pantenol, Ácido Hialurónico, Peptidos, Manteca de Karité",120.89
2519,Fresh Dew 280,Normal,"Ácido Láctico, Extracto de Té Verde, Retinol",191.9
2520,CeraPlus 122,Madura,"Ácido Hialurónico, Ácido Salicílico",6.77
2521,AgeDefy 143,Madura,"Ácido Láctico, Zinc",175.06
2522,Hydra Boost 290,Todo tipo,"Zinc, Extracto de Té Verde, Agua Termal, Pantenol",13.73
2523,DermaFix 102,Acneica,"Zinc, Peptidos, Glicerina",55.53
2524,Clear Skin 82,Todo tipo,"Ácido Salicílico, Peptidos, Retinol",10.37
2525,DermaFix 295,Seca,"Aloe Vera, Avena Coloidal, Retinol, Vitamina C",96.53
2526,Clear Skin 227,Normal,"Avena Coloidal, Urea",18.5
2527,RegenX 231,Acneica,"Ácido Láctico, Extracto de Té Verde, Pantenol, Zinc",71.42
2528,SunShield 151,Grasa,"Niacinamida, Ácido Salicílico, Avena Coloidal",59.83
2529,Aqua Balm 20,Todo tipo,"Ácido Salicílico, Pantenol, Peptidos",118.3
2530,RegenX 263,Seca,"Urea, Retinol",147.02
2531,Silky Touch 181,Mixta,"Urea, Aceite de Jojoba",24.54
2532,NutriGlow 226,Mixta,"Vitamina C, Retinol, Niacinamida",76.43
2533,Hydra Boost 41,Sensible,"Agua Termal, Avena Coloidal, Aloe Vera, Manteca de Karité",165.15
2534,SunShield 273,Mixta,"Agua Termal, Aceite de Jojoba",76.02
2535,RegenX 167,Sensible,"Manteca de Karité, Ácido Ferúlico, Niacinamida",147.63
2536,BrightFix 162,Acneica,"Niacinamida, Ceramidas, Agua Termal",127.35
2537,DermaFix 58,Todo tipo,"Retinol, Urea, Aloe Vera, Vitamina C",116.96
2538,NightCare 196,Normal,"Zinc, Aceite de Jojoba, Ácido Ferúlico, Ácido Salicílico",192.21
2539,NightCare 28,Sensible,"Retinol, Aloe Vera, Agua Termal",25.54
2540,Glow Serum 108,Seca,"Extracto de Té Verde, Aloe Vera, Pantenol, Ácido Láctico",84.07
2541,Fresh Dew 297,Normal,"Ácido Ferúlico, Ácido Láctico",121.09
2542,RegenX 166,Acneica,"Vitamina C, Manteca de Karité",134.68
2543,AgeDefy 24,Madura,"Pantenol, Zinc",162.95
2544,OilControl 105,Mixta,"Agua Termal, Pantenol",142.9
2545,UltraSmooth 280,Grasa,"Niacinamida, Retinol, Vitamina C",86.05
2546,CeraPlus 49,Grasa,"Ácido Ferúlico, Ácido Láctico",30.52
2547,UltraSmooth 210,Madura,"Aceite de Jojoba, Ácido Hialurónico, Ceramidas",26.85
2548,AgeDefy 75,Todo tipo,"Glicerina, Ácido Salicílico, Retinol",51.01
2549,UltraSmooth 226,Grasa,"Pantenol, Glicerina, Peptidos",173.0
2550,OilControl 295,Todo tipo,"Zinc, Vitamina C, Aloe Vera, Ácido Salicílico",52.58
2551,NightCare 203,Normal,"Niacinamida, Retinol",109.41
2552,Silky Touch 276,Sensible,"Agua Termal, Peptidos, Retinol, Manteca de Karité",156.18
2553,SkinPure 192,Acneica,"Aloe Vera, Retinol, Ácido Ferúlico",62.14
2554,Glow Serum 254,Madura,"Ceramidas, Ácido Hialurónico, Glicerina, Zinc",133.81
2555,NutriGlow 217,Seca,"Ácido Hialurónico, Manteca de Karité, Ácido Ferúlico, Glicerina",198.32
2556,BrightFix 244,Grasa,"Aceite de Jojoba, Glicerina, Retinol, Agua Termal",16.86
2557,CeraPlus 128,Seca,"Pantenol, Aloe Vera, Ácido Láctico, Ácido Hialurónico",143.72
2558,AgeDefy 220,Madura,"Ácido Láctico, Peptidos, Agua Termal",9.65
2559,NightCare 255,Todo tipo,"Ácido Hialurónico, Manteca de Karité, Ácido Salicílico, Aceite de Jojoba",114.52
2560,Radiant Day 117,Grasa,"Retinol, Aloe Vera, Ácido Láctico, Ácido Salicílico",113.39
2561,Hydra Boost 258,Madura,"Aceite de Jojoba, Urea, Niacinamida",18.21
2562,Silky Touch 4,Grasa,"Ácido Láctico, Ácido Salicílico, Glicerina",43.51
2563,AgeDefy 263,Acneica,"Extracto de Té Verde, Ácido Salicílico",29.97
2564,SkinPure 93,Seca,"Avena Coloidal, Vitamina C",12.76
2565,Radiant Day 164,Acneica,"Aloe Vera, Peptidos",131.11
2566,BrightFix 218,Madura,"Pantenol, Glicerina",123.85
2567,AgeDefy 154,Normal,"Niacinamida, Ácido Láctico",139.6
2568,Glow Serum 117,Grasa,"Agua Termal, Niacinamida, Peptidos",130.67
2569,Fresh Dew 267,Acneica,"Pantenol, Glicerina, Urea",199.72
2570,AcneFree 134,Normal,"Extracto de Té Verde, Ácido Hialurónico, Glicerina, Ceramidas",174.21
2571,SkinPure 166,Acneica,"Glicerina, Manteca de Karité, Avena Coloidal, Aloe Vera",46.22
2572,Daily Moist 186,Seca,"Vitamina C, Agua Termal",150.82
2573,Aqua Balm 170,Normal,"Vitamina C, Peptidos",6.35
2574,NutriGlow 32,Mixta,"Ácido Láctico, Ácido Ferúlico, Aceite de Jojoba, Pantenol",58.41
2575,UltraSmooth 216,Todo tipo,"Ácido Hialurónico, Ácido Láctico, Ácido Ferúlico",59.13
2576,Fresh Dew 137,Sensible,"Pantenol, Glicerina, Ceramidas",105.85
2577,Daily Moist 139,Seca,"Pantenol, Agua Termal, Peptidos, Ácido Salicílico",152.6
2578,Aqua Balm 217,Normal,"Aloe Vera, Ceramidas",102.76
2579,Clear Skin 147,Mixta,"Retinol, Avena Coloidal, Vitamina C, Peptidos",193.59
2580,AgeDefy 138,Normal,"Glicerina, Avena Coloidal",77.44
2581,DermaFix 30,Normal,"Ácido Láctico, Avena Coloidal, Ácido Hialurónico, Ácido Salicílico",33.03
2582,NutriGlow 125,Grasa,"Retinol, Manteca de Karité, Vitamina C",84.76
2583,DermaFix 9,Normal,"Peptidos, Glicerina, Ácido Ferúlico, Ácido Hialurónico",122.08
2584,AcneFree 252,Acneica,"Vitamina C, Glicerina, Ácido Salicílico",69.37
2585,DermaFix 288,Madura,"Pantenol, Zinc",61.28
2586,SunShield 237,Todo tipo,"Niacinamida, Retinol",168.8
2587,Glow Serum 83,Acneica,"Aloe Vera, Urea",97.45
2588,BrightFix 155,Madura,"Manteca de Karité, Retinol, Zinc, Vitamina C",54.49
2589,Radiant Day 176,Sensible,"Manteca de Karité, Ácido Láctico, Aceite de Jojoba",109.98
2590,AcneFree 265,Madura,"Peptidos, Ácido Hialurónico, Niacinamida",47.03
2591,Silky Touch 77,Grasa,"Aloe Vera, Glicerina, Pantenol",117.17
2592,SunShield 194,Seca,"Urea, Avena Coloidal, Ceramidas",79.58
2593,AgeDefy 258,Normal,"Urea, Ácido Láctico, Vitamina C",70.59
2594,UltraSmooth 47,Madura,"Retinol, Urea, Peptidos, Vitamina C",181.14
2595,NightCare 166,Acneica,"Agua Termal, Aceite de Jojoba",77.42
2596,DermaFix 149,Todo tipo,"Ácido Láctico, Aceite de Jojoba",50.23
2597,CeraPlus 29,Todo tipo,"Ácido Hialurónico, Manteca de Karité, Urea",94.03
2598,SunShield 102,Acneica,"Aceite de Jojoba, Ácido Ferúlico",155.24
2599,Clear Skin 173,Acneica,"Ácido Salicílico, Vitamina C, Ácido Hialurónico, Niacinamida",179.1
2600,OilControl 185,Todo tipo,"Urea, Pantenol",195.11
2601,Clear Skin 258,Normal,"Vitamina C, Ácido Salicílico",85.74
2602,RegenX 35,Todo tipo,"Ácido Láctico, Vitamina C",152.59
2603,Glow Serum 283,Sensible,"Niacinamida, Peptidos, Ácido Láctico, Avena Coloidal",148.08
2604,Clear Skin 263,Mixta,"Ácido Láctico, Agua Termal",119.68
2605,Clear Skin 202,Seca,"Glicerina, Niacinamida",31.69
2606,Daily Moist 63,Grasa,"Zinc, Retinol, Manteca de Karité",75.26
2607,Daily Moist 116,Grasa,"Urea, Pantenol, Agua Termal",78.18
2608,SunShield 16,Todo tipo,"Ácido Ferúlico, Avena Coloidal, Peptidos",85.92
2609,NightCare 200,Grasa,"Glicerina, Ácido Ferúlico, Ácido Salicílico, Aloe Vera",6.55
2610,Radiant Day 246,Todo tipo,"Manteca de Karité, Peptidos, Glicerina",165.55
2611,SunShield 276,Grasa,"Urea, Vitamina C, Pantenol",41.15
2612,BrightFix 212,Grasa,"Ácido Ferúlico, Peptidos, Agua Termal, Aceite de Jojoba",175.01
2613,AcneFree 177,Mixta,"Ácido Láctico, Zinc, Glicerina, Extracto de Té Verde",22.26
2614,BrightFix 1,Normal,"Zinc, Retinol, Extracto de Té Verde",168.09
2615,AcneFree 105,Acneica,"Ácido Ferúlico, Vitamina C, Aloe Vera",150.36
2616,AgeDefy 249,Sensible,"Manteca de Karité, Extracto de Té Verde",139.28
2617,Clear Skin 124,Mixta,"Agua Termal, Ácido Ferúlico, Ceramidas",5.06
2618,Silky Touch 265,Mixta,"Ácido Hialurónico, Aloe Vera, Agua Termal, Vitamina C",7.59
2619,UltraSmooth 92,Acneica,"Peptidos, Niacinamida",71.59
2620,Hydra Boost 54,Normal,"Ácido Hialurónico, Vitamina C",93.24
2621,CeraPlus 222,Acneica,"Niacinamida, Zinc",133.03
2622,Daily Moist 78,Normal,"Ácido Salicílico, Extracto de Té Verde",52.68
2623,NightCare 261,Acneica,"Vitamina C, Manteca de Karité, Niacinamida, Extracto de Té Verde",157.79
2624,SkinPure 56,Seca,"Pantenol, Niacinamida, Aloe Vera, Ceramidas",187.4
2625,Daily Moist 47,Sensible,"Ácido Hialurónico, Ácido Ferúlico, Agua Termal, Retinol",156.68
2626,Silky Touch 123,Normal,"Urea, Ácido Láctico",72.58
2627,Aqua Balm 137,Sensible,"Ácido Salicílico, Manteca de Karité, Urea, Extracto de Té Verde",170.22
2628,OilControl 159,Sensible,"Retinol, Ácido Hialurónico, Ácido Ferúlico",58.41
2629,NutriGlow 193,Todo tipo,"Manteca de Karité, Ácido Ferúlico",11.17
2630,BrightFix 217,Acneica,"Peptidos, Ácido Ferúlico",141.2
2631,SkinPure 180,Seca,"Aceite de Jojoba, Ácido Salicílico",44.0
2632,AcneFree 201,Acneica,"Aceite de Jojoba, Glicerina, Manteca de Karité, Urea",195.7
2633,Hydra Boost 291,Acneica,"Avena Coloidal, Ácido Láctico, Glicerina",111.99
2634,Daily Moist 143,Grasa,"Ácido Salicílico, Extracto de Té Verde",56.99
2635,NightCare 119,Seca,"Zinc, Ácido Láctico",99.16
2636,NightCare 115,Sensible,"Retinol, Avena Coloidal, Agua Termal",167.1
2637,NightCare 95,Mixta,"Urea, Glicerina, Avena Coloidal",137.87
2638,UltraSmooth 257,Seca,"Manteca de Karité, Peptidos, Ácido Láctico, Niacinamida",63.97
2639,Clear Skin 269,Normal,"Zinc, Ácido Ferúlico, Ceramidas",76.78
2640,Hydra Boost 79,Mixta,"Manteca de Karité, Ácido Hialurónico",42.05
2641,AcneFree 3,Sensible,"Retinol, Aceite de Jojoba, Zinc, Extracto de Té Verde",106.1
2642,Radiant Day 229,Todo tipo,"Ácido Láctico, Pantenol, Zinc, Aceite de Jojoba",146.57
2643,NutriGlow 40,Seca,"Extracto de Té Verde, Retinol",105.49
2644,Silky Touch 288,Todo tipo,"Aloe Vera, Peptidos",33.63
2645,Fresh Dew 153,Seca,"Retinol, Ácido Láctico, Zinc, Ácido Salicílico",182.05
2646,Hydra Boost 241,Grasa,"Ácido Ferúlico, Aceite de Jojoba",51.16
2647,Daily Moist 49,Madura,"Agua Termal, Retinol, Ácido Salicílico, Pantenol",37.07
2648,Aqua Balm 11,Acneica,"Zinc, Retinol",139.55
2649,RegenX 81,Seca,"Zinc, Urea, Manteca de Karité, Ácido Ferúlico",105.35
2650,AgeDefy 73,Mixta,"Extracto de Té Verde, Aloe Vera, Manteca de Karité",71.55
2651,Silky Touch 196,Grasa,"Ácido Láctico, Ceramidas, Peptidos, Retinol",139.53
2652,AgeDefy 32,Acneica,"Ácido Láctico, Ácido Salicílico",12.93
2653,NightCare 203,Seca,"Manteca de Karité, Ácido Láctico, Ácido Ferúlico, Extracto de Té Verde",132.12
2654,Daily Moist 181,Grasa,"Niacinamida, Vitamina C, Aloe Vera",14.97
2655,Aqua Balm 194,Madura,"Aceite de Jojoba, Glicerina",99.71
2656,BrightFix 186,Acneica,"Manteca de Karité, Aceite de Jojoba",126.0
2657,Clear Skin 60,Acneica,"Niacinamida, Ácido Ferúlico, Ceramidas, Pantenol",12.16
2658,AgeDefy 288,Madura,"Aceite de Jojoba, Ácido Ferúlico",30.11
2659,CeraPlus 133,Todo tipo,"Peptidos, Extracto de Té Verde, Ácido Láctico",129.58
2660,Daily Moist 34,Grasa,"Niacinamida, Ácido Hialurónico, Manteca de Karité",35.68
2661,Fresh Dew 18,Madura,"Aceite de Jojoba, Aloe Vera",85.46
2662,AgeDefy 206,Normal,"Pantenol, Glicerina, Ácido Salicílico",146.58
2663,NutriGlow 101,Sensible,"Manteca de Karité, Ácido Hialurónico, Peptidos",100.76
2664,DermaFix 236,Sensible,"Manteca de Karité, Ceramidas, Glicerina, Niacinamida",196.17
2665,Radiant Day 36,Mixta,"Urea, Vitamina C, Manteca de Karité, Ácido Salicílico",58.64
2666,Clear Skin 117,Acneica,"Peptidos, Pantenol",183.38
2667,OilControl 42,Madura,"Avena Coloidal, Niacinamida",143.97
2668,AgeDefy 22,Grasa,"Agua Termal, Peptidos",14.45
2669,UltraSmooth 42,Normal,"Ácido Salicílico, Zinc, Aloe Vera",190.05
2670,Aqua Balm 123,Seca,"Retinol, Ceramidas, Extracto de Té Verde",134.51
2671,Silky Touch 207,Grasa,"Retinol, Ceramidas, Aloe Vera, Ácido Salicílico",190.92
2672,NightCare 145,Grasa,"Ácido Salicílico, Pantenol, Extracto de Té Verde, Avena Coloidal",135.5
2673,RegenX 111,Normal,"Niacinamida, Manteca de Karité, Ácido Salicílico, Urea",196.21
2674,SunShield 86,Mixta,"Ácido Salicílico, Ceramidas, Aceite de Jojoba",42.95
2675,Glow Serum 242,Normal,"Niacinamida, Agua Termal",68.9
2676,Silky Touch 250,Todo tipo,"Ácido Salicílico, Ceramidas, Pantenol, Glicerina",127.09
2677,BrightFix 79,Sensible,"Aceite de Jojoba, Retinol, Manteca de Karité, Ceramidas",116.31
2678,Radiant Day 148,Acneica,"Vitamina C, Zinc, Ácido Salicílico, Ácido Ferúlico",14.11
2679,Silky Touch 136,Todo tipo,"Peptidos, Niacinamida, Pantenol, Zinc",162.87
2680,RegenX 42,Normal,"Ceramidas, Retinol",117.83
2681,DermaFix 270,Seca,"Avena Coloidal, Retinol, Aceite de Jojoba",93.77
2682,NutriGlow 12,Normal,"Aceite de Jojoba, Niacinamida, Avena Coloidal",77.33
2683,BrightFix 171,Madura,"Avena Coloidal, Aloe Vera",136.46
2684,Clear Skin 74,Sensible,"Zinc, Extracto de Té Verde, Avena Coloidal, Urea",29.3
2685,Radiant Day 62,Seca,"Ácido Ferúlico, Manteca de Karité, Vitamina C, Pantenol",133.15
2686,DermaFix 112,Sensible,"Ácido Láctico, Ácido Hialurónico, Vitamina C",97.87
2687,AcneFree 178,Seca,"Extracto de Té Verde, Urea",12.73
2688,BrightFix 230,Grasa,"Ácido Salicílico, Aceite de Jojoba, Glicerina",40.9
2689,NutriGlow 54,Normal,"Extracto de Té Verde, Ácido Salicílico, Zinc",14.2
2690,UltraSmooth 18,Todo tipo,"Ácido Salicílico, Ácido Hialurónico, Aceite de Jojoba, Agua Termal",135.84
2691,UltraSmooth 31,Todo tipo,"Urea, Zinc, Aceite de Jojoba, Niacinamida",180.54
2692,SkinPure 234,Acneica,"Ceramidas, Avena Coloidal, Pantenol",29.46
2693,NutriGlow 126,Todo tipo,"Ácido Hialurónico, Retinol, Ácido Ferúlico, Extracto de Té Verde",117.87
2694,Radiant Day 13,Mixta,"Vitamina C, Zinc, Glicerina",55.67
2695,AcneFree 270,Madura,"Avena Coloidal, Ceramidas",156.48
2696,Clear Skin 180,Acneica,"Ácido Láctico, Pantenol",141.92
2697,Aqua Balm 70,Acneica,"Niacinamida, Avena Coloidal, Agua Termal",31.55
2698,Glow Serum 145,Grasa,"Avena Coloidal, Manteca de Karité, Ceramidas, Vitamina C",67.84
2699,Aqua Balm 22,Mixta,"Extracto de Té Verde, Manteca de Karité, Pantenol, Peptidos",182.69
2700,UltraSmooth 164,Normal,"Niacinamida, Pantenol, Urea, Aloe Vera",182.37
2701,AgeDefy 97,Acneica,"Ácido Salicílico, Aceite de Jojoba",39.83
2702,Silky Touch 11,Madura,"Glicerina, Ceramidas, Manteca de Karité",80.19
2703,NutriGlow 1,Seca,"Ácido Láctico, Ácido Ferúlico",138.42
2704,Fresh Dew 79,Todo tipo,"Extracto de Té Verde, Ceramidas",166.78
2705,CeraPlus 79,Normal,"Urea, Manteca de Karité, Aloe Vera",10.67
2706,AcneFree 16,Todo tipo,"Glicerina, Urea",129.32
2707,SunShield 216,Grasa,"Aceite de Jojoba, Ácido Salicílico, Extracto de Té Verde",100.86
2708,NutriGlow 34,Sensible,"Ácido Hialurónico, Extracto de Té Verde, Urea",188.21
2709,SkinPure 117,Sensible,"Extracto de Té Verde, Urea",98.64
2710,Glow Serum 21,Todo tipo,"Niacinamida, Vitamina C, Ácido Hialurónico, Zinc",197.97
2711,RegenX 58,Seca,"Peptidos, Pantenol, Niacinamida, Ácido Láctico",165.48
2712,SunShield 127,Todo tipo,"Ceramidas, Aceite de Jojoba, Manteca de Karité, Glicerina",134.18
2713,SunShield 159,Sensible,"Ácido Láctico, Avena Coloidal, Zinc, Glicerina",89.6
2714,NutriGlow 182,Normal,"Extracto de Té Verde, Urea, Ácido Salicílico, Avena Coloidal",118.37
2715,Radiant Day 156,Normal,"Ácido Láctico, Retinol",130.05
2716,DermaFix 151,Sensible,"Zinc, Avena Coloidal, Retinol, Urea",27.69
2717,Glow Serum 240,Normal,"Pantenol, Peptidos, Ácido Hialurónico, Manteca de Karité",86.08
2718,Fresh Dew 240,Seca,"Aloe Vera, Ácido Ferúlico, Retinol",166.85
2719,NightCare 41,Mixta,"Agua Termal, Glicerina, Pantenol, Extracto de Té Verde",151.29
2720,BrightFix 60,Sensible,"Zinc, Retinol, Extracto de Té Verde",82.76
2721,NutriGlow 24,Acneica,"Ácido Láctico, Manteca de Karité, Ácido Ferúlico, Avena Coloidal",40.94
2722,UltraSmooth 31,Acneica,"Extracto de Té Verde, Urea, Vitamina C",112.53
2723,NightCare 126,Sensible,"Zinc, Ácido Ferúlico, Peptidos",155.8
2724,Fresh Dew 240,Mixta,"Ácido Ferúlico, Pantenol, Aloe Vera",92.76
2725,BrightFix 191,Sensible,"Niacinamida, Aceite de Jojoba, Pantenol, Extracto de Té Verde",16.55
2726,BrightFix 220,Acneica,"Vitamina C, Avena Coloidal, Ácido Salicílico",178.66
2727,Glow Serum 280,Normal,"Vitamina C, Pantenol, Glicerina, Ácido Láctico",61.13
2728,Silky Touch 206,Sensible,"Aceite de Jojoba, Urea, Ácido Ferúlico",52.18
2729,AgeDefy 153,Grasa,"Manteca de Karité, Ácido Hialurónico",177.95
2730,UltraSmooth 136,Acneica,"Urea, Aloe Vera",196.99
2731,AcneFree 38,Grasa,"Ceramidas, Glicerina, Ácido Hialurónico",193.19
2732,AcneFree 147,Madura,"Ácido Ferúlico, Ácido Salicílico, Niacinamida, Aceite de Jojoba",88.86
2733,Fresh Dew 276,Normal,"Aloe Vera, Manteca de Karité, Zinc",16.99
2734,Radiant Day 236,Seca,"Extracto de Té Verde, Ácido Ferúlico",61.97
2735,SunShield 15,Todo tipo,"Ácido Hialurónico, Vitamina C",155.9
2736,Glow Serum 217,Seca,"Ácido Hialurónico, Manteca de Karité, Retinol",196.86
2737,DermaFix 286,Normal,"Peptidos, Pantenol, Glicerina, Niacinamida",143.84
2738,CeraPlus 237,Madura,"Aceite de Jojoba, Aloe Vera, Ácido Ferúlico",171.52
2739,DermaFix 241,Seca,"Agua Termal, Ácido Hialurónico",189.46
2740,OilControl 292,Normal,"Glicerina, Zinc, Pantenol",130.33
2741,CeraPlus 168,Madura,"Ácido Hialurónico, Ceramidas",57.08
2742,SunShield 217,Sensible,"Peptidos, Ácido Láctico, Ácido Hialurónico",143.26
2743,Clear Skin 195,Madura,"Zinc, Aloe Vera, Avena Coloidal",188.54
2744,Radiant Day 193,Mixta,"Manteca de Karité, Peptidos, Ácido Ferúlico, Ceramidas",139.7
2745,Aqua Balm 279,Todo tipo,"Ácido Salicílico, Zinc",111.23
2746,Glow Serum 207,Normal,"Peptidos, Retinol, Aceite de Jojoba, Niacinamida",112.47
2747,SkinPure 222,Mixta,"Glicerina, Aceite de Jojoba, Ceramidas, Extracto de Té Verde",107.21
2748,OilControl 108,Sensible,"Ácido Ferúlico, Urea, Vitamina C, Retinol",45.51
2749,Fresh Dew 3,Sensible,"Ácido Hialurónico, Aloe Vera",101.38
2750,Radiant Day 136,Acneica,"Ácido Salicílico, Ácido Hialurónico, Avena Coloidal, Retinol",146.2
2751,AgeDefy 209,Seca,"Ácido Láctico, Retinol, Manteca de Karité, Extracto de Té Verde",54.1
2752,Aqua Balm 212,Mixta,"Vitamina C, Aceite de Jojoba, Ácido Láctico, Niacinamida",126.3
2753,Silky Touch 133,Seca,"Ácido Salicílico, Aloe Vera, Niacinamida",11.82
2754,SunShield 56,Grasa,"Vitamina C, Agua Termal, Ácido Salicílico, Ceramidas",152.55
2755,Hydra Boost 286,Seca,"Vitamina C, Avena Coloidal, Niacinamida, Ácido Ferúlico",44.01
2756,BrightFix 152,Todo tipo,"Extracto de Té Verde, Vitamina C",119.13
2757,CeraPlus 176,Todo tipo,"Ácido Salicílico, Manteca de Karité",94.49
2758,AcneFree 210,Sensible,"Ácido Hialurónico, Agua Termal, Pantenol, Peptidos",196.74
2759,Daily Moist 106,Sensible,"Avena Coloidal, Vitamina C, Urea, Glicerina",32.96
2760,NutriGlow 286,Mixta,"Niacinamida, Ácido Láctico, Extracto de Té Verde",7.27
2761,NutriGlow 43,Todo tipo,"Pantenol, Vitamina C, Niacinamida",23.6
2762,Silky Touch 144,Acneica,"Retinol, Extracto de Té Verde, Peptidos",9.49
2763,AgeDefy 296,Seca,"Ácido Láctico, Ceramidas",131.13
2764,Hydra Boost 287,Acneica,"Peptidos, Vitamina C, Pantenol",34.21
2765,Radiant Day 236,Sensible,"Peptidos, Ácido Láctico, Zinc",27.34
2766,Hydra Boost 80,Sensible,"Urea, Ácido Salicílico",5.29
2767,AcneFree 151,Normal,"Ácido Láctico, Aloe Vera, Ácido Salicílico",29.2
2768,Aqua Balm 113,Sensible,"Niacinamida, Ácido Salicílico, Glicerina, Ácido Ferúlico",108.07
2769,UltraSmooth 37,Sensible,"Vitamina C, Aloe Vera, Zinc, Ácido Ferúlico",187.33
2770,DermaFix 54,Normal,"Ácido Hialurónico, Ácido Láctico, Aloe Vera, Pantenol",152.5
2771,SkinPure 70,Todo tipo,"Ceramidas, Retinol, Urea",105.62
2772,NutriGlow 218,Madura,"Pantenol, Retinol",99.36
2773,Silky Touch 200,Grasa,"Zinc, Ácido Ferúlico, Agua Termal, Aceite de Jojoba",98.79
2774,SkinPure 233,Todo tipo,"Retinol, Manteca de Karité, Pantenol, Extracto de Té Verde",165.83
2775,SunShield 48,Normal,"Niacinamida, Agua Termal",191.32
2776,CeraPlus 91,Normal,"Ácido Salicílico, Agua Termal, Aceite de Jojoba, Retinol",72.1
2777,AcneFree 74,Sensible,"Manteca de Karité, Urea, Avena Coloidal",65.89
2778,Aqua Balm 141,Sensible,"Peptidos, Urea, Agua Termal, Ácido Hialurónico",127.61
2779,Aqua Balm 273,Madura,"Extracto de Té Verde, Aceite de Jojoba",22.41
2780,Fresh Dew 184,Acneica,"Urea, Niacinamida, Peptidos",176.8
2781,SunShield 102,Seca,"Ácido Salicílico, Ácido Láctico, Zinc",162.97
2782,NightCare 207,Mixta,"Avena Coloidal, Ácido Salicílico, Ceramidas",45.96
2783,Glow Serum 99,Seca,"Agua Termal, Aceite de Jojoba, Ácido Hialurónico, Ácido Ferúlico",142.05
2784,Aqua Balm 277,Grasa,"Ácido Ferúlico, Manteca de Karité",107.84
2785,OilControl 294,Acneica,"Ácido Hialurónico, Glicerina, Peptidos, Ceramidas",55.37
2786,Fresh Dew 62,Normal,"Aceite de Jojoba, Urea, Vitamina C",46.81
2787,Hydra Boost 201,Seca,"Retinol, Ácido Ferúlico, Avena Coloidal",79.29
2788,DermaFix 14,Todo tipo,"Retinol, Aceite de Jojoba",41.52
2789,SunShield 96,Grasa,"Glicerina, Urea, Manteca de Karité",154.64
2790,AgeDefy 275,Normal,"Agua Termal, Manteca de Karité, Retinol, Ácido Ferúlico",150.41
2791,AgeDefy 158,Acneica,"Glicerina, Pantenol, Niacinamida",96.98
2792,Aqua Balm 107,Todo tipo,"Agua Termal, Niacinamida",102.32
2793,Silky Touch 245,Madura,"Peptidos, Ácido Láctico, Vitamina C, Avena Coloidal",198.67
2794,NutriGlow 208,Sensible,"Ceramidas, Glicerina, Retinol",142.69
2795,BrightFix 217,Sensible,"Retinol, Aloe Vera, Ácido Hialurónico, Glicerina",118.23
2796,Silky Touch 26,Sensible,"Pantenol, Niacinamida",80.33
2797,NightCare 78,Acneica,"Ácido Láctico, Pantenol, Ceramidas",41.7
2798,Radiant Day 58,Normal,"Ácido Láctico, Niacinamida, Ácido Hialurónico, Agua Termal",36.15
2799,Clear Skin 7,Sensible,"Ácido Hialurónico, Niacinamida, Urea, Agua Termal",125.31
2800,NightCare 131,Todo tipo,"Ácido Hialurónico, Aceite de Jojoba",137.63
2801,Fresh Dew 113,Mixta,"Extracto de Té Verde, Zinc, Vitamina C",104.64
2802,NightCare 29,Sensible,"Retinol, Zinc",170.73
2803,RegenX 96,Mixta,"Glicerina, Peptidos",166.03
2804,SunShield 24,Normal,"Glicerina, Manteca de Karité, Ácido Ferúlico, Aceite de Jojoba",181.26
2805,Hydra Boost 73,Grasa,"Ácido Ferúlico, Avena Coloidal, Zinc",142.7
2806,UltraSmooth 139,Normal,"Ácido Hialurónico, Aloe Vera, Ácido Ferúlico, Peptidos",58.75
2807,Radiant Day 300,Acneica,"Glicerina, Urea, Ácido Ferúlico, Aceite de Jojoba",101.17
2808,Silky Touch 284,Mixta,"Retinol, Peptidos, Vitamina C",134.38
2809,SkinPure 277,Todo tipo,"Peptidos, Avena Coloidal",168.16
2810,Hydra Boost 200,Grasa,"Urea, Vitamina C",76.05
2811,BrightFix 267,Sensible,"Aceite de Jojoba, Ceramidas, Manteca de Karité",53.2
2812,Hydra Boost 18,Seca,"Extracto de Té Verde, Ceramidas, Niacinamida",54.94
2813,Glow Serum 144,Acneica,"Glicerina, Ácido Ferúlico, Urea",197.51
2814,Radiant Day 41,Mixta,"Ácido Ferúlico, Avena Coloidal, Retinol",150.68
2815,NutriGlow 85,Todo tipo,"Avena Coloidal, Ceramidas, Ácido Hialurónico, Glicerina",82.65
2816,Radiant Day 174,Sensible,"Niacinamida, Urea, Vitamina C",53.75
2817,NightCare 248,Madura,"Ácido Láctico, Glicerina",60.08
2818,BrightFix 258,Todo tipo,"Avena Coloidal, Manteca de Karité, Ácido Hialurónico",126.9
2819,BrightFix 127,Mixta,"Ceramidas, Ácido Salicílico",132.42
2820,Silky Touch 149,Acneica,"Vitamina C, Ácido Ferúlico, Extracto de Té Verde, Avena Coloidal",46.19
2821,OilControl 176,Acneica,"Aceite de Jojoba, Ácido Láctico, Peptidos",176.7
2822,CeraPlus 258,Grasa,"Ácido Láctico, Retinol",36.34
2823,Silky Touch 38,Madura,"Ceramidas, Aceite de Jojoba",168.05
2824,Silky Touch 130,Grasa,"Glicerina, Ceramidas",51.04
2825,CeraPlus 233,Grasa,"Avena Coloidal, Ácido Hialurónico",102.03
2826,SunShield 80,Sensible,"Zinc, Aceite de Jojoba",93.76
2827,UltraSmooth 135,Mixta,"Ácido Hialurónico, Zinc, Manteca de Karité, Extracto de Té Verde",161.11
2828,CeraPlus 275,Seca,"Ácido Salicílico, Ácido Láctico",154.66
2829,UltraSmooth 57,Seca,"Vitamina C, Aceite de Jojoba",55.79
2830,BrightFix 182,Todo tipo,"Urea, Ácido Láctico, Glicerina",159.67
2831,Clear Skin 28,Madura,"Ácido Hialurónico, Ceramidas, Ácido Láctico",27.57
2832,RegenX 65,Sensible,"Pantenol, Agua Termal",136.83
2833,NutriGlow 143,Normal,"Manteca de Karité, Aloe Vera, Ácido Láctico, Retinol",12.61
2834,NightCare 212,Seca,"Ácido Láctico, Ácido Ferúlico, Niacinamida",24.47
2835,SkinPure 74,Grasa,"Aloe Vera, Ácido Salicílico, Ácido Ferúlico, Aceite de Jojoba",68.97
2836,Aqua Balm 163,Madura,"Ácido Hialurónico, Avena Coloidal, Ceramidas, Vitamina C",162.0
2837,Clear Skin 144,Grasa,"Pantenol, Glicerina",118.21
2838,Radiant Day 235,Acneica,"Agua Termal, Ácido Hialurónico, Aceite de Jojoba",5.32
2839,DermaFix 71,Grasa,"Peptidos, Pantenol, Aloe Vera",179.16
2840,Glow Serum 206,Normal,"Retinol, Ácido Láctico, Niacinamida",95.69
2841,NightCare 62,Acneica,"Aceite de Jojoba, Manteca de Karité, Urea",112.65
2842,RegenX 22,Grasa,"Vitamina C, Avena Coloidal",102.44
2843,OilControl 172,Sensible,"Zinc, Ácido Hialurónico",66.84
2844,Hydra Boost 26,Acneica,"Niacinamida, Extracto de Té Verde, Ceramidas",33.67
2845,Daily Moist 155,Grasa,"Ácido Salicílico, Glicerina, Ceramidas",14.64
2846,RegenX 210,Madura,"Pantenol, Aceite de Jojoba",71.34
2847,AcneFree 164,Todo tipo,"Aloe Vera, Retinol",172.61
2848,SunShield 158,Seca,"Ceramidas, Agua Termal, Aceite de Jojoba",38.52
2849,Clear Skin 152,Sensible,"Ceramidas, Aloe Vera, Peptidos, Zinc",171.18
2850,BrightFix 88,Normal,"Extracto de Té Verde, Peptidos",115.85
2851,DermaFix 22,Todo tipo,"Ácido Ferúlico, Extracto de Té Verde, Ácido Láctico, Urea",33.1
2852,Fresh Dew 75,Seca,"Ácido Ferúlico, Aceite de Jojoba",157.23
2853,CeraPlus 295,Sensible,"Retinol, Ácido Hialurónico, Ceramidas",111.85
2854,NutriGlow 235,Sensible,"Niacinamida, Ácido Hialurónico",102.14
2855,Hydra Boost 109,Normal,"Urea, Glicerina, Manteca de Karité",151.13
2856,Glow Serum 233,Normal,"Retinol, Ácido Láctico",7.95
2857,RegenX 105,Grasa,"Vitamina C, Ácido Salicílico, Peptidos, Ceramidas",62.5
2858,Silky Touch 183,Mixta,"Manteca de Karité, Zinc, Retinol, Urea",31.42
2859,RegenX 123,Acneica,"Manteca de Karité, Urea, Zinc",63.97
2860,Glow Serum 257,Grasa,"Pantenol, Vitamina C, Ceramidas, Manteca de Karité",157.9
2861,NightCare 291,Sensible,"Glicerina, Avena Coloidal, Ácido Hialurónico",49.28
2862,Aqua Balm 51,Grasa,"Niacinamida, Ceramidas, Zinc, Retinol",56.96
2863,SkinPure 240,Mixta,"Agua Termal, Manteca de Karité, Aloe Vera",40.92
2864,SkinPure 265,Seca,"Glicerina, Zinc, Retinol",162.05
2865,Radiant Day 247,Mixta,"Urea, Aloe Vera",72.87
2866,SkinPure 191,Seca,"Peptidos, Aceite de Jojoba",96.78
2867,Clear Skin 125,Sensible,"Glicerina, Urea, Agua Termal, Extracto de Té Verde",135.95
2868,SunShield 46,Madura,"Peptidos, Ceramidas, Agua Termal",184.67
2869,Clear Skin 26,Todo tipo,"Agua Termal, Avena Coloidal, Ácido Ferúlico, Vitamina C",77.51
2870,AgeDefy 276,Sensible,"Manteca de Karité, Extracto de Té Verde",78.69
2871,AgeDefy 220,Seca,"Glicerina, Ácido Salicílico, Pantenol, Retinol",20.19
2872,DermaFix 124,Mixta,"Urea, Extracto de Té Verde",179.25
2873,CeraPlus 230,Normal,"Ácido Hialurónico, Ácido Láctico, Vitamina C, Aceite de Jojoba",31.47
2874,Hydra Boost 77,Todo tipo,"Manteca de Karité, Zinc, Pantenol, Glicerina",21.07
2875,CeraPlus 215,Madura,"Vitamina C, Aceite de Jojoba, Ácido Hialurónico",35.52
2876,DermaFix 290,Acneica,"Glicerina, Extracto de Té Verde, Manteca de Karité, Agua Termal",112.02
2877,NutriGlow 129,Mixta,"Glicerina, Manteca de Karité, Niacinamida, Agua Termal",57.73
2878,SkinPure 12,Todo tipo,"Ceramidas, Aceite de Jojoba",60.59
2879,Fresh Dew 179,Acneica,"Ácido Hialurónico, Extracto de Té Verde, Peptidos",168.78
2880,Glow Serum 300,Madura,"Ácido Salicílico, Retinol, Manteca de Karité",75.75
2881,NutriGlow 38,Seca,"Vitamina C, Aceite de Jojoba",25.98
2882,BrightFix 53,Acneica,"Pantenol, Avena Coloidal, Aceite de Jojoba",153.44
2883,Radiant Day 173,Normal,"Ácido Láctico, Manteca de Karité, Aloe Vera, Agua Termal",159.94
2884,Aqua Balm 93,Todo tipo,"Agua Termal, Retinol, Ácido Hialurónico, Ceramidas",155.17
2885,SkinPure 205,Seca,"Ácido Salicílico, Peptidos",191.04
2886,RegenX 228,Acneica,"Niacinamida, Retinol, Ceramidas",31.16
2887,Daily Moist 128,Acneica,"Niacinamida, Glicerina, Zinc",141.78
2888,SunShield 13,Mixta,"Ceramidas, Aceite de Jojoba, Peptidos",28.43
2889,Daily Moist 121,Acneica,"Ácido Láctico, Aloe Vera, Urea",196.12
2890,UltraSmooth 114,Acneica,"Ácido Ferúlico, Pantenol",170.16
2891,UltraSmooth 158,Sensible,"Ácido Hialurónico, Aceite de Jojoba",79.71
2892,SkinPure 7,Acneica,"Agua Termal, Ácido Láctico, Extracto de Té Verde, Manteca de Karité",88.22
2893,BrightFix 167,Seca,"Ácido Salicílico, Avena Coloidal, Zinc",143.24
2894,CeraPlus 300,Seca,"Urea, Avena Coloidal, Manteca de Karité",189.04
2895,Radiant Day 228,Madura,"Avena Coloidal, Ácido Salicílico, Retinol",125.7
2896,Fresh Dew 133,Madura,"Ácido Ferúlico, Avena Coloidal, Zinc, Ácido Hialurónico",64.64
2897,SunShield 26,Mixta,"Ácido Hialurónico, Zinc",44.88
2898,NutriGlow 261,Seca,"Peptidos, Pantenol",121.99
2899,NightCare 193,Sensible,"Ácido Ferúlico, Pantenol, Peptidos, Zinc",118.5
2900,RegenX 252,Todo tipo,"Retinol, Ácido Láctico, Ácido Ferúlico, Manteca de Karité",71.09
2901,OilControl 156,Sensible,"Extracto de Té Verde, Zinc, Retinol",128.62
2902,Clear Skin 180,Acneica,"Ácido Salicílico, Ácido Ferúlico, Aceite de Jojoba",135.48
2903,NutriGlow 150,Normal,"Extracto de Té Verde, Urea, Agua Termal, Glicerina",190.45
2904,AgeDefy 206,Normal,"Aceite de Jojoba, Ácido Hialurónico",48.4
2905,Radiant Day 217,Grasa,"Aceite de Jojoba, Vitamina C",195.55
2906,NutriGlow 157,Sensible,"Pantenol, Ácido Hialurónico, Manteca de Karité, Urea",125.57
2907,Hydra Boost 255,Normal,"Avena Coloidal, Pantenol, Urea",133.69
2908,Silky Touch 109,Grasa,"Ceramidas, Peptidos",6.13
2909,DermaFix 254,Mixta,"Urea, Glicerina, Ácido Hialurónico, Extracto de Té Verde",185.14
2910,CeraPlus 47,Normal,"Ácido Salicílico, Aloe Vera, Agua Termal",127.76
2911,RegenX 109,Sensible,"Niacinamida, Aceite de Jojoba, Ácido Ferúlico, Ácido Láctico",163.3
2912,Clear Skin 219,Mixta,"Pantenol, Manteca de Karité, Vitamina C, Peptidos",84.32
2913,UltraSmooth 291,Seca,"Zinc, Aceite de Jojoba, Ácido Hialurónico",15.42
2914,UltraSmooth 232,Mixta,"Zinc, Vitamina C",49.35
2915,Silky Touch 148,Todo tipo,"Urea, Manteca de Karité, Aloe Vera",187.51
2916,OilControl 51,Normal,"Ceramidas, Retinol, Pantenol",53.3
2917,Hydra Boost 263,Sensible,"Glicerina, Ácido Ferúlico, Extracto de Té Verde, Urea",102.0
2918,NightCare 269,Grasa,"Urea, Ácido Salicílico, Ácido Ferúlico, Ácido Hialurónico",17.46
2919,CeraPlus 115,Seca,"Glicerina, Ácido Láctico, Aloe Vera",21.29
2920,DermaFix 78,Mixta,"Avena Coloidal, Aloe Vera, Ácido Salicílico, Peptidos",24.76
2921,BrightFix 93,Mixta,"Pantenol, Extracto de Té Verde, Avena Coloidal, Manteca de Karité",39.45
2922,NutriGlow 136,Grasa,"Extracto de Té Verde, Ácido Salicílico",176.49
2923,AgeDefy 241,Todo tipo,"Urea, Ácido Ferúlico, Peptidos",118.0
2924,Glow Serum 275,Normal,"Pantenol, Ácido Salicílico",39.94
2925,BrightFix 60,Mixta,"Agua Termal, Extracto de Té Verde",46.55
2926,OilControl 290,Acneica,"Urea, Ceramidas, Zinc",75.1
2927,Radiant Day 189,Sensible,"Avena Coloidal, Extracto de Té Verde, Ácido Ferúlico",108.48
2928,RegenX 116,Seca,"Pantenol, Peptidos, Zinc",111.37
2929,OilControl 101,Sensible,"Vitamina C, Peptidos, Urea",132.06
2930,SunShield 113,Sensible,"Zinc, Manteca de Karité, Agua Termal",86.71
2931,Clear Skin 81,Sensible,"Manteca de Karité, Ácido Láctico, Ceramidas, Pantenol",35.71
2932,AgeDefy 75,Mixta,"Ácido Hialurónico, Aceite de Jojoba, Zinc, Agua Termal",132.23
2933,Hydra Boost 20,Seca,"Ceramidas, Glicerina, Aloe Vera",135.1
2934,Hydra Boost 156,Normal,"Agua Termal, Ácido Láctico, Retinol, Manteca de Karité",128.39
2935,Aqua Balm 19,Todo tipo,"Aloe Vera, Agua Termal",10.87
2936,UltraSmooth 56,Sensible,"Aloe Vera, Ácido Ferúlico, Urea",143.76
2937,Fresh Dew 219,Mixta,"Avena Coloidal, Aloe Vera, Retinol, Urea",161.07
2938,CeraPlus 44,Seca,"Ácido Salicílico, Ácido Láctico, Avena Coloidal",155.82
2939,DermaFix 89,Madura,"Manteca de Karité, Ceramidas, Vitamina C, Urea",82.95
2940,Silky Touch 126,Todo tipo,"Ceramidas, Ácido Hialurónico, Aloe Vera",142.75
2941,OilControl 282,Grasa,"Extracto de Té Verde, Zinc, Ácido Láctico",34.65
2942,AcneFree 88,Acneica,"Extracto de Té Verde, Zinc",72.6
2943,Aqua Balm 138,Madura,"Ácido Salicílico, Ácido Ferúlico, Peptidos",70.94
2944,Clear Skin 232,Seca,"Aceite de Jojoba, Ácido Láctico, Extracto de Té Verde",133.45
2945,SunShield 165,Sensible,"Retinol, Urea",67.21
2946,NightCare 124,Acneica,"Glicerina, Avena Coloidal, Peptidos",138.4
2947,Radiant Day 89,Seca,"Peptidos, Aloe Vera, Ceramidas",85.71
2948,DermaFix 274,Grasa,"Ácido Salicílico, Ácido Ferúlico, Peptidos",10.81
2949,Radiant Day 229,Seca,"Urea, Zinc, Agua Termal, Manteca de Karité",131.5
2950,SunShield 261,Mixta,"Aceite de Jojoba, Vitamina C",74.65
2951,RegenX 190,Madura,"Glicerina, Ácido Salicílico, Ácido Ferúlico, Ácido Hialurónico",38.35
2952,NightCare 251,Acneica,"Avena Coloidal, Ácido Láctico",44.9
2953,OilControl 230,Sensible,"Ácido Ferúlico, Extracto de Té Verde",120.55
2954,Hydra Boost 276,Grasa,"Ácido Hialurónico, Aceite de Jojoba, Avena Coloidal",157.94
2955,Fresh Dew 3,Acneica,"Ceramidas, Niacinamida, Ácido Salicílico, Agua Termal",78.01
2956,Silky Touch 69,Todo tipo,"Glicerina, Peptidos, Retinol, Zinc",138.62
2957,BrightFix 281,Grasa,"Avena Coloidal, Zinc",98.86
2958,Glow Serum 237,Sensible,"Peptidos, Extracto de Té Verde",82.69
2959,Glow Serum 293,Sensible,"Ácido Hialurónico, Glicerina, Aloe Vera, Ceramidas",25.81
2960,Aqua Balm 127,Seca,"Pantenol, Extracto de Té Verde",189.02
2961,NightCare 63,Grasa,"Glicerina, Ácido Hialurónico, Ceramidas, Aloe Vera",59.7
2962,AcneFree 65,Normal,"Zinc, Ácido Láctico, Niacinamida",109.63
2963,SunShield 100,Seca,"Ácido Ferúlico, Manteca de Karité, Agua Termal",86.42
2964,SkinPure 113,Acneica,"Aceite de Jojoba, Urea, Pantenol",38.58
2965,NightCare 36,Seca,"Peptidos, Vitamina C, Manteca de Karité, Ácido Hialurónico",17.49
2966,Glow Serum 128,Madura,"Retinol, Manteca de Karité, Pantenol",89.94
2967,Glow Serum 290,Normal,"Peptidos, Manteca de Karité, Extracto de Té Verde",155.85
2968,Glow Serum 196,Acneica,"Glicerina, Avena Coloidal, Ácido Ferúlico, Ácido Hialurónico",89.02
2969,Glow Serum 114,Seca,"Glicerina, Extracto de Té Verde, Pantenol",9.08
2970,SunShield 59,Grasa,"Aloe Vera, Aceite de Jojoba, Ácido Láctico, Extracto de Té Verde",190.96
2971,Clear Skin 298,Sensible,"Vitamina C, Avena Coloidal, Ácido Ferúlico, Aloe Vera",133.78
2972,Aqua Balm 16,Seca,"Zinc, Vitamina C, Extracto de Té Verde",18.67
2973,Hydra Boost 87,Grasa,"Vitamina C, Agua Termal, Urea",176.08
2974,Radiant Day 215,Mixta,"Pantenol, Vitamina C, Ácido Hialurónico",61.56
2975,Aqua Balm 164,Todo tipo,"Avena Coloidal, Urea",163.92
2976,CeraPlus 221,Normal,"Ácido Láctico, Zinc, Manteca de Karité, Glicerina",15.73
2977,OilControl 113,Todo tipo,"Ácido Hialurónico, Ácido Láctico, Ácido Ferúlico, Manteca de Karité",40.21
2978,NutriGlow 233,Acneica,"Peptidos, Ácido Ferúlico, Niacinamida, Aloe Vera",100.74
2979,Radiant Day 134,Seca,"Urea, Manteca de Karité",136.78
2980,Radiant Day 202,Seca,"Pantenol, Urea",143.66
2981,DermaFix 143,Madura,"Ácido Hialurónico, Agua Termal",196.33
2982,Aqua Balm 266,Acneica,"Agua Termal, Vitamina C, Urea, Avena Coloidal",82.15
2983,BrightFix 37,Normal,"Aloe Vera, Aceite de Jojoba, Manteca de Karité, Ácido Hialurónico",96.72
2984,Radiant Day 257,Madura,"Ácido Salicílico, Ceramidas, Urea",121.62
2985,Fresh Dew 206,Mixta,"Manteca de Karité, Peptidos",175.68
2986,OilControl 190,Mixta,"Ácido Salicílico, Niacinamida, Extracto de Té Verde, Pantenol",129.64
2987,NightCare 214,Todo tipo,"Retinol, Pantenol, Avena Coloidal",192.05
2988,Silky Touch 276,Normal,"Avena Coloidal, Manteca de Karité",166.2
2989,Fresh Dew 116,Seca,"Ácido Láctico, Zinc, Manteca de Karité",177.5
2990,Daily Moist 87,Grasa,"Ácido Salicílico, Ácido Láctico, Aloe Vera",93.27
2991,BrightFix 182,Acneica,"Aceite de Jojoba, Retinol, Zinc",197.47
2992,DermaFix 278,Seca,"Ácido Salicílico, Retinol",118.96
2993,Daily Moist 116,Seca,"Avena Coloidal, Vitamina C, Urea, Glicerina",138.49
2994,AgeDefy 33,Madura,"Ácido Salicílico, Pantenol, Peptidos, Manteca de Karité",44.35
2995,Clear Skin 33,Sensible,"Ácido Ferúlico, Urea, Ácido Salicílico, Retinol",145.44
2996,Clear Skin 44,Acneica,"Aloe Vera, Glicerina",109.32
2997,BrightFix 176,Grasa,"Urea, Ceramidas, Zinc",151.69
2998,OilControl 113,Madura,"Ácido Hialurónico, Urea, Aloe Vera, Ácido Láctico",147.35
2999,Clear Skin 90,Seca,"Ácido Láctico, Ácido Salicílico",193.35
3000,RegenX 242,Acneica,"Ácido Hialurónico, Ácido Ferúlico, Urea",94.52
3001,Fresh Dew 122,Mixta,"Ácido Láctico, Extracto de Té Verde, Ácido Ferúlico, Manteca de Karité",74.43
3002,Aqua Balm 119,Sensible,"Avena Coloidal, Peptidos, Urea, Pantenol",25.05
3003,RegenX 113,Normal,"Urea, Vitamina C",33.63
3004,DermaFix 111,Todo tipo,"Glicerina, Ceramidas, Ácido Salicílico, Manteca de Karité",45.22
3005,OilControl 225,Normal,"Extracto de Té Verde, Ceramidas, Manteca de Karité, Ácido Salicílico",182.32
3006,Fresh Dew 82,Sensible,"Extracto de Té Verde, Vitamina C, Retinol",117.85
3007,Radiant Day 232,Sensible,"Zinc, Peptidos, Manteca de Karité, Aceite de Jojoba",192.93
3008,UltraSmooth 220,Normal,"Manteca de Karité, Niacinamida",7.52
3009,SkinPure 114,Todo tipo,"Pantenol, Zinc, Glicerina",53.73
3010,CeraPlus 286,Mixta,"Avena Coloidal, Aceite de Jojoba, Ácido Ferúlico",182.77
3011,AgeDefy 46,Grasa,"Avena Coloidal, Extracto de Té Verde, Retinol, Ácido Hialurónico",40.87
3012,CeraPlus 297,Sensible,"Aloe Vera, Agua Termal, Urea, Avena Coloidal",163.11
3013,BrightFix 83,Acneica,"Vitamina C, Urea, Peptidos, Pantenol",145.92
3014,RegenX 284,Seca,"Niacinamida, Glicerina, Aceite de Jojoba",111.6
3015,NightCare 139,Acneica,"Ácido Hialurónico, Ceramidas, Agua Termal",31.17
3016,Hydra Boost 13,Grasa,"Pantenol, Ácido Ferúlico, Ácido Salicílico, Glicerina",21.76
3017,RegenX 131,Madura,"Ácido Ferúlico, Ácido Láctico, Ceramidas, Zinc",143.52
3018,Clear Skin 182,Mixta,"Aceite de Jojoba, Ácido Salicílico, Manteca de Karité, Retinol",172.12
3019,Aqua Balm 298,Mixta,"Agua Termal, Avena Coloidal, Extracto de Té Verde, Manteca de Karité",147.8
3020,AgeDefy 294,Grasa,"Agua Termal, Ácido Salicílico, Ácido Ferúlico",177.67
3021,Glow Serum 170,Seca,"Glicerina, Peptidos",102.46
3022,Aqua Balm 241,Seca,"Ácido Láctico, Glicerina, Pantenol, Manteca de Karité",18.28
3023,Glow Serum 77,Normal,"Ácido Ferúlico, Peptidos, Agua Termal, Ácido Salicílico",11.58
3024,NightCare 209,Todo tipo,"Avena Coloidal, Extracto de Té Verde, Aloe Vera",15.95
3025,NutriGlow 68,Seca,"Zinc, Pantenol, Peptidos",42.04
3026,Glow Serum 172,Normal,"Manteca de Karité, Ácido Hialurónico, Ácido Ferúlico, Aloe Vera",7.55
3027,AcneFree 95,Acneica,"Avena Coloidal, Ceramidas, Aceite de Jojoba",80.67
3028,Fresh Dew 251,Madura,"Pantenol, Avena Coloidal, Aloe Vera",56.99
3029,OilControl 256,Mixta,"Glicerina, Ceramidas, Zinc",51.05
3030,Hydra Boost 232,Acneica,"Ceramidas, Vitamina C",150.45
3031,Aqua Balm 228,Seca,"Glicerina, Manteca de Karité",110.72
3032,Aqua Balm 131,Mixta,"Ácido Hialurónico, Manteca de Karité, Glicerina, Urea",10.94
3033,Glow Serum 38,Grasa,"Zinc, Ceramidas, Glicerina",25.92
3034,Radiant Day 233,Grasa,"Ceramidas, Niacinamida, Vitamina C",97.54
3035,UltraSmooth 96,Seca,"Urea, Extracto de Té Verde, Aloe Vera, Glicerina",116.76
3036,RegenX 105,Normal,"Niacinamida, Aceite de Jojoba, Ceramidas",12.96
3037,CeraPlus 15,Acneica,"Agua Termal, Avena Coloidal",85.06
3038,DermaFix 287,Todo tipo,"Urea, Avena Coloidal, Manteca de Karité, Agua Termal",64.61
3039,SunShield 113,Normal,"Ácido Salicílico, Ceramidas, Vitamina C, Peptidos",126.95
3040,Daily Moist 175,Acneica,"Glicerina, Pantenol, Aloe Vera",100.03
3041,OilControl 29,Sensible,"Ácido Salicílico, Extracto de Té Verde",35.01
3042,Daily Moist 243,Madura,"Agua Termal, Manteca de Karité",199.31
3043,SunShield 235,Seca,"Ácido Salicílico, Ácido Láctico, Aceite de Jojoba, Avena Coloidal",71.45
3044,Radiant Day 291,Acneica,"Ácido Ferúlico, Vitamina C, Ácido Salicílico",143.0
3045,NutriGlow 161,Grasa,"Retinol, Ácido Láctico",150.93
3046,Glow Serum 192,Normal,"Ácido Láctico, Ácido Ferúlico, Urea, Avena Coloidal",105.58
3047,Aqua Balm 159,Seca,"Aloe Vera, Ácido Láctico, Ácido Ferúlico",64.13
3048,RegenX 167,Seca,"Aceite de Jojoba, Avena Coloidal",157.43
3049,OilControl 24,Todo tipo,"Niacinamida, Ácido Láctico, Aloe Vera, Zinc",93.34
3050,RegenX 260,Sensible,"Glicerina, Pantenol, Vitamina C, Niacinamida",46.44
3051,OilControl 285,Sensible,"Vitamina C, Peptidos",164.1
3052,Glow Serum 215,Mixta,"Aloe Vera, Pantenol, Ácido Hialurónico",187.27
3053,Hydra Boost 61,Acneica,"Ácido Salicílico, Ácido Ferúlico, Agua Termal",78.65
3054,CeraPlus 208,Acneica,"Peptidos, Aceite de Jojoba",14.74
3055,AgeDefy 256,Normal,"Agua Termal, Ácido Hialurónico, Retinol, Glicerina",190.41
3056,Daily Moist 223,Normal,"Peptidos, Aceite de Jojoba, Zinc, Ácido Ferúlico",21.91
3057,UltraSmooth 182,Normal,"Niacinamida, Aloe Vera, Ácido Salicílico, Retinol",123.22
3058,SunShield 141,Acneica,"Manteca de Karité, Agua Termal, Ácido Salicílico",175.44
3059,AgeDefy 127,Sensible,"Pantenol, Avena Coloidal",37.49
3060,Fresh Dew 7,Seca,"Pantenol, Niacinamida, Retinol, Peptidos",115.4
3061,SunShield 254,Seca,"Zinc, Pantenol, Ceramidas, Aceite de Jojoba",129.01
3062,CeraPlus 197,Grasa,"Pantenol, Ácido Salicílico",163.55
3063,AcneFree 271,Grasa,"Ácido Salicílico, Extracto de Té Verde",86.78
3064,DermaFix 67,Seca,"Ácido Láctico, Zinc",146.14
3065,Aqua Balm 131,Grasa,"Retinol, Extracto de Té Verde, Urea, Zinc",80.05
3066,Clear Skin 250,Normal,"Avena Coloidal, Ácido Salicílico",124.56
3067,Radiant Day 222,Seca,"Aloe Vera, Pantenol, Manteca de Karité",126.67
3068,Daily Moist 175,Normal,"Manteca de Karité, Niacinamida, Avena Coloidal, Aceite de Jojoba",160.79
3069,AgeDefy 201,Mixta,"Ácido Salicílico, Urea, Pantenol, Retinol",94.76
3070,UltraSmooth 149,Normal,"Avena Coloidal, Aceite de Jojoba, Ácido Láctico",98.96
3071,UltraSmooth 138,Grasa,"Extracto de Té Verde, Pantenol, Glicerina",176.92
3072,CeraPlus 38,Mixta,"Extracto de Té Verde, Manteca de Karité, Avena Coloidal",182.15
3073,Aqua Balm 105,Sensible,"Aloe Vera, Avena Coloidal",136.25
3074,Daily Moist 226,Acneica,"Aceite de Jojoba, Manteca de Karité, Extracto de Té Verde, Niacinamida",8.9
3075,NightCare 22,Sensible,"Ácido Hialurónico, Glicerina",132.22
3076,BrightFix 189,Sensible,"Retinol, Ácido Hialurónico",65.29
3077,AgeDefy 267,Grasa,"Urea, Ceramidas",60.64
3078,UltraSmooth 44,Sensible,"Niacinamida, Retinol",110.63
3079,NutriGlow 15,Sensible,"Extracto de Té Verde, Zinc, Glicerina, Ácido Ferúlico",130.46
3080,AgeDefy 299,Grasa,"Ácido Hialurónico, Manteca de Karité, Pantenol",164.21
3081,Aqua Balm 19,Todo tipo,"Aloe Vera, Retinol, Zinc, Ácido Ferúlico",110.2
3082,DermaFix 285,Mixta,"Ácido Ferúlico, Avena Coloidal, Pantenol",101.82
3083,Fresh Dew 263,Grasa,"Manteca de Karité, Vitamina C, Ácido Láctico, Aceite de Jojoba",66.41
3084,AgeDefy 46,Acneica,"Niacinamida, Agua Termal",12.05
3085,BrightFix 283,Madura,"Avena Coloidal, Peptidos, Vitamina C, Aceite de Jojoba",49.87
3086,Daily Moist 290,Mixta,"Ácido Hialurónico, Agua Termal, Glicerina, Niacinamida",89.09
3087,Daily Moist 187,Todo tipo,"Ácido Láctico, Manteca de Karité, Aloe Vera, Ácido Ferúlico",96.96
3088,Silky Touch 33,Grasa,"Urea, Vitamina C, Retinol, Zinc",12.79
3089,AcneFree 204,Normal,"Aceite de Jojoba, Ácido Ferúlico, Avena Coloidal",173.01
3090,Fresh Dew 100,Normal,"Retinol, Ácido Salicílico, Glicerina, Pantenol",145.8
3091,AgeDefy 257,Madura,"Ácido Ferúlico, Ácido Hialurónico, Niacinamida, Agua Termal",180.56
3092,Fresh Dew 297,Grasa,"Ácido Salicílico, Ácido Láctico, Aloe Vera",171.61
3093,AcneFree 259,Seca,"Vitamina C, Niacinamida, Extracto de Té Verde",75.55
3094,CeraPlus 264,Todo tipo,"Peptidos, Ácido Hialurónico, Agua Termal",156.23
3095,SkinPure 155,Mixta,"Zinc, Ácido Láctico, Agua Termal",124.18
3096,UltraSmooth 71,Madura,"Manteca de Karité, Retinol",192.28
3097,SkinPure 92,Todo tipo,"Retinol, Urea",110.6
3098,CeraPlus 285,Todo tipo,"Peptidos, Agua Termal, Ácido Láctico, Ácido Hialurónico",146.96
3099,SkinPure 120,Mixta,"Ácido Láctico, Manteca de Karité, Agua Termal",78.46
3100,SkinPure 115,Grasa,"Ácido Salicílico, Agua Termal",157.35
3101,Clear Skin 164,Normal,"Ácido Láctico, Pantenol",36.99
3102,SkinPure 27,Sensible,"Ácido Hialurónico, Aloe Vera",150.86
3103,DermaFix 27,Sensible,"Ácido Láctico, Agua Termal",55.3
3104,Silky Touch 63,Acneica,"Manteca de Karité, Pantenol",161.46
3105,Clear Skin 275,Madura,"Zinc, Pantenol, Peptidos, Niacinamida",57.39
3106,Clear Skin 117,Todo tipo,"Glicerina, Retinol, Aloe Vera, Ácido Láctico",154.65
3107,NutriGlow 181,Madura,"Pantenol, Ácido Hialurónico, Ácido Ferúlico",77.69
3108,DermaFix 6,Normal,"Retinol, Peptidos, Manteca de Karité",177.53
3109,UltraSmooth 150,Seca,"Extracto de Té Verde, Vitamina C",134.02
3110,OilControl 104,Todo tipo,"Peptidos, Zinc, Aloe Vera, Vitamina C",195.1
3111,Silky Touch 15,Sensible,"Ácido Láctico, Ceramidas, Niacinamida, Ácido Salicílico",190.02
3112,AcneFree 191,Todo tipo,"Manteca de Karité, Ácido Ferúlico, Ácido Hialurónico, Niacinamida",140.66
3113,SunShield 117,Grasa,"Ácido Ferúlico, Ácido Hialurónico, Aloe Vera, Extracto de Té Verde",194.6
3114,DermaFix 212,Seca,"Glicerina, Pantenol, Avena Coloidal",59.69
3115,SunShield 43,Grasa,"Niacinamida, Manteca de Karité",105.96
3116,NutriGlow 20,Todo tipo,"Aloe Vera, Agua Termal, Ácido Láctico",136.72
3117,OilControl 289,Acneica,"Pantenol, Ceramidas, Glicerina, Vitamina C",25.84
3118,Hydra Boost 259,Madura,"Manteca de Karité, Glicerina, Ácido Salicílico, Ácido Hialurónico",89.52
3119,Silky Touch 229,Grasa,"Aceite de Jojoba, Ácido Salicílico, Zinc, Ceramidas",45.72
3120,Silky Touch 32,Sensible,"Pantenol, Agua Termal",130.17
3121,Fresh Dew 164,Mixta,"Retinol, Ceramidas",139.28
3122,Silky Touch 79,Madura,"Glicerina, Agua Termal",114.3
3123,SkinPure 133,Acneica,"Ácido Láctico, Peptidos, Ácido Ferúlico",134.51
3124,OilControl 7,Mixta,"Manteca de Karité, Pantenol, Aloe Vera, Retinol",135.95
3125,OilControl 67,Sensible,"Pantenol, Agua Termal",154.87
3126,Radiant Day 40,Sensible,"Glicerina, Aloe Vera",54.02
3127,Fresh Dew 196,Madura,"Aceite de Jojoba, Vitamina C, Extracto de Té Verde, Ácido Salicílico",12.94
3128,Radiant Day 117,Mixta,"Pantenol, Aceite de Jojoba, Extracto de Té Verde, Zinc",33.92
3129,UltraSmooth 20,Sensible,"Pantenol, Ácido Salicílico, Aloe Vera, Agua Termal",186.24
3130,NightCare 251,Grasa,"Ácido Salicílico, Ácido Ferúlico",101.99
3131,OilControl 247,Normal,"Ácido Hialurónico, Pantenol, Vitamina C, Aceite de Jojoba",79.4
3132,Daily Moist 160,Grasa,"Extracto de Té Verde, Avena Coloidal, Urea",96.57
3133,AcneFree 33,Acneica,"Niacinamida, Ácido Ferúlico",161.26
3134,Fresh Dew 193,Mixta,"Aceite de Jojoba, Ceramidas, Ácido Salicílico",122.85
3135,AcneFree 199,Todo tipo,"Extracto de Té Verde, Ácido Hialurónico, Ácido Salicílico",35.86
3136,AgeDefy 69,Todo tipo,"Ceramidas, Agua Termal",174.63
3137,Daily Moist 70,Grasa,"Zinc, Pantenol, Ácido Salicílico",164.81
3138,OilControl 240,Acneica,"Niacinamida, Aceite de Jojoba, Peptidos, Ácido Ferúlico",116.51
3139,DermaFix 117,Grasa,"Pantenol, Niacinamida, Agua Termal, Manteca de Karité",10.11
3140,CeraPlus 17,Acneica,"Ácido Láctico, Niacinamida",157.52
3141,Radiant Day 282,Mixta,"Peptidos, Urea, Niacinamida, Extracto de Té Verde",166.63
3142,DermaFix 274,Seca,"Glicerina, Aceite de Jojoba, Retinol",54.41
3143,NutriGlow 107,Seca,"Ácido Láctico, Avena Coloidal",8.46
3144,SkinPure 109,Acneica,"Ácido Láctico, Niacinamida",41.31
3145,NutriGlow 146,Madura,"Ácido Ferúlico, Manteca de Karité, Glicerina, Ácido Hialurónico",104.73
3146,Fresh Dew 95,Grasa,"Ácido Ferúlico, Ácido Láctico, Peptidos, Glicerina",71.07
3147,NightCare 2,Normal,"Glicerina, Niacinamida, Ácido Salicílico, Urea",46.38
3148,SunShield 255,Seca,"Retinol, Glicerina",135.4
3149,DermaFix 278,Todo tipo,"Extracto de Té Verde, Peptidos, Agua Termal, Manteca de Karité",188.74
3150,SunShield 121,Seca,"Glicerina, Niacinamida",22.47
3151,CeraPlus 156,Seca,"Zinc, Ácido Láctico, Vitamina C, Pantenol",108.44
3152,Hydra Boost 260,Todo tipo,"Ácido Hialurónico, Aceite de Jojoba, Vitamina C",51.56
3153,CeraPlus 64,Acneica,"Ácido Hialurónico, Manteca de Karité, Aloe Vera",126.47
3154,Hydra Boost 127,Madura,"Manteca de Karité, Glicerina",138.46
3155,AcneFree 198,Sensible,"Extracto de Té Verde, Aceite de Jojoba, Aloe Vera",143.46
3156,Radiant Day 285,Sensible,"Urea, Ceramidas",106.08
3157,Glow Serum 192,Sensible,"Retinol, Pantenol, Avena Coloidal, Vitamina C",157.14
3158,Radiant Day 21,Madura,"Vitamina C, Ácido Ferúlico, Ceramidas",156.06
3159,AcneFree 268,Sensible,"Zinc, Ácido Ferúlico, Niacinamida, Ácido Salicílico",122.14
3160,Daily Moist 120,Todo tipo,"Aceite de Jojoba, Agua Termal",196.56
3161,SkinPure 237,Mixta,"Zinc, Ácido Salicílico",50.11
3162,Silky Touch 205,Grasa,"Ácido Ferúlico, Aceite de Jojoba, Ácido Láctico",186.77
3163,Glow Serum 223,Sensible,"Niacinamida, Urea, Glicerina, Agua Termal",186.72
3164,AgeDefy 147,Normal,"Ceramidas, Agua Termal, Ácido Ferúlico",85.06
3165,Aqua Balm 25,Mixta,"Glicerina, Niacinamida, Ceramidas, Extracto de Té Verde",45.58
3166,Daily Moist 240,Sensible,"Peptidos, Glicerina",167.26
3167,SkinPure 58,Sensible,"Zinc, Ácido Hialurónico",11.92
3168,SunShield 251,Todo tipo,"Retinol, Ceramidas",25.92
3169,RegenX 201,Grasa,"Peptidos, Avena Coloidal, Retinol",89.3
3170,Fresh Dew 266,Madura,"Pantenol, Urea",181.94
3171,UltraSmooth 71,Normal,"Agua Termal, Ácido Salicílico, Urea, Retinol",179.95
3172,AgeDefy 243,Normal,"Manteca de Karité, Agua Termal, Peptidos",22.88
3173,BrightFix 198,Mixta,"Retinol, Ácido Láctico, Manteca de Karité",25.64
3174,UltraSmooth 35,Sensible,"Avena Coloidal, Aloe Vera",6.51
3175,NutriGlow 108,Mixta,"Agua Termal, Pantenol, Niacinamida, Retinol",113.9
3176,Silky Touch 99,Acneica,"Aloe Vera, Urea",33.76
3177,Glow Serum 175,Acneica,"Retinol, Glicerina",28.87
3178,OilControl 275,Acneica,"Avena Coloidal, Zinc, Ácido Salicílico, Glicerina",10.98
3179,Silky Touch 178,Todo tipo,"Vitamina C, Urea, Ácido Ferúlico, Aceite de Jojoba",13.37
3180,SunShield 162,Acneica,"Glicerina, Ácido Ferúlico, Manteca de Karité",184.89
3181,Aqua Balm 295,Grasa,"Manteca de Karité, Avena Coloidal, Extracto de Té Verde",54.45
3182,Daily Moist 211,Mixta,"Manteca de Karité, Ácido Salicílico, Zinc",132.97
3183,Aqua Balm 178,Grasa,"Extracto de Té Verde, Pantenol, Vitamina C",65.55
3184,SkinPure 74,Seca,"Aceite de Jojoba, Ácido Salicílico, Niacinamida, Extracto de Té Verde",49.47
3185,Aqua Balm 61,Sensible,"Aloe Vera, Extracto de Té Verde, Zinc",183.57
3186,Daily Moist 207,Mixta,"Pantenol, Aloe Vera",32.99
3187,Silky Touch 127,Madura,"Retinol, Peptidos, Ácido Hialurónico",100.6
3188,AcneFree 299,Madura,"Ácido Salicílico, Retinol",19.28
3189,RegenX 26,Mixta,"Ácido Láctico, Vitamina C",80.93
3190,UltraSmooth 213,Normal,"Ácido Hialurónico, Aloe Vera, Manteca de Karité, Peptidos",85.09
3191,OilControl 205,Madura,"Ácido Salicílico, Peptidos, Aloe Vera, Niacinamida",59.88
3192,Radiant Day 87,Acneica,"Urea, Ácido Ferúlico, Aceite de Jojoba",85.93
3193,OilControl 103,Mixta,"Niacinamida, Manteca de Karité, Retinol",138.33
3194,SunShield 268,Todo tipo,"Pantenol, Zinc, Ceramidas",186.83
3195,AgeDefy 238,Madura,"Pantenol, Aloe Vera, Avena Coloidal",161.88
3196,Radiant Day 27,Normal,"Aceite de Jojoba, Vitamina C, Ácido Salicílico",183.63
3197,OilControl 262,Todo tipo,"Ceramidas, Aloe Vera",123.84
3198,Aqua Balm 164,Normal,"Ácido Láctico, Extracto de Té Verde, Niacinamida",178.95
3199,OilControl 151,Normal,"Agua Termal, Pantenol, Extracto de Té Verde",46.63
3200,AgeDefy 226,Todo tipo,"Ácido Salicílico, Pantenol, Ácido Ferúlico, Zinc",180.74
3201,UltraSmooth 168,Madura,"Ácido Láctico, Retinol, Peptidos, Vitamina C",177.45
3202,Aqua Balm 200,Seca,"Niacinamida, Manteca de Karité",54.96
3203,BrightFix 232,Acneica,"Glicerina, Pantenol",50.95
3204,Silky Touch 34,Madura,"Retinol, Aloe Vera",118.08
3205,NutriGlow 70,Normal,"Aceite de Jojoba, Ácido Ferúlico, Glicerina, Ácido Láctico",179.11
3206,SunShield 88,Grasa,"Ácido Hialurónico, Manteca de Karité, Avena Coloidal",27.09
3207,Daily Moist 256,Normal,"Extracto de Té Verde, Ceramidas, Ácido Hialurónico",8.03
3208,RegenX 66,Normal,"Ceramidas, Glicerina, Ácido Salicílico",73.97
3209,RegenX 217,Todo tipo,"Aceite de Jojoba, Aloe Vera, Ceramidas",116.27
3210,Glow Serum 201,Mixta,"Ácido Ferúlico, Agua Termal, Peptidos, Urea",164.25
3211,NightCare 244,Seca,"Urea, Ácido Láctico, Pantenol, Avena Coloidal",81.13
3212,Hydra Boost 256,Acneica,"Ceramidas, Niacinamida, Retinol, Ácido Hialurónico",184.13
3213,NutriGlow 28,Madura,"Aceite de Jojoba, Zinc",82.31
3214,RegenX 91,Mixta,"Manteca de Karité, Aloe Vera, Ácido Salicílico",36.25
3215,NightCare 164,Grasa,"Agua Termal, Vitamina C, Ceramidas",51.5
3216,Hydra Boost 31,Grasa,"Ácido Hialurónico, Niacinamida",34.89
3217,Hydra Boost 11,Todo tipo,"Peptidos, Aloe Vera, Glicerina",33.51
3218,Glow Serum 122,Todo tipo,"Ceramidas, Agua Termal, Ácido Salicílico",164.82
3219,NutriGlow 237,Seca,"Manteca de Karité, Urea, Peptidos, Avena Coloidal",131.42
3220,AcneFree 204,Sensible,"Agua Termal, Ácido Salicílico, Avena Coloidal",168.75
3221,Fresh Dew 296,Mixta,"Manteca de Karité, Ácido Ferúlico, Vitamina C",116.89
3222,Silky Touch 228,Grasa,"Avena Coloidal, Ácido Salicílico, Vitamina C",109.49
3223,Fresh Dew 192,Grasa,"Aceite de Jojoba, Peptidos, Extracto de Té Verde, Niacinamida",83.87
3224,OilControl 210,Todo tipo,"Peptidos, Zinc, Niacinamida, Avena Coloidal",188.23
3225,BrightFix 286,Normal,"Ácido Hialurónico, Agua Termal, Ácido Láctico, Manteca de Karité",158.01
3226,AgeDefy 233,Mixta,"Ácido Láctico, Aloe Vera",160.73
3227,RegenX 288,Normal,"Retinol, Ácido Hialurónico, Urea, Zinc",193.5
3228,NightCare 238,Mixta,"Ácido Ferúlico, Aceite de Jojoba, Peptidos, Agua Termal",185.46
3229,UltraSmooth 293,Seca,"Agua Termal, Pantenol, Niacinamida, Ácido Salicílico",11.56
3230,NightCare 258,Todo tipo,"Ácido Hialurónico, Extracto de Té Verde, Retinol, Urea",195.29
3231,RegenX 147,Normal,"Manteca de Karité, Glicerina, Agua Termal",143.54
3232,Aqua Balm 97,Mixta,"Vitamina C, Niacinamida, Glicerina",30.15
3233,Clear Skin 90,Todo tipo,"Manteca de Karité, Ácido Láctico, Vitamina C",14.17
3234,NightCare 299,Madura,"Ácido Láctico, Ácido Ferúlico, Ácido Salicílico, Aceite de Jojoba",17.4
3235,Daily Moist 94,Madura,"Avena Coloidal, Extracto de Té Verde, Urea, Manteca de Karité",169.96
3236,Hydra Boost 124,Madura,"Glicerina, Niacinamida, Zinc, Manteca de Karité",188.33
3237,Aqua Balm 35,Normal,"Vitamina C, Ceramidas",81.65
3238,OilControl 295,Mixta,"Agua Termal, Pantenol, Zinc",155.27
3239,NutriGlow 122,Madura,"Glicerina, Agua Termal, Ácido Ferúlico, Ceramidas",110.48
3240,DermaFix 285,Grasa,"Extracto de Té Verde, Glicerina",74.56
3241,AcneFree 254,Todo tipo,"Avena Coloidal, Vitamina C, Zinc",100.13
3242,NutriGlow 63,Seca,"Ácido Ferúlico, Manteca de Karité, Ceramidas, Niacinamida",72.18
3243,Silky Touch 67,Mixta,"Ácido Hialurónico, Urea",8.1
3244,Hydra Boost 205,Sensible,"Manteca de Karité, Aceite de Jojoba, Avena Coloidal",38.25
3245,Radiant Day 204,Todo tipo,"Aloe Vera, Ácido Hialurónico, Ácido Láctico",59.27
3246,AgeDefy 76,Mixta,"Pantenol, Ácido Hialurónico, Ácido Láctico, Zinc",99.11
3247,Aqua Balm 33,Grasa,"Ácido Ferúlico, Vitamina C",135.78
3248,UltraSmooth 193,Todo tipo,"Pantenol, Niacinamida, Ácido Salicílico",129.34
3249,SkinPure 74,Mixta,"Ácido Salicílico, Ceramidas",85.45
3250,Clear Skin 203,Madura,"Agua Termal, Peptidos, Aloe Vera, Manteca de Karité",9.65
3251,AcneFree 158,Normal,"Extracto de Té Verde, Ácido Láctico, Urea",170.05
3252,AgeDefy 247,Sensible,"Aceite de Jojoba, Ácido Hialurónico, Ácido Láctico, Ácido Ferúlico",74.24
3253,Aqua Balm 197,Madura,"Urea, Ceramidas, Glicerina, Agua Termal",140.66
3254,Radiant Day 57,Normal,"Retinol, Ácido Ferúlico, Aceite de Jojoba, Aloe Vera",23.14
3255,DermaFix 299,Seca,"Glicerina, Ácido Salicílico, Aloe Vera, Avena Coloidal",115.71
3256,Glow Serum 273,Seca,"Ácido Ferúlico, Vitamina C, Zinc, Aceite de Jojoba",18.36
3257,RegenX 281,Seca,"Zinc, Vitamina C",33.09
3258,SkinPure 166,Acneica,"Ceramidas, Retinol, Glicerina",58.27
3259,RegenX 124,Todo tipo,"Ceramidas, Vitamina C, Zinc, Ácido Hialurónico",155.34
3260,BrightFix 269,Mixta,"Zinc, Ácido Ferúlico, Ceramidas, Agua Termal",187.13
3261,DermaFix 68,Todo tipo,"Aloe Vera, Ácido Ferúlico, Peptidos, Niacinamida",51.24
3262,RegenX 287,Sensible,"Urea, Peptidos, Ácido Salicílico, Manteca de Karité",161.04
3263,BrightFix 115,Sensible,"Ácido Hialurónico, Ácido Ferúlico, Ácido Láctico",22.4
3264,AgeDefy 282,Normal,"Urea, Retinol, Extracto de Té Verde, Ácido Láctico",144.31
3265,DermaFix 79,Todo tipo,"Retinol, Peptidos, Avena Coloidal",12.92
3266,CeraPlus 160,Todo tipo,"Ceramidas, Aceite de Jojoba, Ácido Salicílico",171.32
3267,Glow Serum 56,Mixta,"Ceramidas, Avena Coloidal, Zinc",163.13
3268,Aqua Balm 243,Seca,"Manteca de Karité, Extracto de Té Verde, Retinol",8.6
3269,OilControl 157,Acneica,"Niacinamida, Ceramidas, Manteca de Karité",104.08
3270,Aqua Balm 190,Acneica,"Ácido Hialurónico, Aloe Vera, Ácido Láctico",192.28
3271,UltraSmooth 138,Mixta,"Ceramidas, Ácido Ferúlico",83.74
3272,Daily Moist 161,Mixta,"Agua Termal, Urea, Ácido Ferúlico, Manteca de Karité",142.72
3273,RegenX 273,Todo tipo,"Extracto de Té Verde, Aloe Vera, Vitamina C",17.44
3274,Clear Skin 179,Grasa,"Glicerina, Ácido Láctico, Ácido Ferúlico, Extracto de Té Verde",127.14
3275,Fresh Dew 275,Todo tipo,"Urea, Pantenol, Ceramidas, Niacinamida",8.59
3276,Aqua Balm 145,Normal,"Pantenol, Peptidos, Ceramidas, Avena Coloidal",186.04
3277,Glow Serum 258,Madura,"Retinol, Ácido Hialurónico, Vitamina C, Peptidos",154.36
3278,Radiant Day 232,Madura,"Aceite de Jojoba, Manteca de Karité, Ácido Láctico, Ceramidas",144.19
3279,CeraPlus 68,Normal,"Glicerina, Pantenol, Vitamina C, Retinol",178.09
3280,RegenX 289,Grasa,"Glicerina, Avena Coloidal",152.99
3281,AcneFree 269,Acneica,"Ceramidas, Zinc",166.16
3282,BrightFix 76,Normal,"Peptidos, Avena Coloidal, Zinc",196.1
3283,CeraPlus 141,Normal,"Extracto de Té Verde, Aloe Vera",152.91
3284,BrightFix 98,Madura,"Niacinamida, Peptidos",116.04
3285,NutriGlow 285,Grasa,"Ácido Ferúlico, Pantenol, Ácido Salicílico, Aceite de Jojoba",77.5
3286,OilControl 37,Mixta,"Aceite de Jojoba, Retinol, Aloe Vera",128.42
3287,AgeDefy 13,Seca,"Ácido Láctico, Vitamina C, Zinc, Urea",177.82
3288,Hydra Boost 204,Madura,"Peptidos, Ácido Salicílico",117.94
3289,Clear Skin 118,Mixta,"Vitamina C, Ácido Láctico",138.7
3290,Clear Skin 140,Seca,"Aceite de Jojoba, Ácido Salicílico",199.06
3291,DermaFix 204,Mixta,"Pantenol, Niacinamida, Ácido Láctico, Manteca de Karité",5.64
3292,Daily Moist 148,Mixta,"Aceite de Jojoba, Ácido Salicílico",121.49
3293,NutriGlow 4,Mixta,"Ácido Salicílico, Avena Coloidal",41.38
3294,AgeDefy 272,Sensible,"Retinol, Manteca de Karité, Vitamina C",142.14
3295,Daily Moist 271,Madura,"Ácido Ferúlico, Ceramidas, Aloe Vera, Manteca de Karité",136.64
3296,UltraSmooth 132,Todo tipo,"Retinol, Niacinamida, Agua Termal",99.04
3297,Glow Serum 92,Madura,"Aceite de Jojoba, Zinc",36.47
3298,Daily Moist 184,Seca,"Ácido Láctico, Niacinamida, Vitamina C, Extracto de Té Verde",9.32
3299,RegenX 259,Todo tipo,"Retinol, Avena Coloidal, Ácido Hialurónico",34.4
3300,NutriGlow 297,Todo tipo,"Zinc, Pantenol, Avena Coloidal",15.73
3301,BrightFix 293,Madura,"Manteca de Karité, Glicerina, Pantenol",28.64
3302,RegenX 140,Todo tipo,"Manteca de Karité, Ácido Láctico, Retinol, Glicerina",143.83
3303,Radiant Day 7,Acneica,"Ácido Ferúlico, Retinol, Avena Coloidal",65.6
3304,CeraPlus 211,Sensible,"Aceite de Jojoba, Manteca de Karité, Glicerina",72.41
3305,SunShield 245,Mixta,"Zinc, Extracto de Té Verde, Manteca de Karité",63.95
3306,BrightFix 151,Grasa,"Ácido Láctico, Aloe Vera, Pantenol",19.03
3307,DermaFix 94,Seca,"Extracto de Té Verde, Ácido Hialurónico, Ácido Láctico",85.54
3308,DermaFix 264,Normal,"Pantenol, Aceite de Jojoba, Aloe Vera, Urea",110.91
3309,Silky Touch 231,Normal,"Ácido Ferúlico, Aceite de Jojoba",191.74
3310,AgeDefy 47,Normal,"Glicerina, Retinol",92.2
3311,Hydra Boost 212,Grasa,"Aloe Vera, Ácido Hialurónico",28.86
3312,Fresh Dew 287,Seca,"Aceite de Jojoba, Manteca de Karité, Aloe Vera, Extracto de Té Verde",99.72
3313,Radiant Day 5,Todo tipo,"Manteca de Karité, Pantenol",114.68
3314,NightCare 226,Seca,"Ácido Ferúlico, Ácido Salicílico",133.05
3315,Hydra Boost 239,Todo tipo,"Aceite de Jojoba, Avena Coloidal, Ácido Hialurónico, Zinc",48.2
3316,Glow Serum 239,Acneica,"Zinc, Ceramidas",169.71
3317,Daily Moist 193,Mixta,"Ácido Hialurónico, Aloe Vera, Avena Coloidal, Ácido Ferúlico",88.91
3318,Radiant Day 30,Seca,"Pantenol, Ácido Hialurónico",99.56
3319,RegenX 51,Mixta,"Urea, Ácido Salicílico, Aloe Vera, Pantenol",36.96
3320,SkinPure 31,Mixta,"Glicerina, Manteca de Karité, Ácido Láctico",184.05
3321,Hydra Boost 21,Acneica,"Glicerina, Peptidos, Pantenol",116.0
3322,SkinPure 292,Madura,"Ácido Láctico, Ceramidas",166.34
3323,Silky Touch 252,Todo tipo,"Ácido Salicílico, Agua Termal, Retinol",79.54
3324,SkinPure 114,Grasa,"Glicerina, Peptidos",9.31
3325,Daily Moist 281,Todo tipo,"Ácido Láctico, Agua Termal, Avena Coloidal, Extracto de Té Verde",192.18
3326,BrightFix 209,Normal,"Vitamina C, Glicerina, Ácido Ferúlico, Zinc",84.33
3327,Radiant Day 133,Seca,"Zinc, Extracto de Té Verde, Glicerina, Niacinamida",6.53
3328,BrightFix 240,Seca,"Peptidos, Aloe Vera",22.33
3329,AgeDefy 242,Acneica,"Zinc, Glicerina, Pantenol",51.7
3330,Glow Serum 37,Acneica,"Manteca de Karité, Avena Coloidal, Pantenol, Niacinamida",141.4
3331,DermaFix 139,Normal,"Niacinamida, Pantenol, Zinc, Retinol",198.16
3332,CeraPlus 2,Mixta,"Glicerina, Niacinamida",20.15
3333,DermaFix 31,Normal,"Ácido Ferúlico, Glicerina, Manteca de Karité, Ácido Láctico",181.92
3334,DermaFix 121,Grasa,"Ácido Salicílico, Ácido Láctico",56.99
3335,SkinPure 245,Acneica,"Avena Coloidal, Vitamina C",134.39
3336,AgeDefy 189,Acneica,"Avena Coloidal, Agua Termal, Zinc",100.75
3337,Silky Touch 248,Normal,"Ceramidas, Extracto de Té Verde, Urea",45.58
3338,NightCare 95,Grasa,"Agua Termal, Glicerina, Peptidos",113.61
3339,SkinPure 106,Seca,"Zinc, Peptidos",116.0
3340,Hydra Boost 286,Madura,"Retinol, Niacinamida, Glicerina",184.36
3341,Fresh Dew 249,Todo tipo,"Pantenol, Aloe Vera",166.87
3342,AgeDefy 255,Mixta,"Ácido Ferúlico, Aloe Vera, Aceite de Jojoba",105.65
3343,NutriGlow 134,Sensible,"Glicerina, Niacinamida, Aceite de Jojoba, Ceramidas",164.64
3344,CeraPlus 80,Madura,"Ácido Ferúlico, Glicerina, Agua Termal, Extracto de Té Verde",129.58
3345,Glow Serum 53,Madura,"Glicerina, Ácido Láctico, Pantenol",148.33
3346,Glow Serum 5,Acneica,"Peptidos, Extracto de Té Verde",102.27
3347,NightCare 63,Todo tipo,"Agua Termal, Pantenol, Avena Coloidal",197.75
3348,Aqua Balm 53,Normal,"Zinc, Pantenol, Retinol",156.87
3349,UltraSmooth 171,Normal,"Aceite de Jojoba, Manteca de Karité",199.46
3350,UltraSmooth 220,Todo tipo,"Agua Termal, Urea, Ácido Ferúlico, Ceramidas",58.81
3351,UltraSmooth 271,Todo tipo,"Extracto de Té Verde, Ácido Ferúlico, Ceramidas",101.52
3352,OilControl 160,Acneica,"Ácido Salicílico, Aloe Vera",117.99
3353,Clear Skin 252,Todo tipo,"Zinc, Niacinamida, Ácido Láctico, Urea",196.87
3354,Glow Serum 38,Normal,"Ácido Láctico, Peptidos, Avena Coloidal, Aloe Vera",156.77
3355,Glow Serum 100,Madura,"Retinol, Zinc",8.86
3356,NightCare 65,Madura,"Urea, Peptidos",121.31
3357,RegenX 215,Sensible,"Niacinamida, Extracto de Té Verde, Aceite de Jojoba, Ceramidas",188.4
3358,Silky Touch 160,Madura,"Avena Coloidal, Ácido Láctico, Manteca de Karité",134.88
3359,SkinPure 49,Normal,"Retinol, Ácido Salicílico, Agua Termal",174.75
3360,Radiant Day 289,Normal,"Ácido Ferúlico, Agua Termal, Avena Coloidal",50.61
3361,Fresh Dew 120,Mixta,"Avena Coloidal, Urea, Extracto de Té Verde",101.86
3362,CeraPlus 279,Madura,"Ceramidas, Urea, Manteca de Karité",40.93
3363,DermaFix 96,Normal,"Glicerina, Niacinamida, Ceramidas",189.97
3364,Silky Touch 89,Sensible,"Ácido Hialurónico, Vitamina C, Aceite de Jojoba",97.69
3365,Glow Serum 228,Madura,"Glicerina, Vitamina C, Aloe Vera",91.94
3366,Daily Moist 55,Acneica,"Vitamina C, Niacinamida",141.87
3367,Radiant Day 267,Acneica,"Ácido Láctico, Ácido Salicílico, Glicerina",28.79
3368,Fresh Dew 132,Grasa,"Ácido Ferúlico, Manteca de Karité, Ácido Salicílico, Peptidos",99.27
3369,Aqua Balm 178,Seca,"Aceite de Jojoba, Retinol, Ácido Ferúlico, Ceramidas",65.09
3370,AgeDefy 238,Mixta,"Peptidos, Pantenol, Extracto de Té Verde",65.76
3371,DermaFix 253,Grasa,"Ceramidas, Pantenol, Manteca de Karité, Ácido Ferúlico",180.33
3372,UltraSmooth 226,Acneica,"Ácido Láctico, Extracto de Té Verde",144.74
3373,Hydra Boost 15,Sensible,"Agua Termal, Vitamina C, Peptidos, Zinc",142.16
3374,NutriGlow 7,Grasa,"Agua Termal, Pantenol, Urea",188.47
3375,NightCare 256,Grasa,"Ceramidas, Manteca de Karité, Ácido Hialurónico, Peptidos",164.85
3376,AcneFree 130,Sensible,"Pantenol, Aloe Vera, Glicerina, Ácido Láctico",196.0
3377,Silky Touch 282,Madura,"Ácido Hialurónico, Ácido Salicílico, Aloe Vera, Agua Termal",162.22
3378,SkinPure 209,Mixta,"Pantenol, Ácido Salicílico, Manteca de Karité",31.77
3379,CeraPlus 272,Madura,"Peptidos, Retinol",195.54
3380,Hydra Boost 145,Acneica,"Peptidos, Ácido Láctico, Glicerina, Aceite de Jojoba",114.84
3381,UltraSmooth 182,Madura,"Ácido Salicílico, Niacinamida, Avena Coloidal, Glicerina",155.88
3382,Glow Serum 98,Todo tipo,"Agua Termal, Aceite de Jojoba, Ceramidas, Ácido Hialurónico",50.11
3383,BrightFix 212,Seca,"Ácido Láctico, Aloe Vera",17.5
3384,OilControl 284,Sensible,"Retinol, Urea",49.17
3385,BrightFix 99,Madura,"Retinol, Aceite de Jojoba, Vitamina C",108.98
3386,SunShield 30,Todo tipo,"Zinc, Aloe Vera",71.13
3387,UltraSmooth 220,Normal,"Ácido Hialurónico, Aceite de Jojoba, Manteca de Karité",38.41
3388,Clear Skin 161,Sensible,"Agua Termal, Ácido Láctico",138.87
3389,Aqua Balm 192,Sensible,"Agua Termal, Aloe Vera, Vitamina C",191.28
3390,NightCare 21,Grasa,"Peptidos, Retinol, Ceramidas",21.64
3391,UltraSmooth 193,Madura,"Aceite de Jojoba, Ácido Salicílico, Peptidos",28.5
3392,NightCare 167,Acneica,"Niacinamida, Urea",89.33
3393,AgeDefy 118,Todo tipo,"Manteca de Karité, Aloe Vera",152.82
3394,RegenX 4,Sensible,"Pantenol, Ceramidas",188.32
3395,DermaFix 160,Grasa,"Glicerina, Ácido Salicílico",175.14
3396,DermaFix 242,Grasa,"Ácido Hialurónico, Urea, Zinc",5.93
3397,CeraPlus 72,Todo tipo,"Zinc, Ácido Hialurónico, Ácido Láctico",73.77
3398,SunShield 228,Seca,"Aceite de Jojoba, Vitamina C, Ácido Láctico",145.42
3399,Aqua Balm 8,Todo tipo,"Pantenol, Ácido Láctico",198.81
3400,Aqua Balm 201,Normal,"Ácido Salicílico, Vitamina C, Agua Termal",152.25
3401,OilControl 39,Normal,"Retinol, Manteca de Karité",50.32
3402,Silky Touch 122,Sensible,"Avena Coloidal, Zinc",176.17
3403,OilControl 82,Mixta,"Peptidos, Aloe Vera",95.62
3404,Clear Skin 34,Todo tipo,"Urea, Avena Coloidal, Vitamina C, Glicerina",157.13
3405,DermaFix 236,Seca,"Retinol, Peptidos, Aloe Vera",22.65
3406,Fresh Dew 13,Acneica,"Retinol, Aloe Vera, Ácido Hialurónico, Ceramidas",112.29
3407,NightCare 199,Sensible,"Peptidos, Aceite de Jojoba, Ácido Ferúlico",194.73
3408,NightCare 30,Todo tipo,"Glicerina, Retinol",45.56
3409,CeraPlus 2,Grasa,"Ácido Ferúlico, Glicerina, Aceite de Jojoba, Agua Termal",157.82
3410,AgeDefy 256,Mixta,"Pantenol, Agua Termal, Manteca de Karité, Ácido Ferúlico",69.06
3411,RegenX 92,Sensible,"Ácido Ferúlico, Ácido Hialurónico, Avena Coloidal",47.48
3412,Fresh Dew 94,Acneica,"Glicerina, Agua Termal, Ácido Láctico, Vitamina C",186.22
3413,AgeDefy 95,Todo tipo,"Manteca de Karité, Pantenol, Peptidos, Ceramidas",5.64
3414,AcneFree 256,Madura,"Aloe Vera, Vitamina C, Ácido Hialurónico",166.48
3415,SkinPure 176,Todo tipo,"Ceramidas, Ácido Láctico",31.29
3416,NutriGlow 157,Todo tipo,"Aloe Vera, Ceramidas, Vitamina C",82.01
3417,NightCare 28,Seca,"Ácido Hialurónico, Aloe Vera, Retinol",115.51
3418,SkinPure 18,Madura,"Urea, Vitamina C, Ácido Láctico, Agua Termal",164.34
3419,Clear Skin 74,Seca,"Pantenol, Aloe Vera, Ácido Ferúlico, Ácido Láctico",20.78
3420,Silky Touch 274,Mixta,"Ácido Láctico, Agua Termal, Ácido Ferúlico",103.76
3421,BrightFix 133,Seca,"Zinc, Peptidos",162.52
3422,OilControl 239,Grasa,"Glicerina, Ácido Hialurónico",55.96
3423,OilControl 100,Todo tipo,"Ácido Hialurónico, Extracto de Té Verde, Retinol",172.05
3424,UltraSmooth 162,Sensible,"Ceramidas, Zinc, Extracto de Té Verde",106.16
3425,BrightFix 296,Sensible,"Niacinamida, Peptidos, Vitamina C",197.76
3426,Silky Touch 232,Madura,"Aceite de Jojoba, Ácido Ferúlico, Urea, Aloe Vera",16.71
3427,AgeDefy 219,Mixta,"Ácido Ferúlico, Niacinamida",131.11
3428,AcneFree 83,Mixta,"Niacinamida, Aceite de Jojoba, Urea",15.34
3429,Daily Moist 269,Sensible,"Niacinamida, Avena Coloidal, Ácido Salicílico, Retinol",72.56
3430,CeraPlus 268,Acneica,"Aceite de Jojoba, Manteca de Karité, Peptidos, Glicerina",131.03
3431,DermaFix 10,Madura,"Avena Coloidal, Pantenol, Niacinamida",18.59
3432,AcneFree 84,Normal,"Ácido Láctico, Aloe Vera, Agua Termal, Avena Coloidal",135.64
3433,Glow Serum 207,Acneica,"Extracto de Té Verde, Ácido Salicílico",179.71
3434,AcneFree 244,Seca,"Peptidos, Vitamina C, Manteca de Karité",82.41
3435,AcneFree 168,Todo tipo,"Retinol, Ceramidas, Ácido Ferúlico, Manteca de Karité",124.26
3436,UltraSmooth 120,Todo tipo,"Ácido Salicílico, Vitamina C, Pantenol",85.21
3437,Aqua Balm 235,Todo tipo,"Retinol, Aloe Vera, Ácido Láctico, Ceramidas",115.43
3438,OilControl 8,Acneica,"Ácido Ferúlico, Ceramidas, Zinc",12.88
3439,AgeDefy 165,Normal,"Agua Termal, Vitamina C, Retinol, Peptidos",179.36
3440,Hydra Boost 217,Seca,"Vitamina C, Aceite de Jojoba",193.08
3441,Fresh Dew 236,Grasa,"Urea, Ceramidas",177.66
3442,BrightFix 56,Todo tipo,"Agua Termal, Peptidos",9.85
3443,Daily Moist 115,Madura,"Aloe Vera, Aceite de Jojoba",171.56
3444,Radiant Day 115,Seca,"Zinc, Ceramidas, Ácido Ferúlico, Vitamina C",43.9
3445,CeraPlus 284,Grasa,"Zinc, Aloe Vera, Glicerina",33.47
3446,CeraPlus 260,Madura,"Urea, Glicerina, Ceramidas, Aloe Vera",157.91
3447,UltraSmooth 127,Mixta,"Niacinamida, Aceite de Jojoba, Peptidos, Ácido Salicílico",102.27
3448,NutriGlow 59,Madura,"Ácido Hialurónico, Ácido Láctico, Peptidos, Niacinamida",28.38
3449,Radiant Day 279,Acneica,"Glicerina, Aloe Vera",118.64
3450,DermaFix 84,Mixta,"Retinol, Aloe Vera",111.35
3451,Radiant Day 56,Mixta,"Urea, Manteca de Karité",170.91
3452,AgeDefy 167,Mixta,"Zinc, Ceramidas, Glicerina, Aloe Vera",164.28
3453,SkinPure 58,Sensible,"Pantenol, Glicerina, Ácido Láctico, Peptidos",102.94
3454,SunShield 73,Normal,"Ácido Ferúlico, Manteca de Karité, Pantenol",94.62
3455,Glow Serum 284,Normal,"Aceite de Jojoba, Ácido Láctico",124.21
3456,AgeDefy 55,Todo tipo,"Pantenol, Avena Coloidal, Ácido Hialurónico, Zinc",67.38
3457,BrightFix 287,Grasa,"Avena Coloidal, Peptidos, Manteca de Karité, Urea",81.61
3458,Glow Serum 262,Acneica,"Vitamina C, Aloe Vera, Glicerina",69.18
3459,Glow Serum 67,Sensible,"Zinc, Ácido Láctico, Avena Coloidal",136.47
3460,DermaFix 67,Seca,"Retinol, Extracto de Té Verde, Manteca de Karité, Niacinamida",165.07
3461,Aqua Balm 73,Mixta,"Ácido Salicílico, Ceramidas, Niacinamida",196.17
3462,Aqua Balm 4,Sensible,"Aloe Vera, Extracto de Té Verde",15.42
3463,OilControl 4,Grasa,"Aceite de Jojoba, Ácido Láctico, Glicerina",120.45
3464,NutriGlow 60,Grasa,"Ácido Hialurónico, Extracto de Té Verde, Pantenol",107.76
3465,RegenX 91,Madura,"Agua Termal, Avena Coloidal, Aceite de Jojoba, Ácido Hialurónico",57.44
3466,Daily Moist 78,Madura,"Ácido Salicílico, Aceite de Jojoba",126.37
3467,DermaFix 271,Normal,"Ceramidas, Pantenol, Aloe Vera, Peptidos",7.6
3468,Clear Skin 12,Madura,"Vitamina C, Urea",7.14
3469,Silky Touch 20,Seca,"Peptidos, Ácido Salicílico",101.29
3470,AgeDefy 219,Sensible,"Retinol, Pantenol, Ceramidas",109.8
3471,AcneFree 149,Mixta,"Aloe Vera, Ácido Hialurónico, Ácido Salicílico, Glicerina",43.3
3472,Aqua Balm 51,Acneica,"Glicerina, Extracto de Té Verde, Retinol",167.62
3473,AgeDefy 285,Normal,"Avena Coloidal, Agua Termal",153.74
3474,CeraPlus 239,Sensible,"Urea, Peptidos",190.75
3475,Daily Moist 56,Sensible,"Niacinamida, Ácido Salicílico, Ácido Hialurónico, Urea",123.67
3476,Fresh Dew 195,Mixta,"Retinol, Peptidos, Ceramidas, Ácido Ferúlico",191.11
3477,Daily Moist 274,Mixta,"Ácido Ferúlico, Avena Coloidal",185.38
3478,SkinPure 125,Sensible,"Ceramidas, Urea, Avena Coloidal, Peptidos",26.72
3479,Daily Moist 200,Seca,"Manteca de Karité, Ácido Láctico",185.95
3480,Fresh Dew 61,Acneica,"Ácido Ferúlico, Retinol, Extracto de Té Verde, Zinc",63.83
3481,Clear Skin 121,Seca,"Niacinamida, Urea, Ácido Ferúlico, Peptidos",108.29
3482,SkinPure 273,Mixta,"Niacinamida, Agua Termal, Ácido Ferúlico",101.38
3483,Aqua Balm 17,Grasa,"Agua Termal, Manteca de Karité, Ácido Láctico, Vitamina C",10.13
3484,Aqua Balm 213,Seca,"Pantenol, Ácido Láctico, Aloe Vera, Zinc",85.68
3485,OilControl 140,Mixta,"Vitamina C, Ácido Salicílico, Extracto de Té Verde, Manteca de Karité",48.98
3486,RegenX 186,Acneica,"Zinc, Extracto de Té Verde",73.07
3487,Glow Serum 64,Todo tipo,"Glicerina, Manteca de Karité",111.59
3488,RegenX 82,Normal,"Extracto de Té Verde, Ácido Salicílico, Ceramidas",198.71
3489,CeraPlus 202,Madura,"Niacinamida, Ácido Láctico, Ceramidas",95.29
3490,Radiant Day 169,Mixta,"Vitamina C, Manteca de Karité, Aceite de Jojoba",181.68
3491,Clear Skin 235,Seca,"Ácido Ferúlico, Niacinamida",91.8
3492,Radiant Day 221,Seca,"Vitamina C, Ácido Láctico, Aceite de Jojoba, Ceramidas",57.98
3493,AgeDefy 212,Seca,"Aceite de Jojoba, Retinol",53.23
3494,AcneFree 12,Mixta,"Avena Coloidal, Manteca de Karité, Niacinamida",146.8
3495,Clear Skin 95,Todo tipo,"Ácido Ferúlico, Urea",120.7
3496,Clear Skin 91,Acneica,"Ácido Láctico, Urea, Agua Termal, Ácido Salicílico",136.94
3497,AgeDefy 159,Todo tipo,"Ácido Hialurónico, Aceite de Jojoba, Zinc",14.3
3498,Hydra Boost 114,Grasa,"Pantenol, Avena Coloidal",86.97
3499,Radiant Day 73,Sensible,"Manteca de Karité, Agua Termal, Pantenol, Niacinamida",164.6
3500,DermaFix 224,Normal,"Retinol, Manteca de Karité, Agua Termal, Aloe Vera",131.04
3501,Glow Serum 67,Sensible,"Extracto de Té Verde, Ácido Láctico",178.31
3502,SunShield 266,Grasa,"Aceite de Jojoba, Ácido Hialurónico, Niacinamida",142.47
3503,SunShield 56,Grasa,"Ácido Hialurónico, Manteca de Karité, Ácido Ferúlico, Ácido Láctico",110.02
3504,AcneFree 188,Grasa,"Extracto de Té Verde, Ácido Salicílico, Vitamina C, Aloe Vera",65.57
3505,UltraSmooth 115,Grasa,"Pantenol, Manteca de Karité",146.57
3506,Fresh Dew 11,Sensible,"Zinc, Niacinamida",155.14
3507,OilControl 227,Acneica,"Ácido Hialurónico, Extracto de Té Verde, Urea, Aceite de Jojoba",84.21
3508,SunShield 292,Acneica,"Vitamina C, Retinol",57.96
3509,Daily Moist 63,Todo tipo,"Aloe Vera, Ácido Salicílico",57.09
3510,SkinPure 9,Seca,"Retinol, Peptidos, Aloe Vera, Ceramidas",160.75
3511,Fresh Dew 159,Mixta,"Aloe Vera, Retinol, Ácido Salicílico",126.46
3512,CeraPlus 130,Sensible,"Avena Coloidal, Vitamina C, Zinc",67.65
3513,AgeDefy 204,Normal,"Urea, Glicerina, Ácido Hialurónico",163.45
3514,AcneFree 7,Acneica,"Agua Termal, Ácido Salicílico, Peptidos, Ácido Láctico",116.29
3515,DermaFix 130,Seca,"Aceite de Jojoba, Agua Termal, Peptidos",7.1
3516,NutriGlow 107,Sensible,"Retinol, Niacinamida, Avena Coloidal, Ácido Hialurónico",160.13
3517,CeraPlus 46,Todo tipo,"Glicerina, Vitamina C, Extracto de Té Verde",178.32
3518,BrightFix 292,Acneica,"Ácido Láctico, Vitamina C, Glicerina, Aceite de Jojoba",116.46
3519,CeraPlus 172,Acneica,"Ceramidas, Avena Coloidal, Ácido Hialurónico, Manteca de Karité",114.87
3520,Clear Skin 255,Sensible,"Agua Termal, Ceramidas, Extracto de Té Verde, Pantenol",68.01
3521,NightCare 189,Madura,"Agua Termal, Retinol, Pantenol",37.1
3522,NutriGlow 151,Acneica,"Zinc, Avena Coloidal",124.04
3523,RegenX 178,Acneica,"Avena Coloidal, Manteca de Karité, Agua Termal",153.47
3524,Aqua Balm 62,Grasa,"Retinol, Ácido Láctico, Avena Coloidal",192.37
3525,Fresh Dew 274,Grasa,"Aceite de Jojoba, Urea, Vitamina C",171.56
3526,SkinPure 235,Grasa,"Urea, Agua Termal, Manteca de Karité, Extracto de Té Verde",156.38
3527,NutriGlow 79,Sensible,"Retinol, Ácido Salicílico, Vitamina C, Urea",99.37
3528,Silky Touch 15,Acneica,"Aloe Vera, Agua Termal, Ácido Salicílico",152.51
3529,RegenX 93,Sensible,"Ácido Láctico, Extracto de Té Verde, Aloe Vera, Ácido Hialurónico",23.48
3530,Daily Moist 122,Acneica,"Pantenol, Avena Coloidal",115.54
3531,Radiant Day 52,Seca,"Retinol, Zinc, Peptidos, Ácido Láctico",45.39
3532,Clear Skin 72,Todo tipo,"Aloe Vera, Extracto de Té Verde, Manteca de Karité, Ácido Hialurónico",101.79
3533,AcneFree 99,Normal,"Niacinamida, Ceramidas, Ácido Hialurónico, Urea",36.42
3534,CeraPlus 137,Mixta,"Ácido Láctico, Aceite de Jojoba",191.82
3535,OilControl 123,Acneica,"Manteca de Karité, Aloe Vera, Ácido Salicílico, Vitamina C",47.96
3536,BrightFix 106,Mixta,"Aceite de Jojoba, Retinol",99.39
3537,AcneFree 231,Todo tipo,"Retinol, Niacinamida, Extracto de Té Verde",122.38
3538,Silky Touch 25,Acneica,"Urea, Aceite de Jojoba, Niacinamida, Ceramidas",42.39
3539,AcneFree 298,Seca,"Ácido Ferúlico, Extracto de Té Verde, Zinc, Ceramidas",117.38
3540,Clear Skin 89,Normal,"Agua Termal, Aceite de Jojoba, Retinol, Urea",147.7
3541,RegenX 3,Seca,"Zinc, Ácido Salicílico, Aceite de Jojoba",120.71
3542,Daily Moist 140,Grasa,"Aceite de Jojoba, Peptidos, Urea, Niacinamida",27.5
3543,DermaFix 127,Normal,"Glicerina, Ácido Ferúlico, Pantenol, Niacinamida",158.11
3544,Radiant Day 51,Mixta,"Pantenol, Avena Coloidal, Ácido Salicílico, Vitamina C",62.76
3545,BrightFix 299,Acneica,"Niacinamida, Urea",176.35
3546,Aqua Balm 13,Seca,"Zinc, Glicerina, Ácido Ferúlico, Vitamina C",96.12
3547,SunShield 193,Madura,"Ceramidas, Pantenol, Ácido Salicílico",30.11
3548,SunShield 102,Seca,"Agua Termal, Peptidos, Vitamina C",130.93
3549,Fresh Dew 253,Seca,"Aceite de Jojoba, Niacinamida, Urea, Retinol",75.39
3550,BrightFix 10,Mixta,"Pantenol, Extracto de Té Verde, Niacinamida",66.12
3551,DermaFix 165,Sensible,"Zinc, Retinol, Vitamina C",104.68
3552,UltraSmooth 150,Grasa,"Aloe Vera, Ácido Hialurónico, Retinol, Ácido Salicílico",124.37
3553,DermaFix 59,Madura,"Aloe Vera, Ácido Hialurónico",70.77
3554,AgeDefy 166,Acneica,"Ácido Ferúlico, Agua Termal, Urea, Glicerina",22.95
3555,AgeDefy 141,Todo tipo,"Manteca de Karité, Urea, Retinol, Niacinamida",53.87
3556,Silky Touch 21,Madura,"Ácido Láctico, Niacinamida, Manteca de Karité, Pantenol",41.96
3557,RegenX 68,Sensible,"Vitamina C, Aloe Vera, Glicerina, Extracto de Té Verde",82.76
3558,RegenX 215,Todo tipo,"Ácido Ferúlico, Glicerina",150.19
3559,Clear Skin 300,Seca,"Ácido Hialurónico, Niacinamida",63.79
3560,Glow Serum 263,Acneica,"Ácido Ferúlico, Ácido Láctico, Extracto de Té Verde, Peptidos",39.3
3561,BrightFix 107,Sensible,"Ácido Ferúlico, Niacinamida",103.56
3562,BrightFix 25,Grasa,"Retinol, Extracto de Té Verde, Manteca de Karité",155.14
3563,CeraPlus 154,Seca,"Urea, Ácido Láctico",48.58
3564,CeraPlus 175,Madura,"Pantenol, Aceite de Jojoba",106.92
3565,Hydra Boost 72,Madura,"Ceramidas, Aloe Vera, Avena Coloidal",55.47
3566,Glow Serum 74,Normal,"Agua Termal, Ceramidas",25.48
3567,Glow Serum 142,Normal,"Retinol, Agua Termal",183.92
3568,Radiant Day 284,Grasa,"Manteca de Karité, Vitamina C, Aloe Vera, Niacinamida",43.09
3569,SkinPure 38,Seca,"Peptidos, Glicerina, Aloe Vera",178.01
3570,NightCare 6,Sensible,"Ácido Hialurónico, Zinc, Manteca de Karité, Ceramidas",144.49
3571,Fresh Dew 21,Mixta,"Peptidos, Avena Coloidal, Aloe Vera",172.17
3572,DermaFix 44,Sensible,"Ceramidas, Aceite de Jojoba, Niacinamida",112.21
3573,BrightFix 68,Acneica,"Ácido Hialurónico, Pantenol, Glicerina, Ácido Láctico",147.8
3574,AcneFree 255,Grasa,"Avena Coloidal, Ácido Ferúlico",61.61
3575,Clear Skin 77,Grasa,"Agua Termal, Extracto de Té Verde, Ácido Salicílico",58.43
3576,SkinPure 79,Madura,"Ácido Hialurónico, Ceramidas, Ácido Ferúlico, Agua Termal",92.52
3577,Hydra Boost 100,Normal,"Vitamina C, Aceite de Jojoba, Pantenol",162.79
3578,Radiant Day 1,Madura,"Ácido Salicílico, Peptidos, Agua Termal",136.78
3579,Radiant Day 213,Acneica,"Avena Coloidal, Aceite de Jojoba, Pantenol",81.55
3580,SkinPure 197,Grasa,"Peptidos, Aceite de Jojoba, Pantenol",101.45
3581,NutriGlow 74,Seca,"Ceramidas, Ácido Hialurónico, Extracto de Té Verde",160.3
3582,OilControl 148,Normal,"Niacinamida, Extracto de Té Verde, Avena Coloidal",153.11
3583,Glow Serum 141,Normal,"Ceramidas, Extracto de Té Verde, Agua Termal, Ácido Láctico",77.25
3584,UltraSmooth 191,Grasa,"Vitamina C, Agua Termal, Manteca de Karité",63.83
3585,CeraPlus 25,Todo tipo,"Ácido Salicílico, Extracto de Té Verde, Peptidos, Aceite de Jojoba",51.21
3586,Silky Touch 37,Sensible,"Zinc, Manteca de Karité, Vitamina C",101.97
3587,SkinPure 104,Grasa,"Ceramidas, Ácido Ferúlico, Aloe Vera, Ácido Salicílico",10.29
3588,OilControl 260,Sensible,"Agua Termal, Peptidos",172.34
3589,Clear Skin 270,Acneica,"Urea, Manteca de Karité",119.55
3590,SkinPure 276,Acneica,"Peptidos, Ácido Hialurónico",132.81
3591,Silky Touch 98,Seca,"Ácido Hialurónico, Peptidos, Ácido Salicílico, Vitamina C",46.14
3592,CeraPlus 67,Madura,"Avena Coloidal, Glicerina, Extracto de Té Verde, Ácido Láctico",9.03
3593,BrightFix 146,Todo tipo,"Aloe Vera, Pantenol, Ácido Hialurónico, Agua Termal",40.84
3594,NutriGlow 177,Grasa,"Vitamina C, Avena Coloidal, Manteca de Karité",169.69
3595,Daily Moist 64,Acneica,"Aloe Vera, Retinol",40.1
3596,UltraSmooth 205,Sensible,"Niacinamida, Glicerina, Agua Termal, Ácido Hialurónico",150.73
3597,Fresh Dew 95,Seca,"Ácido Salicílico, Ceramidas, Peptidos, Pantenol",177.45
3598,Clear Skin 208,Seca,"Retinol, Niacinamida, Peptidos, Avena Coloidal",161.13
3599,Clear Skin 36,Seca,"Retinol, Ceramidas, Agua Termal",83.04
3600,Hydra Boost 158,Normal,"Ceramidas, Zinc, Niacinamida",177.51
3601,SunShield 215,Grasa,"Aceite de Jojoba, Manteca de Karité, Niacinamida",194.47
3602,NutriGlow 91,Madura,"Ceramidas, Ácido Láctico",164.29
3603,AgeDefy 260,Sensible,"Avena Coloidal, Ceramidas, Niacinamida, Extracto de Té Verde",182.75
3604,Clear Skin 71,Seca,"Zinc, Urea, Ácido Ferúlico",78.41
3605,BrightFix 196,Madura,"Peptidos, Avena Coloidal, Ácido Ferúlico, Ceramidas",121.82
3606,RegenX 48,Acneica,"Manteca de Karité, Glicerina",74.01
3607,Silky Touch 21,Acneica,"Glicerina, Ceramidas, Ácido Láctico, Ácido Salicílico",128.93
3608,BrightFix 237,Grasa,"Vitamina C, Aloe Vera",132.86
3609,Silky Touch 56,Madura,"Pantenol, Agua Termal",66.36
3610,SunShield 122,Madura,"Manteca de Karité, Ácido Hialurónico",175.4
3611,AcneFree 175,Mixta,"Zinc, Ácido Hialurónico",38.67
3612,UltraSmooth 172,Normal,"Ácido Hialurónico, Avena Coloidal, Zinc",194.96
3613,NightCare 20,Madura,"Ceramidas, Manteca de Karité, Glicerina, Vitamina C",129.39
3614,SunShield 171,Sensible,"Extracto de Té Verde, Ácido Hialurónico, Ceramidas",56.78
3615,Aqua Balm 159,Normal,"Aceite de Jojoba, Ácido Salicílico, Ceramidas",184.15
3616,Glow Serum 269,Todo tipo,"Avena Coloidal, Ácido Hialurónico, Urea, Niacinamida",62.57
3617,Clear Skin 286,Todo tipo,"Avena Coloidal, Zinc, Ácido Láctico",107.86
3618,Aqua Balm 69,Grasa,"Pantenol, Urea",169.6
3619,NutriGlow 84,Seca,"Glicerina, Avena Coloidal, Pantenol",162.03
3620,Glow Serum 34,Grasa,"Niacinamida, Ceramidas",145.23
3621,Glow Serum 163,Todo tipo,"Extracto de Té Verde, Urea",70.64
3622,NightCare 61,Todo tipo,"Pantenol, Vitamina C, Ácido Láctico, Avena Coloidal",90.56
3623,CeraPlus 12,Madura,"Niacinamida, Peptidos, Ácido Ferúlico",70.83
3624,Daily Moist 114,Sensible,"Agua Termal, Peptidos",155.37
3625,Clear Skin 56,Sensible,"Zinc, Peptidos",189.73
3626,Silky Touch 92,Sensible,"Extracto de Té Verde, Aloe Vera",50.81
3627,SunShield 189,Grasa,"Ácido Hialurónico, Vitamina C, Aloe Vera, Peptidos",87.92
3628,Glow Serum 225,Madura,"Retinol, Peptidos, Ácido Ferúlico",74.53
3629,RegenX 272,Madura,"Vitamina C, Ácido Salicílico",33.02
3630,Clear Skin 148,Normal,"Niacinamida, Vitamina C",153.75
3631,Clear Skin 249,Mixta,"Retinol, Ácido Hialurónico",80.17
3632,NightCare 181,Todo tipo,"Extracto de Té Verde, Manteca de Karité, Aceite de Jojoba",154.11
3633,CeraPlus 86,Madura,"Avena Coloidal, Ácido Ferúlico, Ácido Salicílico, Pantenol",155.65
3634,SunShield 28,Madura,"Manteca de Karité, Aceite de Jojoba, Aloe Vera, Agua Termal",177.42
3635,SkinPure 224,Normal,"Ácido Hialurónico, Pantenol, Ácido Salicílico",10.72
3636,AgeDefy 255,Madura,"Manteca de Karité, Peptidos, Aloe Vera",148.77
3637,SunShield 245,Acneica,"Pantenol, Ácido Láctico",76.03
3638,NightCare 153,Todo tipo,"Ácido Ferúlico, Agua Termal",41.19
3639,Aqua Balm 245,Grasa,"Ceramidas, Manteca de Karité, Vitamina C",49.55
3640,SkinPure 215,Sensible,"Retinol, Ácido Salicílico, Manteca de Karité, Zinc",162.0
3641,Hydra Boost 274,Madura,"Vitamina C, Peptidos",105.17
3642,Hydra Boost 32,Todo tipo,"Aloe Vera, Avena Coloidal",122.4
3643,CeraPlus 260,Grasa,"Pantenol, Peptidos, Manteca de Karité, Vitamina C",27.83
3644,NightCare 231,Seca,"Niacinamida, Ácido Salicílico, Ácido Láctico",85.53
3645,AgeDefy 56,Mixta,"Avena Coloidal, Agua Termal",94.71
3646,Aqua Balm 100,Todo tipo,"Urea, Ácido Hialurónico, Niacinamida, Avena Coloidal",135.15
3647,Hydra Boost 253,Acneica,"Aloe Vera, Extracto de Té Verde, Urea, Agua Termal",27.16
3648,DermaFix 212,Madura,"Avena Coloidal, Zinc",52.78
3649,CeraPlus 171,Madura,"Aceite de Jojoba, Ácido Ferúlico",37.32
3650,NightCare 107,Grasa,"Avena Coloidal, Peptidos, Urea",82.62
3651,RegenX 67,Mixta,"Retinol, Ácido Láctico, Niacinamida, Ceramidas",142.1
3652,Radiant Day 57,Grasa,"Aloe Vera, Agua Termal, Glicerina",28.8
3653,Silky Touch 259,Acneica,"Retinol, Pantenol, Zinc, Extracto de Té Verde",63.84
3654,RegenX 38,Todo tipo,"Manteca de Karité, Ceramidas, Glicerina, Aloe Vera",77.22
3655,Hydra Boost 84,Acneica,"Retinol, Ácido Hialurónico, Ácido Láctico, Glicerina",26.4
3656,Glow Serum 113,Grasa,"Zinc, Ceramidas",20.42
3657,Radiant Day 102,Grasa,"Aloe Vera, Manteca de Karité, Aceite de Jojoba, Retinol",51.9
3658,NightCare 49,Todo tipo,"Ácido Láctico, Pantenol",103.04
3659,Hydra Boost 198,Grasa,"Manteca de Karité, Glicerina, Ácido Ferúlico, Peptidos",68.24
3660,Silky Touch 126,Acneica,"Ácido Láctico, Pantenol",139.03
3661,AcneFree 197,Madura,"Pantenol, Avena Coloidal, Agua Termal",66.22
3662,DermaFix 64,Mixta,"Ácido Láctico, Ceramidas, Ácido Ferúlico",142.0
3663,Aqua Balm 97,Mixta,"Aceite de Jojoba, Manteca de Karité, Pantenol",33.41
3664,NightCare 167,Sensible,"Pantenol, Vitamina C",148.71
3665,Clear Skin 203,Seca,"Ceramidas, Aceite de Jojoba, Manteca de Karité",166.43
3666,NutriGlow 114,Seca,"Manteca de Karité, Retinol, Aloe Vera",166.62
3667,Clear Skin 6,Madura,"Pantenol, Urea",90.34
3668,Glow Serum 243,Sensible,"Extracto de Té Verde, Agua Termal, Manteca de Karité",51.3
3669,Daily Moist 235,Mixta,"Avena Coloidal, Ácido Láctico",130.97
3670,Silky Touch 102,Normal,"Aloe Vera, Manteca de Karité, Urea, Ácido Ferúlico",61.48
3671,UltraSmooth 135,Acneica,"Ácido Láctico, Extracto de Té Verde, Agua Termal, Ceramidas",122.9
3672,NightCare 35,Seca,"Manteca de Karité, Vitamina C, Ácido Hialurónico",80.15
3673,BrightFix 288,Seca,"Ácido Ferúlico, Aceite de Jojoba, Niacinamida",108.33
3674,Fresh Dew 145,Mixta,"Manteca de Karité, Zinc, Pantenol",188.05
3675,Daily Moist 213,Mixta,"Niacinamida, Urea, Agua Termal",25.85
3676,AgeDefy 180,Grasa,"Zinc, Avena Coloidal, Vitamina C, Peptidos",189.56
3677,RegenX 221,Normal,"Ácido Salicílico, Ácido Ferúlico",179.73
3678,CeraPlus 31,Madura,"Zinc, Vitamina C, Niacinamida",157.95
3679,DermaFix 264,Madura,"Extracto de Té Verde, Glicerina, Agua Termal",114.71
3680,AcneFree 261,Normal,"Ceramidas, Ácido Láctico, Zinc, Agua Termal",36.34
3681,RegenX 189,Mixta,"Peptidos, Pantenol, Vitamina C, Ácido Salicílico",192.43
3682,NutriGlow 261,Mixta,"Zinc, Manteca de Karité, Aceite de Jojoba",118.99
3683,SkinPure 273,Sensible,"Avena Coloidal, Ácido Salicílico, Vitamina C, Niacinamida",186.04
3684,AgeDefy 205,Mixta,"Ácido Ferúlico, Aloe Vera, Ácido Salicílico",76.09
3685,UltraSmooth 89,Seca,"Retinol, Avena Coloidal, Niacinamida",6.9
3686,NutriGlow 289,Todo tipo,"Extracto de Té Verde, Zinc",126.81
3687,Aqua Balm 95,Grasa,"Manteca de Karité, Agua Termal",197.16
3688,Silky Touch 63,Todo tipo,"Aceite de Jojoba, Ácido Láctico",192.82
3689,CeraPlus 80,Madura,"Peptidos, Pantenol, Retinol, Agua Termal",72.96
3690,OilControl 208,Sensible,"Vitamina C, Urea, Pantenol, Aloe Vera",113.84
3691,Fresh Dew 196,Madura,"Ceramidas, Glicerina, Ácido Láctico",142.77
3692,Radiant Day 262,Mixta,"Ácido Hialurónico, Aceite de Jojoba, Ácido Láctico",187.63
3693,SkinPure 193,Normal,"Zinc, Urea, Aloe Vera, Ácido Láctico",176.04
3694,Glow Serum 178,Normal,"Manteca de Karité, Ácido Láctico, Niacinamida, Ácido Hialurónico",156.28
3695,UltraSmooth 296,Sensible,"Ácido Hialurónico, Pantenol, Manteca de Karité, Ácido Láctico",154.01
3696,Daily Moist 38,Madura,"Urea, Extracto de Té Verde, Aloe Vera, Agua Termal",195.21
3697,Clear Skin 227,Seca,"Peptidos, Ácido Ferúlico, Ceramidas",127.18
3698,Radiant Day 291,Mixta,"Zinc, Vitamina C, Avena Coloidal, Manteca de Karité",9.77
3699,NightCare 35,Todo tipo,"Agua Termal, Peptidos",89.47
3700,AcneFree 1,Acneica,"Urea, Aloe Vera, Glicerina, Aceite de Jojoba",26.38
3701,DermaFix 9,Madura,"Peptidos, Aceite de Jojoba, Aloe Vera",111.77
3702,DermaFix 184,Todo tipo,"Ácido Ferúlico, Aceite de Jojoba, Pantenol",63.85
3703,RegenX 300,Madura,"Ácido Hialurónico, Peptidos",122.14
3704,Fresh Dew 27,Acneica,"Ácido Láctico, Aloe Vera, Niacinamida, Agua Termal",41.04
3705,Aqua Balm 60,Normal,"Agua Termal, Glicerina, Retinol",156.36
3706,NightCare 211,Madura,"Avena Coloidal, Glicerina, Peptidos",34.72
3707,Silky Touch 69,Madura,"Aceite de Jojoba, Ácido Hialurónico, Urea",132.71
3708,AcneFree 245,Madura,"Retinol, Urea, Ácido Láctico",34.27
3709,Silky Touch 97,Mixta,"Retinol, Glicerina, Agua Termal, Peptidos",63.22
3710,AgeDefy 258,Normal,"Extracto de Té Verde, Manteca de Karité",111.43
3711,AgeDefy 95,Sensible,"Vitamina C, Niacinamida, Ácido Láctico",79.34
3712,OilControl 262,Sensible,"Peptidos, Manteca de Karité",134.15
3713,DermaFix 231,Todo tipo,"Agua Termal, Pantenol, Zinc, Aloe Vera",160.28
3714,Aqua Balm 257,Grasa,"Ácido Láctico, Urea, Avena Coloidal",7.52
3715,SunShield 140,Grasa,"Glicerina, Aceite de Jojoba, Ácido Ferúlico, Zinc",10.69
3716,NightCare 151,Madura,"Agua Termal, Vitamina C",165.74
3717,Hydra Boost 78,Acneica,"Peptidos, Avena Coloidal",68.48
3718,Clear Skin 23,Grasa,"Glicerina, Ácido Salicílico",115.35
3719,BrightFix 279,Todo tipo,"Ácido Salicílico, Retinol",53.1
3720,SunShield 289,Normal,"Manteca de Karité, Vitamina C, Retinol",155.54
3721,RegenX 123,Seca,"Peptidos, Ácido Salicílico, Glicerina",92.06
3722,AgeDefy 259,Sensible,"Ceramidas, Urea, Ácido Hialurónico, Niacinamida",115.55
3723,SkinPure 84,Madura,"Ácido Ferúlico, Retinol, Avena Coloidal, Aceite de Jojoba",137.47
3724,NightCare 7,Sensible,"Ceramidas, Ácido Láctico, Peptidos, Aceite de Jojoba",155.6
3725,NightCare 281,Normal,"Aloe Vera, Avena Coloidal",172.13
3726,BrightFix 145,Todo tipo,"Ácido Salicílico, Pantenol, Avena Coloidal",61.62
3727,UltraSmooth 160,Todo tipo,"Vitamina C, Retinol, Ácido Hialurónico",44.86
3728,AgeDefy 49,Acneica,"Avena Coloidal, Urea, Ácido Salicílico, Aceite de Jojoba",143.81
3729,Glow Serum 99,Normal,"Agua Termal, Peptidos",168.56
3730,CeraPlus 18,Normal,"Peptidos, Ácido Ferúlico",138.97
3731,Radiant Day 88,Sensible,"Ácido Hialurónico, Zinc, Agua Termal, Ácido Ferúlico",159.11
3732,Clear Skin 216,Acneica,"Aloe Vera, Niacinamida, Ácido Salicílico, Ácido Láctico",129.77
3733,Silky Touch 183,Todo tipo,"Pantenol, Extracto de Té Verde",29.07
3734,BrightFix 273,Todo tipo,"Retinol, Agua Termal, Aloe Vera, Peptidos",47.02
3735,DermaFix 205,Normal,"Urea, Extracto de Té Verde, Aloe Vera, Manteca de Karité",163.57
3736,SkinPure 259,Todo tipo,"Agua Termal, Pantenol, Avena Coloidal",71.47
3737,Glow Serum 96,Madura,"Manteca de Karité, Avena Coloidal, Vitamina C",175.58
3738,CeraPlus 121,Todo tipo,"Ceramidas, Ácido Hialurónico",87.54
3739,Aqua Balm 272,Grasa,"Ácido Ferúlico, Ceramidas, Peptidos",38.35
3740,Radiant Day 264,Grasa,"Pantenol, Niacinamida, Peptidos",21.9
3741,RegenX 181,Acneica,"Avena Coloidal, Extracto de Té Verde, Ácido Salicílico",143.88
3742,NightCare 48,Todo tipo,"Ácido Ferúlico, Urea",32.8
3743,Clear Skin 114,Acneica,"Peptidos, Ácido Ferúlico",103.36
3744,Daily Moist 38,Todo tipo,"Ácido Salicílico, Ácido Hialurónico, Zinc",186.02
3745,Fresh Dew 18,Todo tipo,"Vitamina C, Urea, Ácido Salicílico",126.83
3746,RegenX 79,Seca,"Avena Coloidal, Ácido Salicílico, Retinol, Extracto de Té Verde",152.61
3747,DermaFix 213,Mixta,"Ácido Salicílico, Manteca de Karité, Extracto de Té Verde",166.46
3748,BrightFix 146,Grasa,"Ácido Hialurónico, Aloe Vera",90.1
3749,DermaFix 90,Seca,"Niacinamida, Avena Coloidal",137.57
3750,DermaFix 65,Mixta,"Retinol, Extracto de Té Verde, Peptidos",181.26
3751,DermaFix 74,Madura,"Aceite de Jojoba, Niacinamida, Ácido Ferúlico, Ácido Salicílico",137.41
3752,SunShield 22,Mixta,"Aloe Vera, Vitamina C, Niacinamida",126.18
3753,Aqua Balm 64,Acneica,"Zinc, Agua Termal",74.42
3754,Hydra Boost 36,Todo tipo,"Ácido Hialurónico, Ácido Ferúlico, Avena Coloidal, Glicerina",187.34
3755,NutriGlow 123,Acneica,"Manteca de Karité, Peptidos, Ácido Salicílico",172.26
3756,OilControl 193,Seca,"Ácido Ferúlico, Aloe Vera, Niacinamida, Aceite de Jojoba",162.76
3757,Hydra Boost 134,Madura,"Glicerina, Zinc, Ácido Láctico",47.93
3758,NutriGlow 134,Acneica,"Avena Coloidal, Aloe Vera, Manteca de Karité",198.53
3759,Glow Serum 227,Todo tipo,"Zinc, Urea, Retinol",140.31
3760,NightCare 68,Sensible,"Ácido Hialurónico, Aceite de Jojoba, Glicerina, Urea",172.21
3761,SkinPure 135,Acneica,"Glicerina, Manteca de Karité, Avena Coloidal",148.78
3762,AcneFree 73,Mixta,"Agua Termal, Niacinamida, Vitamina C",95.17
3763,CeraPlus 186,Mixta,"Niacinamida, Extracto de Té Verde, Aloe Vera, Aceite de Jojoba",122.42
3764,NutriGlow 17,Sensible,"Aceite de Jojoba, Pantenol, Ácido Hialurónico, Manteca de Karité",179.28
3765,Hydra Boost 9,Madura,"Retinol, Avena Coloidal, Ceramidas",181.09
3766,Fresh Dew 203,Sensible,"Extracto de Té Verde, Glicerina, Urea, Ácido Hialurónico",184.47
3767,RegenX 219,Madura,"Zinc, Pantenol, Aloe Vera, Ceramidas",97.24
3768,BrightFix 205,Acneica,"Ácido Salicílico, Peptidos, Manteca de Karité",54.21
3769,SkinPure 145,Todo tipo,"Vitamina C, Avena Coloidal, Zinc",5.48
3770,SunShield 181,Seca,"Ácido Salicílico, Ceramidas",187.9
3771,Glow Serum 1,Todo tipo,"Pantenol, Agua Termal, Ácido Ferúlico",126.9
3772,Aqua Balm 83,Sensible,"Vitamina C, Pantenol",32.12
3773,Fresh Dew 3,Acneica,"Extracto de Té Verde, Vitamina C, Avena Coloidal",199.07
3774,DermaFix 175,Acneica,"Niacinamida, Ácido Salicílico",166.93
3775,UltraSmooth 133,Madura,"Avena Coloidal, Niacinamida, Ácido Ferúlico, Retinol",157.96
3776,Radiant Day 109,Acneica,"Ácido Láctico, Peptidos",173.6
3777,OilControl 120,Madura,"Aceite de Jojoba, Ácido Hialurónico",16.11
3778,Clear Skin 223,Todo tipo,"Zinc, Extracto de Té Verde",71.46
3779,BrightFix 14,Seca,"Ácido Hialurónico, Vitamina C, Urea",49.19
3780,Clear Skin 174,Sensible,"Aloe Vera, Ceramidas, Ácido Ferúlico",177.28
3781,AgeDefy 199,Madura,"Ácido Hialurónico, Vitamina C, Ácido Láctico, Ácido Salicílico",119.91
3782,Aqua Balm 77,Acneica,"Manteca de Karité, Extracto de Té Verde, Aceite de Jojoba",40.11
3783,SkinPure 246,Sensible,"Peptidos, Agua Termal",41.34
3784,Fresh Dew 98,Grasa,"Aceite de Jojoba, Peptidos",116.5
3785,Radiant Day 178,Sensible,"Avena Coloidal, Aceite de Jojoba, Peptidos, Manteca de Karité",65.46
3786,DermaFix 258,Sensible,"Ácido Ferúlico, Vitamina C, Manteca de Karité, Ácido Láctico",135.36
3787,Aqua Balm 220,Seca,"Peptidos, Extracto de Té Verde, Pantenol, Aloe Vera",109.69
3788,Hydra Boost 41,Grasa,"Pantenol, Manteca de Karité, Vitamina C, Peptidos",157.42
3789,Aqua Balm 27,Mixta,"Glicerina, Ácido Láctico",56.89
3790,SkinPure 276,Normal,"Avena Coloidal, Ácido Hialurónico, Agua Termal",27.59
3791,Clear Skin 19,Grasa,"Zinc, Niacinamida, Pantenol",171.51
3792,UltraSmooth 132,Madura,"Glicerina, Ácido Láctico",65.64
3793,OilControl 242,Grasa,"Manteca de Karité, Vitamina C",185.03
3794,Daily Moist 87,Normal,"Niacinamida, Glicerina",58.05
3795,NightCare 61,Mixta,"Peptidos, Niacinamida, Zinc",9.79
3796,AcneFree 287,Mixta,"Peptidos, Agua Termal, Ácido Hialurónico, Aloe Vera",37.73
3797,Silky Touch 179,Seca,"Ácido Hialurónico, Extracto de Té Verde, Glicerina",42.93
3798,NightCare 261,Grasa,"Peptidos, Ácido Hialurónico",152.54
3799,Silky Touch 233,Grasa,"Avena Coloidal, Vitamina C",44.4
3800,Fresh Dew 231,Grasa,"Ácido Salicílico, Avena Coloidal",167.02
3801,RegenX 59,Grasa,"Glicerina, Ácido Láctico, Pantenol",122.21
3802,SkinPure 178,Grasa,"Aloe Vera, Niacinamida",177.55
3803,UltraSmooth 201,Normal,"Urea, Glicerina, Agua Termal",43.69
3804,NutriGlow 149,Madura,"Urea, Zinc, Retinol",113.01
3805,Silky Touch 167,Normal,"Retinol, Avena Coloidal, Vitamina C, Glicerina",177.18
3806,NightCare 256,Madura,"Retinol, Ácido Hialurónico, Vitamina C, Manteca de Karité",150.1
3807,OilControl 28,Todo tipo,"Agua Termal, Avena Coloidal, Aloe Vera",141.61
3808,Fresh Dew 34,Mixta,"Retinol, Ácido Ferúlico, Urea, Avena Coloidal",31.42
3809,Aqua Balm 132,Acneica,"Ácido Salicílico, Urea, Aloe Vera, Aceite de Jojoba",148.26
3810,SunShield 6,Sensible,"Extracto de Té Verde, Peptidos, Manteca de Karité, Ácido Láctico",106.97
3811,Clear Skin 246,Normal,"Urea, Niacinamida, Retinol, Aloe Vera",103.4
3812,Aqua Balm 32,Grasa,"Aloe Vera, Avena Coloidal, Agua Termal",94.13
3813,Aqua Balm 88,Madura,"Ácido Salicílico, Ceramidas, Ácido Ferúlico, Peptidos",33.38
3814,Aqua Balm 229,Todo tipo,"Ácido Hialurónico, Niacinamida, Ácido Salicílico",116.21
3815,Fresh Dew 196,Seca,"Ácido Salicílico, Niacinamida, Ácido Láctico",166.7
3816,BrightFix 81,Todo tipo,"Agua Termal, Ácido Hialurónico",190.47
3817,AcneFree 116,Sensible,"Manteca de Karité, Pantenol, Niacinamida, Vitamina C",154.28
3818,BrightFix 214,Todo tipo,"Pantenol, Ácido Ferúlico",29.42
3819,BrightFix 199,Todo tipo,"Retinol, Pantenol, Extracto de Té Verde",121.5
3820,AgeDefy 232,Normal,"Aceite de Jojoba, Avena Coloidal, Urea, Ácido Salicílico",109.57
3821,AgeDefy 134,Seca,"Ácido Salicílico, Retinol, Aloe Vera",150.19
3822,Clear Skin 213,Sensible,"Aloe Vera, Glicerina",16.51
3823,NutriGlow 19,Todo tipo,"Ácido Hialurónico, Urea",12.39
3824,SunShield 255,Acneica,"Ceramidas, Manteca de Karité",41.13
3825,Aqua Balm 225,Sensible,"Zinc, Ácido Ferúlico, Ácido Hialurónico, Niacinamida",26.76
3826,Aqua Balm 17,Acneica,"Pantenol, Ácido Hialurónico, Aceite de Jojoba",177.79
3827,AgeDefy 289,Normal,"Ácido Láctico, Ácido Ferúlico, Avena Coloidal",136.54
3828,Fresh Dew 128,Sensible,"Agua Termal, Vitamina C, Retinol, Peptidos",82.53
3829,Hydra Boost 17,Acneica,"Aloe Vera, Ácido Láctico",65.17
3830,CeraPlus 91,Todo tipo,"Vitamina C, Ácido Hialurónico, Retinol, Manteca de Karité",69.73
3831,CeraPlus 241,Normal,"Ácido Ferúlico, Glicerina",15.01
3832,Daily Moist 43,Sensible,"Avena Coloidal, Glicerina, Pantenol",176.74
3833,Daily Moist 69,Acneica,"Pantenol, Vitamina C, Avena Coloidal",96.77
3834,Radiant Day 280,Todo tipo,"Avena Coloidal, Zinc",6.05
3835,Aqua Balm 35,Madura,"Glicerina, Extracto de Té Verde",160.33
3836,OilControl 12,Seca,"Ácido Ferúlico, Ácido Hialurónico, Aloe Vera, Ceramidas",50.72
3837,BrightFix 77,Grasa,"Peptidos, Aceite de Jojoba, Aloe Vera, Ceramidas",187.13
3838,CeraPlus 89,Normal,"Extracto de Té Verde, Ácido Hialurónico, Glicerina",149.89
3839,UltraSmooth 87,Mixta,"Manteca de Karité, Zinc",166.1
3840,Glow Serum 279,Normal,"Niacinamida, Avena Coloidal",10.68
3841,CeraPlus 87,Todo tipo,"Vitamina C, Ceramidas, Ácido Láctico, Avena Coloidal",158.56
3842,OilControl 136,Mixta,"Urea, Extracto de Té Verde, Ácido Láctico, Avena Coloidal",163.87
3843,UltraSmooth 80,Mixta,"Ácido Hialurónico, Ceramidas",144.69
3844,AgeDefy 143,Normal,"Glicerina, Ácido Láctico, Niacinamida, Urea",100.44
3845,AgeDefy 45,Todo tipo,"Aceite de Jojoba, Peptidos, Agua Termal, Ácido Hialurónico",96.42
3846,Radiant Day 110,Grasa,"Ácido Salicílico, Vitamina C, Zinc",167.33
3847,SunShield 34,Grasa,"Retinol, Ácido Hialurónico, Urea, Manteca de Karité",38.78
3848,NightCare 144,Todo tipo,"Ácido Ferúlico, Avena Coloidal",136.28
3849,Silky Touch 148,Madura,"Vitamina C, Pantenol, Retinol",107.87
3850,AgeDefy 33,Seca,"Zinc, Agua Termal, Niacinamida, Manteca de Karité",108.75
3851,Fresh Dew 280,Sensible,"Ácido Ferúlico, Niacinamida, Avena Coloidal, Ácido Salicílico",41.74
3852,BrightFix 5,Acneica,"Aceite de Jojoba, Niacinamida, Pantenol, Aloe Vera",168.98
3853,BrightFix 52,Acneica,"Agua Termal, Aloe Vera",67.45
3854,Aqua Balm 282,Seca,"Ácido Hialurónico, Peptidos, Ácido Salicílico, Zinc",128.83
3855,Aqua Balm 282,Mixta,"Urea, Agua Termal, Vitamina C, Ácido Salicílico",97.19
3856,UltraSmooth 113,Mixta,"Peptidos, Ácido Láctico, Retinol",5.25
3857,BrightFix 94,Sensible,"Extracto de Té Verde, Glicerina, Ácido Salicílico, Pantenol",16.23
3858,UltraSmooth 291,Sensible,"Retinol, Ceramidas, Extracto de Té Verde, Ácido Láctico",188.83
3859,Aqua Balm 74,Madura,"Avena Coloidal, Agua Termal",150.07
3860,Hydra Boost 146,Sensible,"Agua Termal, Ácido Ferúlico",198.34
3861,OilControl 93,Mixta,"Aceite de Jojoba, Peptidos",142.56
3862,Daily Moist 72,Mixta,"Ácido Ferúlico, Extracto de Té Verde",121.25
3863,Clear Skin 34,Grasa,"Ácido Salicílico, Ceramidas, Zinc, Urea",36.13
3864,Clear Skin 51,Todo tipo,"Aceite de Jojoba, Ácido Hialurónico, Avena Coloidal, Ácido Salicílico",54.99
3865,SunShield 289,Sensible,"Aceite de Jojoba, Peptidos",19.8
3866,AcneFree 65,Sensible,"Peptidos, Agua Termal",114.57
3867,Daily Moist 278,Normal,"Ácido Salicílico, Zinc, Avena Coloidal, Ácido Ferúlico",184.06
3868,SkinPure 268,Mixta,"Ceramidas, Pantenol",89.74
3869,BrightFix 151,Acneica,"Aloe Vera, Ácido Salicílico",185.37
3870,UltraSmooth 85,Todo tipo,"Ácido Hialurónico, Retinol, Zinc",66.31
3871,NutriGlow 173,Seca,"Ácido Hialurónico, Vitamina C",120.64
3872,Daily Moist 229,Normal,"Extracto de Té Verde, Aceite de Jojoba, Avena Coloidal",72.38
3873,Glow Serum 293,Acneica,"Pantenol, Niacinamida",153.21
3874,Aqua Balm 55,Madura,"Aloe Vera, Urea",169.1
3875,Radiant Day 46,Madura,"Urea, Manteca de Karité, Ácido Salicílico",199.17
3876,RegenX 71,Sensible,"Ácido Salicílico, Glicerina",163.42
3877,Silky Touch 129,Seca,"Extracto de Té Verde, Ácido Láctico, Vitamina C, Aceite de Jojoba",157.27
3878,Silky Touch 203,Sensible,"Zinc, Retinol, Ácido Ferúlico",42.82
3879,Fresh Dew 122,Normal,"Ácido Hialurónico, Vitamina C, Ácido Ferúlico, Manteca de Karité",32.05
3880,CeraPlus 7,Todo tipo,"Vitamina C, Ceramidas",19.4
3881,NutriGlow 41,Madura,"Manteca de Karité, Agua Termal, Ácido Hialurónico, Vitamina C",9.25
3882,AgeDefy 125,Sensible,"Agua Termal, Ácido Hialurónico",14.04
3883,Clear Skin 133,Acneica,"Pantenol, Agua Termal, Ácido Ferúlico, Manteca de Karité",189.67
3884,SkinPure 162,Seca,"Agua Termal, Ácido Hialurónico, Ceramidas, Pantenol",132.44
3885,SkinPure 134,Madura,"Retinol, Ácido Ferúlico, Pantenol",155.53
3886,DermaFix 293,Sensible,"Urea, Avena Coloidal",52.71
3887,SunShield 22,Normal,"Ceramidas, Glicerina",118.34
3888,SunShield 213,Madura,"Ácido Ferúlico, Extracto de Té Verde, Avena Coloidal, Retinol",165.79
3889,OilControl 190,Seca,"Retinol, Pantenol",83.6
3890,Glow Serum 28,Acneica,"Pantenol, Ácido Láctico, Aloe Vera, Ácido Salicílico",106.58
3891,SkinPure 182,Normal,"Urea, Extracto de Té Verde, Pantenol, Avena Coloidal",129.4
3892,NightCare 252,Madura,"Peptidos, Ceramidas, Manteca de Karité, Avena Coloidal",40.68
3893,DermaFix 12,Sensible,"Extracto de Té Verde, Niacinamida, Aceite de Jojoba",187.59
3894,Radiant Day 164,Acneica,"Niacinamida, Extracto de Té Verde, Ácido Salicílico",174.39
3895,NightCare 198,Todo tipo,"Urea, Peptidos, Vitamina C",175.45
3896,Clear Skin 237,Normal,"Zinc, Aloe Vera",146.57
3897,NightCare 245,Seca,"Zinc, Ácido Láctico",182.19
3898,Clear Skin 285,Madura,"Agua Termal, Niacinamida",177.78
3899,AcneFree 30,Madura,"Glicerina, Zinc, Retinol",50.3
3900,Fresh Dew 282,Sensible,"Ceramidas, Vitamina C, Avena Coloidal",84.28
3901,BrightFix 121,Todo tipo,"Extracto de Té Verde, Aloe Vera",185.58
3902,Clear Skin 102,Sensible,"Manteca de Karité, Zinc, Ácido Ferúlico, Avena Coloidal",130.52
3903,Radiant Day 297,Seca,"Glicerina, Agua Termal, Vitamina C",110.64
3904,RegenX 18,Todo tipo,"Extracto de Té Verde, Vitamina C",81.97
3905,Silky Touch 90,Mixta,"Ácido Salicílico, Retinol",43.02
3906,CeraPlus 224,Normal,"Avena Coloidal, Manteca de Karité, Peptidos",88.34
3907,Clear Skin 12,Seca,"Ácido Hialurónico, Peptidos, Ceramidas",117.23
3908,Radiant Day 180,Grasa,"Manteca de Karité, Vitamina C",164.03
3909,SkinPure 141,Todo tipo,"Manteca de Karité, Ceramidas",39.31
3910,DermaFix 300,Seca,"Vitamina C, Ácido Láctico, Ceramidas, Aceite de Jojoba",125.23
3911,Clear Skin 122,Normal,"Ácido Ferúlico, Zinc",94.43
3912,Clear Skin 254,Sensible,"Peptidos, Zinc, Urea, Pantenol",165.28
3913,Fresh Dew 154,Seca,"Aloe Vera, Manteca de Karité, Zinc, Urea",118.31
3914,AcneFree 152,Grasa,"Ácido Hialurónico, Ácido Ferúlico, Pantenol, Niacinamida",86.33
3915,DermaFix 88,Acneica,"Ácido Ferúlico, Ácido Láctico, Ácido Salicílico, Pantenol",130.82
3916,Daily Moist 179,Grasa,"Extracto de Té Verde, Vitamina C, Pantenol, Ácido Láctico",81.08
3917,Silky Touch 263,Grasa,"Manteca de Karité, Glicerina, Ácido Hialurónico",76.17
3918,Daily Moist 92,Normal,"Extracto de Té Verde, Ácido Salicílico, Niacinamida",130.58
3919,SunShield 33,Seca,"Retinol, Ácido Salicílico, Urea, Niacinamida",45.4
3920,Daily Moist 140,Mixta,"Glicerina, Ácido Láctico, Aloe Vera",84.21
3921,UltraSmooth 64,Mixta,"Aloe Vera, Ceramidas, Manteca de Karité",16.78
3922,Clear Skin 29,Madura,"Extracto de Té Verde, Aloe Vera",7.72
3923,BrightFix 268,Sensible,"Ceramidas, Vitamina C",127.76
3924,DermaFix 159,Sensible,"Pantenol, Peptidos, Ácido Salicílico",171.8
3925,UltraSmooth 63,Todo tipo,"Ácido Salicílico, Retinol, Pantenol, Glicerina",176.07
3926,AgeDefy 162,Sensible,"Urea, Niacinamida, Ácido Ferúlico, Zinc",71.4
3927,NutriGlow 160,Mixta,"Ceramidas, Peptidos, Ácido Láctico, Ácido Hialurónico",67.87
3928,DermaFix 224,Acneica,"Zinc, Ácido Hialurónico, Ceramidas, Aceite de Jojoba",102.27
3929,Fresh Dew 198,Sensible,"Pantenol, Agua Termal, Glicerina, Ácido Salicílico",172.58
3930,RegenX 284,Seca,"Aloe Vera, Extracto de Té Verde, Manteca de Karité",46.78
3931,Glow Serum 146,Seca,"Urea, Ácido Ferúlico, Avena Coloidal",89.74
3932,Glow Serum 76,Madura,"Ceramidas, Manteca de Karité, Ácido Salicílico",186.32
3933,AcneFree 233,Normal,"Ácido Láctico, Agua Termal, Ácido Ferúlico, Aceite de Jojoba",181.74
3934,Silky Touch 150,Madura,"Ácido Salicílico, Ácido Hialurónico, Aloe Vera",26.22
3935,DermaFix 187,Mixta,"Niacinamida, Ácido Láctico, Ácido Hialurónico, Peptidos",187.12
3936,RegenX 258,Normal,"Aceite de Jojoba, Manteca de Karité, Zinc",178.47
3937,AgeDefy 215,Todo tipo,"Glicerina, Extracto de Té Verde, Peptidos, Ácido Láctico",100.55
3938,UltraSmooth 256,Normal,"Pantenol, Glicerina, Agua Termal",43.5
3939,Hydra Boost 94,Normal,"Urea, Extracto de Té Verde",56.7
3940,Glow Serum 68,Acneica,"Retinol, Peptidos, Ceramidas, Avena Coloidal",67.12
3941,Clear Skin 62,Acneica,"Glicerina, Aceite de Jojoba, Ácido Hialurónico, Peptidos",159.35
3942,SkinPure 34,Normal,"Avena Coloidal, Retinol, Manteca de Karité, Extracto de Té Verde",69.78
3943,DermaFix 20,Todo tipo,"Agua Termal, Ceramidas, Peptidos",74.34
3944,CeraPlus 118,Madura,"Ácido Ferúlico, Aloe Vera, Ácido Hialurónico",121.93
3945,Hydra Boost 150,Seca,"Ceramidas, Glicerina, Ácido Láctico, Peptidos",38.94
3946,CeraPlus 286,Madura,"Vitamina C, Avena Coloidal, Zinc",92.96
3947,Aqua Balm 132,Todo tipo,"Niacinamida, Aloe Vera, Avena Coloidal, Agua Termal",199.96
3948,DermaFix 128,Todo tipo,"Manteca de Karité, Zinc, Ácido Salicílico, Niacinamida",86.83
3949,Aqua Balm 103,Acneica,"Manteca de Karité, Glicerina",140.1
3950,Clear Skin 206,Normal,"Agua Termal, Extracto de Té Verde",161.04
3951,AgeDefy 205,Madura,"Peptidos, Urea, Niacinamida, Aloe Vera",162.98
3952,AcneFree 137,Sensible,"Avena Coloidal, Peptidos, Ácido Salicílico, Glicerina",143.85
3953,SunShield 55,Sensible,"Aloe Vera, Vitamina C",183.41
3954,NutriGlow 94,Mixta,"Aceite de Jojoba, Avena Coloidal, Manteca de Karité, Pantenol",88.13
3955,CeraPlus 160,Normal,"Glicerina, Ácido Hialurónico, Ácido Ferúlico, Agua Termal",139.94
3956,AgeDefy 273,Madura,"Ácido Láctico, Ceramidas, Extracto de Té Verde, Urea",53.5
3957,Hydra Boost 215,Grasa,"Niacinamida, Retinol, Agua Termal, Zinc",154.32
3958,UltraSmooth 29,Grasa,"Avena Coloidal, Aloe Vera, Manteca de Karité",156.56
3959,BrightFix 119,Normal,"Retinol, Agua Termal",58.82
3960,SunShield 18,Acneica,"Extracto de Té Verde, Glicerina, Aceite de Jojoba",35.25
3961,Daily Moist 78,Todo tipo,"Avena Coloidal, Extracto de Té Verde, Aceite de Jojoba, Agua Termal",66.36
3962,Clear Skin 168,Acneica,"Extracto de Té Verde, Zinc",85.2
3963,BrightFix 181,Seca,"Retinol, Glicerina, Urea",139.46
3964,RegenX 77,Acneica,"Manteca de Karité, Aceite de Jojoba, Niacinamida",56.82
3965,SunShield 150,Todo tipo,"Extracto de Té Verde, Aloe Vera",184.82
3966,Clear Skin 40,Todo tipo,"Peptidos, Aceite de Jojoba, Avena Coloidal",176.49
3967,AgeDefy 104,Normal,"Ácido Salicílico, Agua Termal, Aloe Vera",42.63
3968,AcneFree 91,Normal,"Niacinamida, Ácido Láctico, Urea",150.23
3969,Radiant Day 273,Grasa,"Retinol, Ácido Hialurónico, Peptidos, Zinc",87.02
3970,Daily Moist 150,Grasa,"Ácido Salicílico, Manteca de Karité",147.05
3971,Hydra Boost 68,Normal,"Aloe Vera, Extracto de Té Verde",134.52
3972,Clear Skin 175,Normal,"Ácido Ferúlico, Urea, Pantenol, Zinc",150.44
3973,AgeDefy 119,Madura,"Aloe Vera, Zinc",95.34
3974,AcneFree 185,Todo tipo,"Agua Termal, Avena Coloidal, Peptidos, Niacinamida",148.38
3975,UltraSmooth 105,Madura,"Ceramidas, Ácido Hialurónico, Manteca de Karité",137.28
3976,NightCare 165,Seca,"Pantenol, Glicerina, Ácido Láctico, Agua Termal",102.07
3977,NightCare 250,Acneica,"Aloe Vera, Ácido Salicílico",20.81
3978,NutriGlow 11,Normal,"Niacinamida, Manteca de Karité, Ceramidas",125.72
3979,Radiant Day 107,Sensible,"Aceite de Jojoba, Niacinamida",7.31
3980,Glow Serum 164,Normal,"Pantenol, Niacinamida, Avena Coloidal, Manteca de Karité",183.67
3981,UltraSmooth 77,Seca,"Vitamina C, Retinol, Ácido Salicílico, Ácido Láctico",129.45
3982,DermaFix 300,Seca,"Aceite de Jojoba, Peptidos, Ácido Ferúlico, Ácido Salicílico",21.88
3983,AcneFree 139,Seca,"Niacinamida, Manteca de Karité, Peptidos, Zinc",114.65
3984,RegenX 162,Grasa,"Retinol, Extracto de Té Verde",12.63
3985,DermaFix 9,Mixta,"Agua Termal, Urea",130.52
3986,RegenX 36,Madura,"Ácido Hialurónico, Retinol, Ácido Láctico, Avena Coloidal",111.98
3987,SunShield 131,Normal,"Urea, Aceite de Jojoba",30.61
3988,Clear Skin 129,Grasa,"Ácido Ferúlico, Agua Termal",49.73
3989,Glow Serum 276,Grasa,"Zinc, Glicerina, Avena Coloidal",63.68
3990,Silky Touch 35,Acneica,"Niacinamida, Extracto de Té Verde",69.36
3991,CeraPlus 7,Grasa,"Manteca de Karité, Glicerina, Ácido Láctico, Pantenol",114.14
3992,NightCare 120,Grasa,"Vitamina C, Agua Termal, Peptidos, Ceramidas",127.55
3993,Aqua Balm 27,Mixta,"Ácido Hialurónico, Aloe Vera, Peptidos, Urea",26.61
3994,Silky Touch 287,Madura,"Extracto de Té Verde, Niacinamida",173.05
3995,Silky Touch 35,Normal,"Aceite de Jojoba, Niacinamida, Extracto de Té Verde",33.68
3996,NightCare 294,Mixta,"Aceite de Jojoba, Ácido Láctico",36.29
3997,BrightFix 60,Grasa,"Ácido Ferúlico, Retinol, Ácido Hialurónico, Extracto de Té Verde",168.79
3998,Aqua Balm 77,Seca,"Pantenol, Manteca de Karité, Agua Termal",149.41
3999,UltraSmooth 294,Mixta,"Agua Termal, Ácido Salicílico, Extracto de Té Verde, Zinc",121.68
4000,Fresh Dew 39,Mixta,"Ceramidas, Niacinamida, Aceite de Jojoba",151.59
4001,SkinPure 190,Madura,"Peptidos, Vitamina C, Ceramidas",153.43
4002,AcneFree 62,Todo tipo,"Ácido Ferúlico, Pantenol",52.95
4003,AgeDefy 180,Todo tipo,"Agua Termal, Manteca de Karité",129.79
4004,RegenX 193,Grasa,"Agua Termal, Glicerina",160.46
4005,Fresh Dew 106,Normal,"Ceramidas, Aloe Vera, Niacinamida",140.32
4006,Fresh Dew 194,Madura,"Ceramidas, Ácido Salicílico, Zinc, Ácido Láctico",143.31
4007,NightCare 118,Sensible,"Glicerina, Ácido Salicílico",50.43
4008,Glow Serum 259,Mixta,"Zinc, Ceramidas, Vitamina C",136.33
4009,Silky Touch 260,Acneica,"Aloe Vera, Peptidos, Glicerina",19.48
4010,CeraPlus 168,Grasa,"Glicerina, Urea",131.41
4011,Glow Serum 132,Acneica,"Retinol, Extracto de Té Verde, Ácido Hialurónico",79.33
4012,RegenX 98,Sensible,"Niacinamida, Vitamina C, Ácido Ferúlico, Peptidos",32.72
4013,Fresh Dew 257,Seca,"Agua Termal, Vitamina C, Ceramidas",75.7
4014,NutriGlow 240,Todo tipo,"Vitamina C, Niacinamida, Pantenol",154.48
4015,AcneFree 77,Grasa,"Retinol, Glicerina",170.11
4016,Clear Skin 136,Acneica,"Ácido Salicílico, Extracto de Té Verde",27.01
4017,NutriGlow 201,Seca,"Urea, Pantenol",43.91
4018,SunShield 54,Todo tipo,"Extracto de Té Verde, Pantenol, Aloe Vera, Ácido Hialurónico",197.78
4019,SkinPure 256,Normal,"Avena Coloidal, Manteca de Karité, Pantenol",109.4
4020,Fresh Dew 277,Madura,"Ácido Ferúlico, Avena Coloidal, Ácido Hialurónico",178.38
4021,AgeDefy 288,Seca,"Ácido Ferúlico, Ácido Láctico, Aceite de Jojoba, Agua Termal",95.74
4022,NutriGlow 31,Todo tipo,"Manteca de Karité, Ácido Hialurónico, Ácido Ferúlico",141.48
4023,NutriGlow 74,Todo tipo,"Zinc, Aloe Vera, Urea",17.59
4024,AcneFree 100,Seca,"Ceramidas, Ácido Láctico",37.25
4025,Fresh Dew 259,Seca,"Ácido Láctico, Ácido Ferúlico, Aloe Vera",99.04
4026,Aqua Balm 292,Mixta,"Retinol, Ácido Láctico",57.24
4027,AgeDefy 135,Todo tipo,"Aloe Vera, Ceramidas, Ácido Salicílico, Urea",166.83
4028,AcneFree 243,Seca,"Ceramidas, Agua Termal, Vitamina C, Ácido Láctico",33.76
4029,SunShield 259,Acneica,"Vitamina C, Manteca de Karité, Urea",101.6
4030,Fresh Dew 160,Sensible,"Agua Termal, Ceramidas",65.43
4031,UltraSmooth 233,Todo tipo,"Agua Termal, Aceite de Jojoba, Zinc, Vitamina C",53.59
4032,Fresh Dew 214,Seca,"Peptidos, Retinol, Ácido Salicílico",75.41
4033,Radiant Day 64,Seca,"Ácido Láctico, Agua Termal",27.24
4034,UltraSmooth 164,Mixta,"Extracto de Té Verde, Aloe Vera, Zinc",52.44
4035,BrightFix 131,Madura,"Pantenol, Agua Termal",50.31
4036,AgeDefy 106,Mixta,"Aloe Vera, Vitamina C",187.39
4037,SunShield 236,Seca,"Pantenol, Glicerina",165.76
4038,UltraSmooth 179,Todo tipo,"Ácido Ferúlico, Extracto de Té Verde, Retinol, Niacinamida",9.93
4039,DermaFix 173,Sensible,"Urea, Manteca de Karité, Vitamina C, Aloe Vera",156.54
4040,AcneFree 190,Normal,"Avena Coloidal, Niacinamida, Ácido Ferúlico, Ácido Salicílico",148.7
4041,AcneFree 63,Grasa,"Retinol, Zinc",199.99
4042,UltraSmooth 80,Normal,"Extracto de Té Verde, Vitamina C",42.2
4043,BrightFix 251,Acneica,"Retinol, Ácido Ferúlico, Agua Termal, Pantenol",27.22
4044,AcneFree 183,Seca,"Ácido Salicílico, Niacinamida, Ácido Láctico",136.54
4045,Fresh Dew 112,Mixta,"Glicerina, Pantenol, Niacinamida, Avena Coloidal",136.02
4046,Hydra Boost 92,Normal,"Ceramidas, Retinol",70.68
4047,Aqua Balm 97,Todo tipo,"Pantenol, Agua Termal",149.98
4048,DermaFix 99,Mixta,"Extracto de Té Verde, Ceramidas",44.27
4049,Glow Serum 131,Sensible,"Pantenol, Ácido Ferúlico",41.36
4050,Hydra Boost 140,Madura,"Pantenol, Aloe Vera",172.61
4051,Daily Moist 46,Mixta,"Avena Coloidal, Peptidos, Ácido Ferúlico",166.32
4052,BrightFix 240,Acneica,"Urea, Ácido Salicílico, Manteca de Karité, Retinol",175.99
4053,DermaFix 42,Mixta,"Manteca de Karité, Aloe Vera, Ácido Láctico",94.05
4054,DermaFix 237,Sensible,"Glicerina, Ácido Salicílico, Aceite de Jojoba",160.76
4055,Hydra Boost 178,Mixta,"Urea, Retinol",172.62
4056,Glow Serum 103,Seca,"Niacinamida, Vitamina C, Ácido Hialurónico",65.72
4057,NutriGlow 130,Mixta,"Ácido Salicílico, Zinc",108.27
4058,AcneFree 95,Grasa,"Aloe Vera, Extracto de Té Verde, Agua Termal, Peptidos",58.56
4059,Fresh Dew 151,Madura,"Extracto de Té Verde, Manteca de Karité, Peptidos",92.48
4060,NightCare 88,Acneica,"Glicerina, Ácido Ferúlico",110.32
4061,NightCare 164,Madura,"Ácido Láctico, Vitamina C, Ácido Hialurónico",130.35
4062,AcneFree 218,Seca,"Pantenol, Aloe Vera, Ácido Ferúlico, Ácido Hialurónico",128.81
4063,UltraSmooth 170,Normal,"Ceramidas, Peptidos, Ácido Salicílico",63.53
4064,AgeDefy 13,Normal,"Ceramidas, Aloe Vera, Agua Termal, Ácido Ferúlico",25.75
4065,Clear Skin 168,Sensible,"Extracto de Té Verde, Aloe Vera, Ceramidas",15.8
4066,CeraPlus 144,Seca,"Manteca de Karité, Extracto de Té Verde, Zinc",66.1
4067,Fresh Dew 270,Mixta,"Peptidos, Extracto de Té Verde, Ácido Ferúlico",158.46
4068,Silky Touch 164,Normal,"Aloe Vera, Vitamina C",154.18
4069,Silky Touch 278,Acneica,"Aceite de Jojoba, Vitamina C, Extracto de Té Verde, Ácido Ferúlico",99.06
4070,Clear Skin 88,Normal,"Pantenol, Peptidos",149.81
4071,SunShield 118,Grasa,"Ácido Ferúlico, Agua Termal, Ácido Salicílico",81.06
4072,AgeDefy 29,Sensible,"Agua Termal, Retinol",86.33
4073,Aqua Balm 54,Sensible,"Ácido Láctico, Urea, Extracto de Té Verde",82.73
4074,Clear Skin 29,Sensible,"Peptidos, Avena Coloidal, Zinc",20.43
4075,UltraSmooth 127,Todo tipo,"Ácido Láctico, Niacinamida, Zinc, Retinol",149.73
4076,Clear Skin 281,Acneica,"Aceite de Jojoba, Retinol, Manteca de Karité",122.26
4077,NightCare 4,Seca,"Avena Coloidal, Vitamina C",175.56
4078,SkinPure 143,Grasa,"Aloe Vera, Ácido Hialurónico",100.41
4079,DermaFix 223,Mixta,"Agua Termal, Ácido Salicílico",102.9
4080,Clear Skin 297,Sensible,"Ácido Hialurónico, Manteca de Karité, Aloe Vera, Vitamina C",181.02
4081,RegenX 202,Acneica,"Extracto de Té Verde, Glicerina",96.5
4082,Aqua Balm 130,Normal,"Aloe Vera, Vitamina C",182.76
4083,Silky Touch 274,Grasa,"Ácido Láctico, Extracto de Té Verde, Niacinamida",114.3
4084,NutriGlow 165,Acneica,"Glicerina, Urea, Agua Termal",110.81
4085,NutriGlow 143,Todo tipo,"Ácido Salicílico, Ácido Ferúlico, Urea",112.27
4086,Clear Skin 165,Madura,"Agua Termal, Ácido Ferúlico, Glicerina, Retinol",100.29
4087,AgeDefy 34,Sensible,"Niacinamida, Zinc",134.8
4088,OilControl 127,Mixta,"Niacinamida, Ceramidas, Vitamina C",12.45
4089,Fresh Dew 92,Sensible,"Avena Coloidal, Ácido Láctico, Vitamina C",60.66
4090,NutriGlow 191,Madura,"Peptidos, Ácido Salicílico, Niacinamida, Pantenol",18.41
4091,Aqua Balm 169,Acneica,"Niacinamida, Urea",156.2
4092,NutriGlow 94,Seca,"Aloe Vera, Ácido Hialurónico, Vitamina C",9.96
4093,SunShield 266,Mixta,"Zinc, Ácido Láctico",24.94
4094,CeraPlus 259,Seca,"Urea, Retinol",159.28
4095,OilControl 236,Mixta,"Vitamina C, Zinc",143.63
4096,NightCare 45,Grasa,"Pantenol, Retinol",64.59
4097,BrightFix 120,Madura,"Peptidos, Extracto de Té Verde, Retinol, Ácido Ferúlico",90.64
4098,AcneFree 141,Mixta,"Ceramidas, Aloe Vera, Extracto de Té Verde",147.14
4099,OilControl 286,Todo tipo,"Aloe Vera, Ácido Láctico",148.03
4100,NutriGlow 156,Mixta,"Ácido Láctico, Pantenol, Aceite de Jojoba",35.97
4101,Daily Moist 229,Mixta,"Manteca de Karité, Vitamina C",38.84
4102,Hydra Boost 181,Grasa,"Peptidos, Pantenol, Ácido Salicílico, Ácido Hialurónico",5.79
4103,Daily Moist 209,Sensible,"Niacinamida, Aloe Vera, Ácido Salicílico",169.97
4104,CeraPlus 286,Madura,"Avena Coloidal, Aceite de Jojoba, Peptidos, Ácido Salicílico",71.86
4105,Silky Touch 88,Acneica,"Manteca de Karité, Peptidos, Glicerina, Vitamina C",44.76
4106,DermaFix 46,Sensible,"Vitamina C, Peptidos",58.2
4107,RegenX 20,Grasa,"Ácido Hialurónico, Vitamina C",9.61
4108,Daily Moist 69,Todo tipo,"Urea, Ácido Ferúlico, Ácido Salicílico",142.65
4109,Daily Moist 121,Acneica,"Extracto de Té Verde, Aceite de Jojoba",95.25
4110,Fresh Dew 281,Madura,"Ácido Láctico, Glicerina, Zinc, Urea",126.77
4111,BrightFix 155,Sensible,"Vitamina C, Avena Coloidal, Aceite de Jojoba",176.46
4112,Radiant Day 85,Sensible,"Niacinamida, Avena Coloidal",196.03
4113,UltraSmooth 257,Acneica,"Aceite de Jojoba, Vitamina C, Peptidos",94.02
4114,RegenX 53,Mixta,"Aloe Vera, Ácido Ferúlico, Ácido Salicílico",121.96
4115,NutriGlow 234,Seca,"Retinol, Manteca de Karité",30.63
4116,Glow Serum 99,Normal,"Ácido Salicílico, Retinol, Ceramidas",144.43
4117,AcneFree 2,Madura,"Peptidos, Ácido Hialurónico, Niacinamida",52.1
4118,NightCare 217,Todo tipo,"Glicerina, Ácido Láctico, Manteca de Karité",194.52
4119,Radiant Day 128,Sensible,"Extracto de Té Verde, Peptidos",121.55
4120,UltraSmooth 76,Acneica,"Zinc, Pantenol, Ácido Ferúlico, Glicerina",13.43
4121,SkinPure 245,Sensible,"Ácido Ferúlico, Peptidos, Ácido Hialurónico, Ácido Salicílico",184.78
4122,UltraSmooth 241,Madura,"Urea, Extracto de Té Verde, Agua Termal, Ceramidas",145.92
4123,CeraPlus 258,Seca,"Avena Coloidal, Ceramidas, Ácido Salicílico",196.48
4124,DermaFix 144,Seca,"Pantenol, Peptidos",114.01
4125,NightCare 102,Normal,"Ácido Salicílico, Ácido Hialurónico",58.62
4126,Hydra Boost 217,Sensible,"Urea, Zinc, Peptidos",41.18
4127,UltraSmooth 73,Grasa,"Extracto de Té Verde, Ácido Salicílico, Vitamina C, Glicerina",22.99
4128,Daily Moist 53,Acneica,"Peptidos, Manteca de Karité, Ácido Salicílico",96.53
4129,DermaFix 132,Normal,"Retinol, Ceramidas",182.32
4130,Glow Serum 4,Grasa,"Aceite de Jojoba, Ácido Hialurónico, Agua Termal, Ácido Salicílico",196.39
4131,NutriGlow 214,Todo tipo,"Urea, Agua Termal, Manteca de Karité, Glicerina",108.63
4132,Hydra Boost 238,Normal,"Vitamina C, Avena Coloidal",192.8
4133,UltraSmooth 291,Normal,"Ceramidas, Peptidos, Niacinamida, Aceite de Jojoba",108.13
4134,SunShield 284,Madura,"Niacinamida, Manteca de Karité, Urea, Ácido Hialurónico",100.31
4135,NightCare 135,Sensible,"Ceramidas, Pantenol, Aloe Vera, Avena Coloidal",199.14
4136,NightCare 33,Madura,"Ceramidas, Manteca de Karité, Vitamina C, Aceite de Jojoba",48.52
4137,Fresh Dew 179,Mixta,"Ácido Ferúlico, Urea, Ácido Hialurónico, Manteca de Karité",63.13
4138,NightCare 49,Acneica,"Avena Coloidal, Niacinamida",123.63
4139,OilControl 297,Acneica,"Glicerina, Pantenol, Ácido Láctico",69.59
4140,NightCare 44,Acneica,"Ácido Salicílico, Agua Termal, Ácido Láctico, Aloe Vera",66.66
4141,AgeDefy 194,Sensible,"Aloe Vera, Glicerina, Ácido Salicílico, Pantenol",23.94
4142,UltraSmooth 289,Todo tipo,"Ácido Hialurónico, Ácido Salicílico",104.0
4143,SunShield 182,Sensible,"Peptidos, Zinc, Vitamina C",187.84
4144,AgeDefy 294,Grasa,"Peptidos, Glicerina, Avena Coloidal",175.3
4145,SkinPure 240,Acneica,"Avena Coloidal, Ceramidas",170.53
4146,AcneFree 243,Todo tipo,"Aceite de Jojoba, Ceramidas, Urea",172.56
4147,AcneFree 24,Madura,"Ácido Salicílico, Agua Termal",195.07
4148,Silky Touch 249,Seca,"Manteca de Karité, Ácido Ferúlico, Aloe Vera",124.25
4149,NutriGlow 261,Sensible,"Agua Termal, Peptidos, Vitamina C",40.38
4150,Fresh Dew 115,Todo tipo,"Avena Coloidal, Peptidos, Manteca de Karité",155.82
4151,NightCare 145,Sensible,"Urea, Pantenol, Retinol",116.38
4152,DermaFix 121,Seca,"Urea, Pantenol, Glicerina",155.66
4153,SkinPure 238,Grasa,"Niacinamida, Vitamina C, Ceramidas",73.37
4154,Glow Serum 110,Madura,"Manteca de Karité, Ácido Salicílico, Agua Termal, Extracto de Té Verde",153.91
4155,Daily Moist 73,Seca,"Urea, Zinc, Aceite de Jojoba, Glicerina",91.26
4156,UltraSmooth 169,Todo tipo,"Aceite de Jojoba, Niacinamida",98.22
4157,AgeDefy 262,Normal,"Peptidos, Urea, Glicerina",52.52
4158,Fresh Dew 206,Acneica,"Zinc, Glicerina, Avena Coloidal, Manteca de Karité",18.67
4159,Silky Touch 97,Mixta,"Manteca de Karité, Ácido Hialurónico, Retinol, Peptidos",65.82
4160,Fresh Dew 282,Acneica,"Agua Termal, Ceramidas, Extracto de Té Verde, Avena Coloidal",14.07
4161,Aqua Balm 42,Seca,"Ácido Ferúlico, Ácido Hialurónico",112.04
4162,Clear Skin 233,Normal,"Glicerina, Ácido Láctico",107.51
4163,BrightFix 112,Acneica,"Vitamina C, Aceite de Jojoba, Manteca de Karité, Aloe Vera",169.41
4164,SkinPure 20,Grasa,"Peptidos, Avena Coloidal",105.4
4165,SkinPure 113,Grasa,"Zinc, Manteca de Karité, Ácido Hialurónico",155.02
4166,Fresh Dew 191,Madura,"Aloe Vera, Avena Coloidal, Retinol",167.34
4167,AgeDefy 207,Normal,"Ácido Ferúlico, Ácido Hialurónico",6.62
4168,Glow Serum 191,Madura,"Ceramidas, Niacinamida",168.77
4169,SunShield 265,Seca,"Glicerina, Ceramidas, Ácido Láctico, Aloe Vera",148.02
4170,RegenX 289,Madura,"Ácido Hialurónico, Retinol, Aceite de Jojoba, Agua Termal",181.04
4171,RegenX 116,Madura,"Niacinamida, Ácido Ferúlico, Agua Termal, Aceite de Jojoba",59.59
4172,NutriGlow 56,Acneica,"Peptidos, Vitamina C, Avena Coloidal",33.28
4173,Daily Moist 51,Grasa,"Agua Termal, Ceramidas",92.31
4174,RegenX 135,Seca,"Retinol, Aceite de Jojoba",102.9
4175,Aqua Balm 118,Grasa,"Ácido Ferúlico, Urea, Ceramidas",195.18
4176,Silky Touch 108,Mixta,"Avena Coloidal, Ácido Salicílico, Retinol, Ácido Láctico",132.19
4177,RegenX 232,Todo tipo,"Urea, Ceramidas, Extracto de Té Verde, Ácido Hialurónico",89.31
4178,Daily Moist 196,Acneica,"Manteca de Karité, Aceite de Jojoba",22.22
4179,NutriGlow 97,Todo tipo,"Ácido Ferúlico, Peptidos, Retinol",59.67
4180,Aqua Balm 211,Madura,"Peptidos, Glicerina, Niacinamida",175.32
4181,OilControl 45,Todo tipo,"Urea, Ceramidas, Ácido Ferúlico",166.7
4182,UltraSmooth 217,Sensible,"Ceramidas, Peptidos",90.24
4183,SkinPure 156,Seca,"Aceite de Jojoba, Vitamina C",147.04
4184,Glow Serum 25,Todo tipo,"Glicerina, Ceramidas, Manteca de Karité, Ácido Ferúlico",103.62
4185,NutriGlow 172,Normal,"Agua Termal, Aceite de Jojoba",42.89
4186,AgeDefy 151,Normal,"Aloe Vera, Glicerina, Zinc, Manteca de Karité",104.36
4187,DermaFix 242,Madura,"Retinol, Peptidos, Urea",133.39
4188,NightCare 128,Acneica,"Ácido Ferúlico, Agua Termal",79.87
4189,Hydra Boost 282,Seca,"Glicerina, Aceite de Jojoba, Ácido Láctico",150.03
4190,Fresh Dew 110,Acneica,"Glicerina, Ácido Láctico",51.93
4191,DermaFix 74,Madura,"Retinol, Niacinamida, Agua Termal",61.52
4192,SunShield 29,Normal,"Aceite de Jojoba, Peptidos, Avena Coloidal, Glicerina",170.64
4193,SkinPure 285,Sensible,"Ácido Salicílico, Retinol, Glicerina",26.82
4194,AcneFree 161,Normal,"Niacinamida, Agua Termal",79.74
4195,SkinPure 41,Grasa,"Zinc, Agua Termal, Ceramidas",21.47
4196,DermaFix 199,Acneica,"Extracto de Té Verde, Zinc, Niacinamida, Ácido Hialurónico",130.44
4197,RegenX 62,Seca,"Retinol, Extracto de Té Verde, Peptidos",52.83
4198,Clear Skin 44,Sensible,"Ceramidas, Aceite de Jojoba, Niacinamida",21.47
4199,RegenX 100,Mixta,"Manteca de Karité, Agua Termal, Zinc, Extracto de Té Verde",71.02
4200,Clear Skin 225,Madura,"Aceite de Jojoba, Ácido Ferúlico, Retinol, Glicerina",158.96
4201,Clear Skin 117,Normal,"Extracto de Té Verde, Manteca de Karité, Niacinamida, Peptidos",44.12
4202,AgeDefy 246,Sensible,"Retinol, Peptidos",151.08
4203,NightCare 39,Sensible,"Avena Coloidal, Manteca de Karité",62.13
4204,Hydra Boost 88,Madura,"Pantenol, Extracto de Té Verde, Ceramidas",165.39
4205,SunShield 129,Seca,"Urea, Avena Coloidal, Aloe Vera",83.91
4206,AgeDefy 31,Madura,"Avena Coloidal, Aloe Vera, Glicerina",140.1
4207,DermaFix 3,Acneica,"Glicerina, Niacinamida, Vitamina C, Zinc",64.84
4208,SkinPure 31,Mixta,"Retinol, Agua Termal, Pantenol",145.33
4209,SkinPure 123,Acneica,"Agua Termal, Urea, Avena Coloidal",36.29
4210,RegenX 59,Acneica,"Agua Termal, Niacinamida, Aceite de Jojoba, Ácido Salicílico",187.49
4211,SunShield 58,Grasa,"Pantenol, Aceite de Jojoba, Ceramidas, Ácido Láctico",129.45
4212,Silky Touch 46,Madura,"Glicerina, Ceramidas, Pantenol, Extracto de Té Verde",110.33
4213,SunShield 256,Sensible,"Ácido Hialurónico, Zinc, Niacinamida",164.36
4214,UltraSmooth 49,Sensible,"Aceite de Jojoba, Niacinamida, Zinc",49.67
4215,AcneFree 198,Acneica,"Avena Coloidal, Urea",55.67
4216,BrightFix 67,Todo tipo,"Ácido Salicílico, Urea, Aceite de Jojoba, Peptidos",104.97
4217,CeraPlus 21,Mixta,"Ácido Salicílico, Manteca de Karité, Agua Termal, Peptidos",57.16
4218,DermaFix 97,Mixta,"Pantenol, Ácido Hialurónico, Ácido Láctico",13.28
4219,OilControl 72,Sensible,"Glicerina, Extracto de Té Verde, Manteca de Karité",122.94
4220,DermaFix 189,Madura,"Avena Coloidal, Niacinamida, Retinol, Pantenol",84.36
4221,UltraSmooth 153,Normal,"Zinc, Glicerina",101.26
4222,NutriGlow 39,Acneica,"Extracto de Té Verde, Ácido Hialurónico, Pantenol",169.35
4223,Radiant Day 197,Seca,"Extracto de Té Verde, Retinol",13.57
4224,AgeDefy 184,Todo tipo,"Glicerina, Urea, Retinol",154.52
4225,OilControl 298,Seca,"Pantenol, Zinc, Urea",29.36
4226,Aqua Balm 34,Seca,"Pantenol, Aloe Vera",111.05
4227,OilControl 107,Grasa,"Ácido Salicílico, Extracto de Té Verde, Niacinamida",130.56
4228,SunShield 108,Todo tipo,"Extracto de Té Verde, Urea",177.27
4229,Hydra Boost 51,Seca,"Manteca de Karité, Ácido Hialurónico, Agua Termal",70.9
4230,Radiant Day 153,Acneica,"Ceramidas, Ácido Ferúlico, Niacinamida",106.5
4231,Aqua Balm 100,Sensible,"Manteca de Karité, Retinol",100.31
4232,Radiant Day 85,Normal,"Peptidos, Ácido Hialurónico, Agua Termal, Vitamina C",8.44
4233,SkinPure 234,Grasa,"Pantenol, Niacinamida",89.39
4234,AgeDefy 229,Normal,"Zinc, Avena Coloidal, Extracto de Té Verde, Peptidos",69.72
4235,UltraSmooth 102,Mixta,"Vitamina C, Niacinamida",85.27
4236,NightCare 248,Acneica,"Ácido Láctico, Ácido Ferúlico, Niacinamida, Aloe Vera",199.82
4237,Aqua Balm 64,Mixta,"Urea, Glicerina",44.65
4238,SkinPure 220,Grasa,"Zinc, Glicerina",17.2
4239,Clear Skin 109,Todo tipo,"Ceramidas, Manteca de Karité, Agua Termal, Ácido Hialurónico",45.9
4240,CeraPlus 98,Madura,"Extracto de Té Verde, Urea",28.49
4241,Glow Serum 174,Seca,"Peptidos, Agua Termal, Retinol, Urea",34.07
4242,Glow Serum 139,Seca,"Glicerina, Retinol",45.35
4243,Silky Touch 177,Normal,"Ácido Láctico, Aceite de Jojoba, Zinc, Agua Termal",85.69
4244,Silky Touch 239,Sensible,"Ácido Salicílico, Aloe Vera, Ácido Ferúlico",42.67
4245,NutriGlow 208,Acneica,"Extracto de Té Verde, Manteca de Karité",118.82
4246,AgeDefy 91,Todo tipo,"Aloe Vera, Niacinamida, Glicerina",5.85
4247,Silky Touch 182,Sensible,"Urea, Ácido Salicílico",117.49
4248,Hydra Boost 272,Todo tipo,"Pantenol, Peptidos, Avena Coloidal",151.66
4249,UltraSmooth 110,Madura,"Manteca de Karité, Peptidos",162.39
4250,Clear Skin 64,Madura,"Peptidos, Glicerina, Agua Termal, Ácido Láctico",47.14
4251,SunShield 268,Grasa,"Peptidos, Aceite de Jojoba, Retinol, Vitamina C",124.95
4252,Aqua Balm 234,Acneica,"Aceite de Jojoba, Retinol, Avena Coloidal",127.43
4253,BrightFix 189,Seca,"Extracto de Té Verde, Retinol",13.23
4254,Silky Touch 221,Seca,"Zinc, Ácido Salicílico, Pantenol, Glicerina",67.72
4255,Aqua Balm 220,Madura,"Ácido Hialurónico, Manteca de Karité, Niacinamida, Ceramidas",194.45
4256,AcneFree 54,Acneica,"Manteca de Karité, Ácido Ferúlico, Extracto de Té Verde",133.79
4257,Glow Serum 125,Acneica,"Manteca de Karité, Ácido Hialurónico, Aloe Vera",159.84
4258,NightCare 72,Acneica,"Avena Coloidal, Retinol, Ácido Ferúlico",67.94
4259,OilControl 295,Grasa,"Retinol, Ácido Hialurónico, Ácido Ferúlico",140.76
4260,OilControl 122,Mixta,"Peptidos, Ácido Láctico, Avena Coloidal",28.74
4261,AgeDefy 205,Madura,"Ceramidas, Peptidos, Ácido Hialurónico",34.95
4262,RegenX 26,Grasa,"Agua Termal, Ácido Salicílico, Retinol, Vitamina C",145.31
4263,UltraSmooth 10,Sensible,"Manteca de Karité, Ácido Hialurónico, Extracto de Té Verde",95.6
4264,NutriGlow 13,Seca,"Ácido Láctico, Agua Termal, Ácido Hialurónico, Urea",6.56
4265,Aqua Balm 41,Seca,"Ácido Salicílico, Aceite de Jojoba, Glicerina, Avena Coloidal",158.6
4266,UltraSmooth 257,Mixta,"Niacinamida, Avena Coloidal",44.72
4267,Daily Moist 129,Mixta,"Aceite de Jojoba, Pantenol, Ácido Hialurónico, Glicerina",142.17
4268,SkinPure 109,Todo tipo,"Ácido Láctico, Pantenol",147.04
4269,UltraSmooth 29,Todo tipo,"Ácido Hialurónico, Avena Coloidal",95.54
4270,BrightFix 159,Madura,"Agua Termal, Peptidos, Aceite de Jojoba",87.3
4271,RegenX 243,Madura,"Ácido Láctico, Zinc, Agua Termal",165.21
4272,DermaFix 155,Grasa,"Ácido Salicílico, Zinc, Niacinamida",91.26
4273,AcneFree 231,Normal,"Ácido Hialurónico, Retinol, Manteca de Karité",128.91
4274,Daily Moist 71,Todo tipo,"Zinc, Niacinamida",148.99
4275,BrightFix 72,Mixta,"Avena Coloidal, Ácido Ferúlico, Retinol, Ácido Hialurónico",187.14
4276,AgeDefy 243,Todo tipo,"Zinc, Pantenol, Retinol",150.55
4277,RegenX 27,Mixta,"Glicerina, Pantenol, Manteca de Karité",79.09
4278,DermaFix 94,Mixta,"Ácido Ferúlico, Manteca de Karité, Ácido Hialurónico, Urea",50.08
4279,Daily Moist 202,Madura,"Vitamina C, Agua Termal",198.57
4280,BrightFix 163,Sensible,"Peptidos, Ácido Ferúlico",184.26
4281,Radiant Day 272,Grasa,"Ácido Salicílico, Urea, Peptidos, Retinol",42.44
4282,CeraPlus 147,Seca,"Ácido Ferúlico, Aloe Vera, Agua Termal",125.3
4283,SkinPure 187,Madura,"Niacinamida, Agua Termal, Aloe Vera, Ácido Ferúlico",81.08
4284,Aqua Balm 215,Grasa,"Retinol, Glicerina, Avena Coloidal, Ácido Láctico",116.07
4285,AcneFree 167,Normal,"Ácido Láctico, Vitamina C, Manteca de Karité, Pantenol",17.96
4286,Aqua Balm 129,Seca,"Agua Termal, Aloe Vera",17.23
4287,Aqua Balm 128,Mixta,"Glicerina, Aloe Vera, Ácido Láctico, Extracto de Té Verde",189.9
4288,SkinPure 129,Normal,"Aloe Vera, Niacinamida",96.72
4289,SkinPure 35,Mixta,"Ácido Ferúlico, Peptidos, Vitamina C",132.32
4290,NightCare 179,Sensible,"Ácido Láctico, Peptidos",165.79
4291,Daily Moist 269,Madura,"Aloe Vera, Urea, Retinol",26.94
4292,Glow Serum 174,Madura,"Ácido Láctico, Retinol",129.36
4293,NutriGlow 39,Seca,"Glicerina, Extracto de Té Verde, Niacinamida, Ceramidas",56.95
4294,DermaFix 212,Todo tipo,"Extracto de Té Verde, Aceite de Jojoba",41.68
4295,Silky Touch 167,Todo tipo,"Ácido Hialurónico, Zinc",84.26
4296,SkinPure 158,Mixta,"Ácido Hialurónico, Ácido Láctico, Niacinamida, Extracto de Té Verde",9.55
4297,Radiant Day 22,Grasa,"Retinol, Ceramidas, Ácido Ferúlico",21.5
4298,NutriGlow 239,Mixta,"Manteca de Karité, Zinc, Urea",60.82
4299,SunShield 95,Normal,"Zinc, Pantenol",71.8
4300,NutriGlow 271,Grasa,"Extracto de Té Verde, Vitamina C, Ácido Ferúlico, Aloe Vera",43.04
4301,Daily Moist 125,Mixta,"Manteca de Karité, Vitamina C, Aceite de Jojoba",34.52
4302,Radiant Day 275,Mixta,"Ceramidas, Niacinamida, Peptidos",28.07
4303,SkinPure 40,Sensible,"Avena Coloidal, Peptidos, Ácido Ferúlico, Niacinamida",91.95
4304,Aqua Balm 64,Todo tipo,"Ácido Salicílico, Aloe Vera, Zinc",14.4
4305,Fresh Dew 163,Madura,"Ácido Ferúlico, Ceramidas, Glicerina, Extracto de Té Verde",125.66
4306,OilControl 25,Sensible,"Ácido Salicílico, Ácido Ferúlico",158.92
4307,Silky Touch 52,Sensible,"Aceite de Jojoba, Ceramidas, Agua Termal",118.59
4308,NightCare 124,Normal,"Urea, Ceramidas, Avena Coloidal, Pantenol",197.48
4309,AgeDefy 172,Todo tipo,"Ácido Ferúlico, Agua Termal, Niacinamida, Ácido Hialurónico",15.18
4310,RegenX 270,Madura,"Ceramidas, Niacinamida",19.69
4311,AgeDefy 149,Grasa,"Retinol, Urea, Niacinamida",11.09
4312,NutriGlow 32,Todo tipo,"Glicerina, Retinol, Pantenol",103.92
4313,RegenX 293,Todo tipo,"Pantenol, Ceramidas, Peptidos, Retinol",92.22
4314,SkinPure 194,Mixta,"Ácido Láctico, Extracto de Té Verde, Retinol, Aceite de Jojoba",175.97
4315,NutriGlow 137,Mixta,"Aceite de Jojoba, Avena Coloidal",141.79
4316,RegenX 225,Sensible,"Pantenol, Peptidos, Agua Termal, Ácido Salicílico",145.71
4317,Fresh Dew 230,Seca,"Extracto de Té Verde, Aceite de Jojoba, Manteca de Karité, Glicerina",59.64
4318,AgeDefy 77,Grasa,"Pantenol, Retinol, Vitamina C",29.58
4319,Clear Skin 111,Seca,"Ácido Hialurónico, Manteca de Karité, Agua Termal",77.39
4320,BrightFix 53,Sensible,"Aloe Vera, Ácido Ferúlico, Extracto de Té Verde",30.49
4321,Fresh Dew 108,Normal,"Zinc, Avena Coloidal, Ácido Salicílico, Ácido Hialurónico",67.95
4322,Aqua Balm 66,Grasa,"Zinc, Ácido Láctico, Manteca de Karité, Ácido Salicílico",127.23
4323,CeraPlus 149,Madura,"Niacinamida, Peptidos, Ceramidas, Urea",136.64
4324,Radiant Day 218,Sensible,"Ácido Láctico, Agua Termal, Ácido Ferúlico",188.91
4325,NutriGlow 102,Normal,"Peptidos, Aloe Vera, Urea, Agua Termal",195.43
4326,Silky Touch 262,Todo tipo,"Niacinamida, Ácido Salicílico",112.58
4327,Daily Moist 92,Acneica,"Manteca de Karité, Aceite de Jojoba, Pantenol",191.56
4328,Aqua Balm 203,Todo tipo,"Retinol, Urea",154.7
4329,RegenX 166,Seca,"Urea, Ácido Ferúlico",50.42
4330,Clear Skin 46,Normal,"Avena Coloidal, Urea, Ácido Láctico",157.21
4331,AgeDefy 211,Acneica,"Aloe Vera, Extracto de Té Verde",98.15
4332,Clear Skin 117,Normal,"Vitamina C, Aloe Vera, Manteca de Karité, Zinc",66.26
4333,NutriGlow 135,Madura,"Zinc, Ceramidas, Aceite de Jojoba, Peptidos",69.27
4334,Radiant Day 37,Mixta,"Niacinamida, Vitamina C",186.23
4335,OilControl 277,Mixta,"Aloe Vera, Manteca de Karité, Niacinamida",119.45
4336,AgeDefy 172,Acneica,"Vitamina C, Ácido Láctico, Ácido Ferúlico, Extracto de Té Verde",53.72
4337,Hydra Boost 17,Madura,"Zinc, Peptidos",100.92
4338,NutriGlow 94,Todo tipo,"Avena Coloidal, Aloe Vera, Glicerina",139.55
4339,DermaFix 130,Madura,"Aceite de Jojoba, Vitamina C",40.4
4340,Silky Touch 30,Seca,"Retinol, Ácido Hialurónico, Ceramidas, Avena Coloidal",86.44
4341,DermaFix 223,Normal,"Niacinamida, Extracto de Té Verde, Peptidos, Pantenol",15.49
4342,BrightFix 99,Seca,"Ácido Hialurónico, Peptidos, Aloe Vera",106.67
4343,AgeDefy 40,Acneica,"Manteca de Karité, Aloe Vera",135.6
4344,SkinPure 240,Todo tipo,"Pantenol, Ácido Salicílico, Retinol",167.21
4345,Hydra Boost 21,Seca,"Ácido Ferúlico, Niacinamida, Agua Termal",166.91
4346,Aqua Balm 241,Sensible,"Peptidos, Aloe Vera, Ácido Salicílico",144.97
4347,Fresh Dew 21,Grasa,"Ácido Salicílico, Ácido Ferúlico",115.83
4348,UltraSmooth 87,Mixta,"Urea, Vitamina C",30.66
4349,CeraPlus 128,Normal,"Peptidos, Glicerina",15.72
4350,OilControl 146,Sensible,"Retinol, Ceramidas",153.41
4351,NutriGlow 14,Sensible,"Ácido Salicílico, Ácido Hialurónico, Ácido Ferúlico",136.61
4352,UltraSmooth 207,Seca,"Aloe Vera, Niacinamida, Ceramidas, Ácido Ferúlico",174.12
4353,Fresh Dew 171,Sensible,"Vitamina C, Urea, Manteca de Karité",99.9
4354,Hydra Boost 273,Todo tipo,"Manteca de Karité, Aloe Vera, Vitamina C, Pantenol",183.16
4355,Aqua Balm 56,Madura,"Ácido Salicílico, Aceite de Jojoba, Ceramidas, Avena Coloidal",135.35
4356,Clear Skin 12,Normal,"Manteca de Karité, Ácido Ferúlico, Extracto de Té Verde, Pantenol",60.22
4357,NutriGlow 16,Seca,"Zinc, Extracto de Té Verde, Ceramidas",79.28
4358,DermaFix 244,Sensible,"Ceramidas, Aloe Vera, Urea, Pantenol",9.58
4359,Fresh Dew 115,Madura,"Extracto de Té Verde, Avena Coloidal",171.18
4360,Glow Serum 126,Grasa,"Peptidos, Ceramidas",25.8
4361,Silky Touch 45,Seca,"Agua Termal, Aloe Vera, Peptidos, Urea",156.0
4362,Glow Serum 67,Seca,"Zinc, Vitamina C, Ácido Láctico, Peptidos",165.96
4363,Fresh Dew 149,Madura,"Ácido Salicílico, Niacinamida, Vitamina C",57.97
4364,Hydra Boost 27,Sensible,"Zinc, Ácido Hialurónico",56.56
4365,Radiant Day 15,Acneica,"Urea, Ácido Salicílico",181.86
4366,CeraPlus 116,Sensible,"Ácido Salicílico, Ácido Láctico, Retinol, Agua Termal",45.76
4367,SkinPure 21,Todo tipo,"Vitamina C, Agua Termal, Retinol",176.11
4368,Silky Touch 271,Sensible,"Peptidos, Glicerina, Vitamina C, Ácido Láctico",47.5
4369,OilControl 32,Normal,"Manteca de Karité, Glicerina, Ácido Ferúlico",169.36
4370,OilControl 134,Seca,"Retinol, Extracto de Té Verde",56.13
4371,CeraPlus 49,Seca,"Ceramidas, Vitamina C",72.38
4372,Silky Touch 15,Sensible,"Ácido Ferúlico, Urea, Ácido Láctico, Vitamina C",77.66
4373,NightCare 204,Sensible,"Avena Coloidal, Pantenol",41.1
4374,Silky Touch 249,Todo tipo,"Avena Coloidal, Ácido Láctico, Ácido Salicílico",18.06
4375,OilControl 24,Mixta,"Extracto de Té Verde, Retinol, Pantenol, Avena Coloidal",97.78
4376,UltraSmooth 7,Normal,"Extracto de Té Verde, Manteca de Karité",184.64
4377,UltraSmooth 158,Acneica,"Glicerina, Agua Termal, Aceite de Jojoba",122.1
4378,Fresh Dew 224,Grasa,"Manteca de Karité, Extracto de Té Verde, Ácido Salicílico",34.76
4379,Daily Moist 105,Sensible,"Peptidos, Ácido Láctico, Ácido Salicílico, Niacinamida",185.42
4380,Daily Moist 200,Seca,"Agua Termal, Glicerina, Avena Coloidal",61.16
4381,Daily Moist 45,Sensible,"Zinc, Extracto de Té Verde",22.87
4382,CeraPlus 247,Sensible,"Vitamina C, Manteca de Karité, Zinc",50.17
4383,Clear Skin 272,Acneica,"Agua Termal, Retinol, Avena Coloidal",144.15
4384,SkinPure 223,Sensible,"Glicerina, Retinol, Ácido Láctico, Urea",80.54
4385,UltraSmooth 106,Seca,"Aceite de Jojoba, Ácido Ferúlico",120.52
4386,SkinPure 293,Madura,"Niacinamida, Pantenol",74.43
4387,Hydra Boost 182,Sensible,"Retinol, Avena Coloidal",157.18
4388,SunShield 64,Madura,"Pantenol, Ácido Ferúlico, Avena Coloidal, Ácido Hialurónico",73.26
4389,BrightFix 118,Seca,"Manteca de Karité, Glicerina, Peptidos, Ceramidas",42.52
4390,Hydra Boost 52,Seca,"Glicerina, Aloe Vera, Aceite de Jojoba",39.77
4391,NightCare 284,Sensible,"Ácido Hialurónico, Ácido Ferúlico",109.93
4392,CeraPlus 257,Acneica,"Urea, Aceite de Jojoba, Niacinamida, Ácido Hialurónico",179.0
4393,DermaFix 205,Acneica,"Extracto de Té Verde, Niacinamida, Ácido Ferúlico, Aceite de Jojoba",68.95
4394,Aqua Balm 275,Seca,"Manteca de Karité, Extracto de Té Verde, Aceite de Jojoba",32.3
4395,Aqua Balm 226,Mixta,"Manteca de Karité, Zinc, Urea, Agua Termal",185.57
4396,Daily Moist 120,Mixta,"Retinol, Avena Coloidal, Ceramidas, Niacinamida",23.47
4397,NutriGlow 248,Todo tipo,"Aceite de Jojoba, Ácido Ferúlico",137.05
4398,Daily Moist 15,Acneica,"Aloe Vera, Extracto de Té Verde, Aceite de Jojoba",147.87
4399,NightCare 51,Sensible,"Ácido Hialurónico, Extracto de Té Verde, Aceite de Jojoba",197.43
4400,DermaFix 146,Todo tipo,"Aceite de Jojoba, Pantenol, Manteca de Karité",115.69
4401,Hydra Boost 51,Seca,"Ácido Láctico, Aloe Vera, Glicerina, Ceramidas",148.04
4402,UltraSmooth 169,Madura,"Avena Coloidal, Aceite de Jojoba, Retinol",120.29
4403,Clear Skin 30,Madura,"Aloe Vera, Urea, Ácido Láctico, Ácido Salicílico",40.13
4404,Fresh Dew 73,Seca,"Urea, Ácido Hialurónico, Peptidos, Extracto de Té Verde",144.22
4405,DermaFix 107,Normal,"Niacinamida, Retinol, Aceite de Jojoba, Urea",141.21
4406,Daily Moist 170,Madura,"Agua Termal, Pantenol, Ácido Salicílico",52.11
4407,Fresh Dew 209,Acneica,"Extracto de Té Verde, Ácido Ferúlico, Aloe Vera",190.26
4408,DermaFix 294,Madura,"Agua Termal, Aloe Vera",166.76
4409,NightCare 294,Sensible,"Aceite de Jojoba, Ácido Ferúlico",106.81
4410,AgeDefy 124,Sensible,"Aceite de Jojoba, Avena Coloidal, Ácido Láctico, Pantenol",158.78
4411,UltraSmooth 86,Todo tipo,"Retinol, Pantenol",61.13
4412,NightCare 11,Grasa,"Aceite de Jojoba, Avena Coloidal, Vitamina C",52.8
4413,BrightFix 260,Acneica,"Agua Termal, Ácido Ferúlico, Zinc, Glicerina",181.75
4414,Aqua Balm 20,Acneica,"Ácido Ferúlico, Agua Termal, Zinc",175.26
4415,NightCare 47,Mixta,"Peptidos, Ácido Ferúlico, Retinol, Pantenol",58.46
4416,Aqua Balm 103,Acneica,"Avena Coloidal, Peptidos",50.86
4417,CeraPlus 172,Mixta,"Ácido Ferúlico, Urea, Ácido Salicílico",136.65
4418,Fresh Dew 45,Grasa,"Glicerina, Niacinamida, Peptidos",71.74
4419,AgeDefy 1,Todo tipo,"Ácido Láctico, Niacinamida",193.94
4420,OilControl 248,Todo tipo,"Extracto de Té Verde, Ácido Hialurónico, Retinol",170.16
4421,SunShield 114,Sensible,"Aceite de Jojoba, Agua Termal",171.79
4422,Hydra Boost 148,Madura,"Peptidos, Ácido Ferúlico, Pantenol",74.17
4423,Fresh Dew 299,Grasa,"Glicerina, Extracto de Té Verde, Agua Termal",40.41
4424,AgeDefy 68,Mixta,"Peptidos, Vitamina C",18.02
4425,BrightFix 224,Mixta,"Aloe Vera, Vitamina C, Ácido Láctico",75.04
4426,Glow Serum 264,Acneica,"Aceite de Jojoba, Glicerina, Extracto de Té Verde, Manteca de Karité",37.8
4427,CeraPlus 177,Grasa,"Ácido Salicílico, Glicerina, Zinc, Agua Termal",166.89
4428,Aqua Balm 189,Acneica,"Glicerina, Urea, Pantenol",44.49
4429,Aqua Balm 29,Grasa,"Zinc, Retinol, Aceite de Jojoba, Extracto de Té Verde",134.16
4430,NutriGlow 80,Sensible,"Urea, Aloe Vera, Avena Coloidal",47.71
4431,NutriGlow 30,Grasa,"Manteca de Karité, Urea, Pantenol",29.76
4432,OilControl 167,Normal,"Avena Coloidal, Glicerina, Ácido Láctico, Aceite de Jojoba",56.43
4433,NightCare 82,Normal,"Avena Coloidal, Glicerina, Ácido Salicílico",62.44
4434,NutriGlow 54,Madura,"Retinol, Urea, Agua Termal",30.95
4435,SunShield 239,Normal,"Ácido Láctico, Avena Coloidal, Ácido Ferúlico",31.8
4436,Glow Serum 153,Todo tipo,"Zinc, Aloe Vera, Pantenol, Glicerina",121.78
4437,BrightFix 180,Sensible,"Agua Termal, Ácido Hialurónico",142.18
4438,Aqua Balm 175,Sensible,"Aloe Vera, Aceite de Jojoba, Agua Termal",154.19
4439,Clear Skin 28,Normal,"Urea, Ácido Ferúlico, Glicerina",179.29
4440,OilControl 68,Todo tipo,"Ácido Hialurónico, Aloe Vera, Niacinamida, Agua Termal",179.06
4441,NightCare 298,Sensible,"Aloe Vera, Agua Termal, Peptidos, Extracto de Té Verde",44.72
4442,DermaFix 65,Grasa,"Ceramidas, Vitamina C, Aloe Vera",102.88
4443,AcneFree 58,Todo tipo,"Glicerina, Aceite de Jojoba, Manteca de Karité",161.12
4444,NutriGlow 242,Madura,"Ácido Salicílico, Zinc, Vitamina C",152.65
4445,DermaFix 56,Grasa,"Ceramidas, Extracto de Té Verde",185.56
4446,SunShield 83,Grasa,"Agua Termal, Vitamina C, Peptidos, Ácido Salicílico",173.8
4447,Aqua Balm 168,Mixta,"Manteca de Karité, Zinc",151.58
4448,SunShield 294,Todo tipo,"Manteca de Karité, Glicerina, Aceite de Jojoba",166.45
4449,Hydra Boost 47,Mixta,"Peptidos, Niacinamida",67.02
4450,NutriGlow 254,Grasa,"Zinc, Retinol",91.41
4451,CeraPlus 261,Seca,"Ácido Láctico, Extracto de Té Verde, Retinol, Aceite de Jojoba",113.13
4452,SunShield 292,Grasa,"Aloe Vera, Agua Termal",78.53
4453,Radiant Day 145,Sensible,"Agua Termal, Urea, Aloe Vera",52.63
4454,Radiant Day 78,Seca,"Glicerina, Urea",69.41
4455,AgeDefy 157,Todo tipo,"Ácido Salicílico, Pantenol, Urea",146.64
4456,Radiant Day 23,Todo tipo,"Retinol, Avena Coloidal",91.47
4457,BrightFix 170,Grasa,"Ceramidas, Retinol, Ácido Salicílico, Glicerina",105.47
4458,CeraPlus 285,Madura,"Ceramidas, Ácido Hialurónico",106.32
4459,Silky Touch 55,Madura,"Aceite de Jojoba, Peptidos",188.53
4460,Daily Moist 107,Normal,"Vitamina C, Ceramidas, Ácido Salicílico, Ácido Láctico",182.78
4461,Silky Touch 5,Todo tipo,"Ácido Salicílico, Niacinamida, Manteca de Karité, Ácido Láctico",117.81
4462,OilControl 142,Sensible,"Avena Coloidal, Aceite de Jojoba, Ácido Hialurónico, Niacinamida",61.95
4463,Aqua Balm 183,Madura,"Glicerina, Ácido Salicílico, Vitamina C",175.94
4464,Fresh Dew 152,Normal,"Aloe Vera, Agua Termal, Pantenol, Ácido Hialurónico",82.9
4465,Radiant Day 62,Madura,"Peptidos, Pantenol",93.99
4466,OilControl 151,Sensible,"Aceite de Jojoba, Retinol, Avena Coloidal, Urea",53.75
4467,UltraSmooth 216,Normal,"Aloe Vera, Pantenol, Extracto de Té Verde, Zinc",109.7
4468,AgeDefy 116,Todo tipo,"Zinc, Vitamina C, Ácido Hialurónico",97.12
4469,Silky Touch 59,Madura,"Aceite de Jojoba, Extracto de Té Verde, Ceramidas",194.52
4470,SkinPure 101,Seca,"Agua Termal, Aceite de Jojoba, Aloe Vera",10.17
4471,Daily Moist 104,Seca,"Glicerina, Ácido Ferúlico, Niacinamida, Zinc",60.99
4472,Radiant Day 57,Acneica,"Ácido Salicílico, Ácido Hialurónico",82.04
4473,NightCare 277,Sensible,"Avena Coloidal, Retinol",5.58
4474,NutriGlow 85,Seca,"Avena Coloidal, Manteca de Karité, Ceramidas, Agua Termal",173.41
4475,BrightFix 221,Sensible,"Aceite de Jojoba, Ácido Salicílico, Pantenol, Ácido Láctico",103.42
4476,Radiant Day 74,Sensible,"Manteca de Karité, Ácido Láctico",186.48
4477,Aqua Balm 77,Sensible,"Urea, Ácido Láctico, Pantenol",127.09
4478,SkinPure 178,Seca,"Glicerina, Agua Termal, Zinc",107.29
4479,Glow Serum 187,Grasa,"Ácido Láctico, Avena Coloidal, Ácido Ferúlico, Ceramidas",22.08
4480,Daily Moist 98,Sensible,"Manteca de Karité, Aceite de Jojoba, Ceramidas",104.33
4481,NutriGlow 213,Normal,"Zinc, Retinol",188.23
4482,CeraPlus 9,Sensible,"Pantenol, Ácido Ferúlico, Ceramidas",52.58
4483,CeraPlus 256,Mixta,"Ácido Salicílico, Glicerina, Ácido Hialurónico",147.18
4484,Radiant Day 140,Madura,"Glicerina, Avena Coloidal, Ácido Láctico",188.57
4485,OilControl 217,Seca,"Vitamina C, Aceite de Jojoba, Urea",136.08
4486,SunShield 11,Madura,"Zinc, Niacinamida",20.64
4487,BrightFix 216,Madura,"Ácido Salicílico, Pantenol, Aloe Vera, Glicerina",8.7
4488,Hydra Boost 223,Normal,"Glicerina, Agua Termal",154.26
4489,Fresh Dew 105,Mixta,"Peptidos, Ácido Hialurónico, Pantenol, Urea",55.48
4490,Radiant Day 140,Madura,"Urea, Zinc, Ácido Ferúlico",19.99
4491,Daily Moist 280,Grasa,"Pantenol, Ácido Hialurónico, Glicerina",143.0
4492,Silky Touch 1,Acneica,"Extracto de Té Verde, Agua Termal, Ácido Hialurónico",121.92
4493,RegenX 300,Todo tipo,"Aloe Vera, Ácido Salicílico",140.82
4494,Aqua Balm 158,Todo tipo,"Retinol, Pantenol",22.36
4495,RegenX 106,Normal,"Manteca de Karité, Aceite de Jojoba",171.61
4496,CeraPlus 93,Mixta,"Pantenol, Ácido Salicílico, Ácido Láctico, Manteca de Karité",128.51
4497,BrightFix 227,Mixta,"Niacinamida, Vitamina C",149.15
4498,Fresh Dew 59,Madura,"Aloe Vera, Pantenol",58.49
4499,Silky Touch 197,Acneica,"Ácido Salicílico, Aloe Vera",55.16
4500,CeraPlus 249,Madura,"Peptidos, Aloe Vera",82.34
4501,NightCare 296,Sensible,"Agua Termal, Aloe Vera, Ceramidas, Ácido Hialurónico",80.12
4502,NightCare 38,Normal,"Glicerina, Avena Coloidal, Ácido Salicílico",176.83
4503,Daily Moist 147,Sensible,"Ácido Hialurónico, Pantenol, Ácido Ferúlico",128.7
4504,NightCare 59,Acneica,"Vitamina C, Pantenol, Ácido Hialurónico, Avena Coloidal",43.7
4505,CeraPlus 199,Todo tipo,"Agua Termal, Ácido Láctico",59.16
4506,AcneFree 74,Todo tipo,"Peptidos, Agua Termal, Ácido Láctico",56.32
4507,Fresh Dew 161,Acneica,"Ácido Ferúlico, Agua Termal",74.47
4508,Silky Touch 85,Grasa,"Peptidos, Agua Termal, Aloe Vera",49.48
4509,Aqua Balm 198,Todo tipo,"Manteca de Karité, Agua Termal, Retinol, Glicerina",77.64
4510,Glow Serum 247,Seca,"Retinol, Ácido Hialurónico, Glicerina, Extracto de Té Verde",25.29
4511,SunShield 206,Grasa,"Vitamina C, Retinol, Ácido Láctico",40.39
4512,Hydra Boost 161,Seca,"Aceite de Jojoba, Peptidos",177.46
4513,NutriGlow 198,Mixta,"Urea, Ácido Salicílico",186.78
4514,RegenX 86,Seca,"Zinc, Retinol, Pantenol, Avena Coloidal",101.76
4515,AgeDefy 287,Seca,"Peptidos, Retinol, Agua Termal, Niacinamida",192.02
4516,Clear Skin 102,Seca,"Manteca de Karité, Zinc",22.32
4517,AgeDefy 174,Sensible,"Glicerina, Ácido Salicílico, Aceite de Jojoba, Vitamina C",150.17
4518,Fresh Dew 265,Grasa,"Ácido Hialurónico, Aloe Vera, Manteca de Karité, Vitamina C",141.81
4519,CeraPlus 148,Seca,"Vitamina C, Ácido Hialurónico",133.46
4520,UltraSmooth 295,Mixta,"Urea, Avena Coloidal, Retinol",12.02
4521,SkinPure 78,Seca,"Glicerina, Manteca de Karité, Ácido Ferúlico",80.01
4522,SkinPure 205,Acneica,"Glicerina, Vitamina C, Ácido Láctico, Ácido Hialurónico",176.82
4523,BrightFix 107,Normal,"Ácido Ferúlico, Retinol, Glicerina",81.77
4524,Daily Moist 252,Mixta,"Ácido Hialurónico, Peptidos",159.48
4525,Silky Touch 221,Mixta,"Ácido Salicílico, Aloe Vera",166.68
4526,Daily Moist 150,Mixta,"Ácido Hialurónico, Manteca de Karité, Niacinamida, Avena Coloidal",5.69
4527,Glow Serum 120,Todo tipo,"Manteca de Karité, Niacinamida, Ácido Láctico, Vitamina C",112.47
4528,Aqua Balm 33,Grasa,"Niacinamida, Retinol",180.95
4529,CeraPlus 242,Acneica,"Agua Termal, Ácido Láctico, Ceramidas",61.17
4530,CeraPlus 149,Madura,"Zinc, Retinol, Ácido Ferúlico",57.78
4531,BrightFix 40,Mixta,"Glicerina, Zinc",124.68
4532,Silky Touch 49,Madura,"Ceramidas, Zinc, Agua Termal",164.89
4533,NightCare 123,Madura,"Pantenol, Aceite de Jojoba, Manteca de Karité",97.91
4534,NightCare 41,Acneica,"Manteca de Karité, Aloe Vera, Glicerina",51.84
4535,Hydra Boost 251,Normal,"Pantenol, Aloe Vera",26.46
4536,NightCare 43,Sensible,"Niacinamida, Glicerina, Retinol",43.99
4537,Silky Touch 39,Sensible,"Pantenol, Ácido Salicílico",15.39
4538,AcneFree 140,Normal,"Ácido Láctico, Zinc, Ceramidas, Ácido Salicílico",183.75
4539,SkinPure 214,Madura,"Ácido Hialurónico, Vitamina C, Zinc, Peptidos",37.56
4540,OilControl 127,Acneica,"Glicerina, Ácido Ferúlico",69.03
4541,NutriGlow 286,Mixta,"Agua Termal, Niacinamida, Pantenol, Zinc",15.8
4542,Silky Touch 127,Madura,"Agua Termal, Vitamina C, Retinol, Ácido Hialurónico",39.91
4543,NightCare 178,Grasa,"Ácido Láctico, Extracto de Té Verde, Peptidos",35.85
4544,SkinPure 79,Grasa,"Niacinamida, Aceite de Jojoba, Aloe Vera",69.11
4545,NightCare 83,Normal,"Aceite de Jojoba, Extracto de Té Verde, Aloe Vera, Ácido Salicílico",128.74
4546,Silky Touch 81,Sensible,"Aceite de Jojoba, Ácido Hialurónico, Aloe Vera, Agua Termal",38.82
4547,SunShield 272,Grasa,"Urea, Extracto de Té Verde",50.95
4548,Radiant Day 260,Mixta,"Peptidos, Glicerina, Niacinamida, Aloe Vera",90.55
4549,NightCare 100,Mixta,"Ácido Ferúlico, Aloe Vera, Pantenol, Niacinamida",152.76
4550,DermaFix 141,Grasa,"Manteca de Karité, Glicerina",77.01
4551,RegenX 26,Madura,"Glicerina, Ácido Salicílico, Ácido Ferúlico, Vitamina C",50.13
4552,Silky Touch 99,Seca,"Ceramidas, Niacinamida",150.46
4553,AgeDefy 36,Sensible,"Aceite de Jojoba, Ácido Hialurónico",196.76
4554,Fresh Dew 193,Seca,"Niacinamida, Extracto de Té Verde, Urea",145.09
4555,SkinPure 104,Madura,"Ceramidas, Ácido Ferúlico, Zinc",22.87
4556,Fresh Dew 200,Seca,"Pantenol, Vitamina C, Niacinamida",90.21
4557,Silky Touch 211,Todo tipo,"Agua Termal, Pantenol",198.12
4558,UltraSmooth 18,Acneica,"Aceite de Jojoba, Agua Termal, Aloe Vera, Avena Coloidal",31.02
4559,SunShield 283,Sensible,"Retinol, Aceite de Jojoba",94.63
4560,CeraPlus 94,Acneica,"Peptidos, Avena Coloidal, Aloe Vera, Ácido Ferúlico",125.03
4561,OilControl 64,Madura,"Ácido Ferúlico, Ceramidas",47.91
4562,DermaFix 99,Mixta,"Vitamina C, Ácido Hialurónico, Ceramidas, Extracto de Té Verde",158.14
4563,Aqua Balm 86,Grasa,"Avena Coloidal, Ácido Láctico, Glicerina",129.46
4564,RegenX 233,Todo tipo,"Ácido Ferúlico, Manteca de Karité",26.74
4565,Fresh Dew 106,Grasa,"Aloe Vera, Peptidos, Aceite de Jojoba",66.43
4566,DermaFix 264,Mixta,"Manteca de Karité, Vitamina C, Ácido Salicílico, Agua Termal",162.36
4567,BrightFix 297,Acneica,"Niacinamida, Manteca de Karité, Agua Termal, Ácido Ferúlico",85.32
4568,UltraSmooth 286,Acneica,"Ácido Ferúlico, Niacinamida, Glicerina",164.74
4569,Clear Skin 51,Madura,"Ácido Salicílico, Manteca de Karité, Peptidos",175.94
4570,Daily Moist 76,Acneica,"Ácido Salicílico, Manteca de Karité",54.73
4571,Clear Skin 178,Normal,"Ácido Ferúlico, Manteca de Karité",178.82
4572,SkinPure 96,Grasa,"Pantenol, Ceramidas, Glicerina, Ácido Ferúlico",154.1
4573,AgeDefy 31,Normal,"Retinol, Ácido Hialurónico, Ceramidas",181.12
4574,AcneFree 170,Seca,"Pantenol, Urea, Agua Termal, Niacinamida",13.17
4575,Fresh Dew 208,Mixta,"Vitamina C, Peptidos",175.0
4576,Aqua Balm 250,Todo tipo,"Urea, Avena Coloidal, Retinol",64.38
4577,NutriGlow 67,Grasa,"Aceite de Jojoba, Avena Coloidal",19.45
4578,AcneFree 254,Normal,"Pantenol, Manteca de Karité",45.63
4579,Glow Serum 142,Seca,"Niacinamida, Zinc",164.4
4580,Glow Serum 55,Acneica,"Retinol, Niacinamida, Vitamina C, Ácido Salicílico",90.19
4581,SkinPure 208,Normal,"Ácido Láctico, Vitamina C",22.35
4582,CeraPlus 70,Seca,"Ácido Láctico, Ácido Hialurónico",22.27
4583,NutriGlow 119,Seca,"Aceite de Jojoba, Pantenol",152.69
4584,Clear Skin 151,Normal,"Ácido Ferúlico, Aceite de Jojoba, Agua Termal, Niacinamida",122.77
4585,Clear Skin 54,Mixta,"Ácido Ferúlico, Pantenol, Niacinamida",90.14
4586,Hydra Boost 200,Madura,"Aceite de Jojoba, Ácido Salicílico",52.59
4587,BrightFix 264,Madura,"Avena Coloidal, Manteca de Karité, Glicerina",58.4
4588,NutriGlow 179,Mixta,"Niacinamida, Ácido Ferúlico, Extracto de Té Verde, Ácido Hialurónico",126.19
4589,AcneFree 250,Mixta,"Urea, Agua Termal, Vitamina C, Ácido Salicílico",20.8
4590,AgeDefy 90,Mixta,"Zinc, Urea, Extracto de Té Verde",61.42
4591,UltraSmooth 12,Normal,"Pantenol, Glicerina",83.75
4592,Daily Moist 63,Acneica,"Vitamina C, Aceite de Jojoba",116.7
4593,SunShield 134,Mixta,"Ácido Salicílico, Ácido Ferúlico",190.37
4594,NightCare 210,Todo tipo,"Vitamina C, Ceramidas, Ácido Salicílico",192.24
4595,NightCare 56,Seca,"Ácido Hialurónico, Agua Termal, Niacinamida, Ácido Láctico",198.31
4596,Radiant Day 96,Madura,"Ácido Hialurónico, Glicerina",81.06
4597,BrightFix 238,Todo tipo,"Ácido Ferúlico, Ácido Salicílico, Zinc, Ácido Hialurónico",32.03
4598,Daily Moist 285,Todo tipo,"Ácido Hialurónico, Ácido Láctico, Extracto de Té Verde",180.12
4599,Clear Skin 83,Normal,"Glicerina, Urea, Avena Coloidal",111.44
4600,SunShield 73,Mixta,"Vitamina C, Retinol, Peptidos, Urea",141.26
4601,Radiant Day 139,Madura,"Agua Termal, Avena Coloidal, Aloe Vera, Zinc",63.28
4602,BrightFix 163,Mixta,"Ácido Láctico, Niacinamida",95.84
4603,UltraSmooth 243,Sensible,"Urea, Aloe Vera, Agua Termal",113.48
4604,Clear Skin 124,Seca,"Ácido Hialurónico, Peptidos",159.47
4605,UltraSmooth 283,Todo tipo,"Manteca de Karité, Agua Termal",70.65
4606,Glow Serum 16,Todo tipo,"Ácido Ferúlico, Zinc",5.43
4607,NightCare 260,Normal,"Vitamina C, Retinol, Agua Termal, Manteca de Karité",177.01
4608,OilControl 293,Grasa,"Extracto de Té Verde, Ácido Láctico, Aloe Vera, Agua Termal",169.22
4609,BrightFix 200,Sensible,"Peptidos, Extracto de Té Verde, Vitamina C",81.86
4610,Clear Skin 34,Seca,"Peptidos, Extracto de Té Verde",140.0
4611,OilControl 74,Todo tipo,"Vitamina C, Glicerina",172.55
4612,Silky Touch 149,Sensible,"Urea, Pantenol, Zinc",126.82
4613,SunShield 137,Acneica,"Zinc, Ácido Láctico, Pantenol",22.41
4614,Radiant Day 146,Mixta,"Pantenol, Ácido Láctico",131.76
4615,RegenX 230,Seca,"Ácido Láctico, Avena Coloidal",116.96
4616,AcneFree 161,Normal,"Ácido Ferúlico, Ácido Salicílico",174.25
4617,Glow Serum 30,Mixta,"Urea, Aceite de Jojoba, Ácido Ferúlico",77.62
4618,NightCare 185,Mixta,"Ceramidas, Zinc",58.1
4619,Silky Touch 240,Seca,"Manteca de Karité, Aloe Vera, Pantenol",96.4
4620,Silky Touch 233,Todo tipo,"Ácido Salicílico, Urea, Avena Coloidal, Aloe Vera",63.33
4621,NutriGlow 117,Mixta,"Avena Coloidal, Ácido Salicílico, Niacinamida, Pantenol",45.24
4622,Clear Skin 78,Normal,"Glicerina, Aceite de Jojoba",189.01
4623,RegenX 92,Madura,"Manteca de Karité, Ácido Ferúlico, Ácido Salicílico",10.68
4624,Daily Moist 138,Sensible,"Glicerina, Aceite de Jojoba",51.06
4625,NightCare 188,Todo tipo,"Ácido Salicílico, Vitamina C, Agua Termal",24.55
4626,Glow Serum 204,Todo tipo,"Zinc, Aloe Vera, Avena Coloidal",150.18
4627,SunShield 137,Acneica,"Avena Coloidal, Urea, Vitamina C",19.67
4628,NightCare 227,Madura,"Niacinamida, Ácido Salicílico, Extracto de Té Verde, Ácido Hialurónico",98.09
4629,NightCare 67,Todo tipo,"Retinol, Avena Coloidal",167.78
4630,Clear Skin 196,Acneica,"Vitamina C, Agua Termal, Peptidos, Niacinamida",87.03
4631,DermaFix 87,Todo tipo,"Urea, Glicerina",31.0
4632,NightCare 113,Acneica,"Ácido Ferúlico, Aloe Vera, Extracto de Té Verde, Peptidos",42.53
4633,UltraSmooth 259,Normal,"Ácido Ferúlico, Manteca de Karité, Vitamina C",6.4
4634,AcneFree 20,Normal,"Ceramidas, Agua Termal, Zinc",116.53
4635,Aqua Balm 128,Normal,"Aloe Vera, Ácido Hialurónico",87.57
4636,Daily Moist 156,Sensible,"Extracto de Té Verde, Zinc, Agua Termal",79.06
4637,Glow Serum 136,Seca,"Agua Termal, Niacinamida, Peptidos, Ácido Ferúlico",29.6
4638,Aqua Balm 120,Sensible,"Glicerina, Niacinamida, Ácido Láctico, Ácido Salicílico",148.09
4639,Silky Touch 60,Todo tipo,"Ácido Salicílico, Glicerina, Ácido Hialurónico",77.69
4640,BrightFix 43,Mixta,"Glicerina, Zinc, Vitamina C, Ácido Hialurónico",112.1
4641,Daily Moist 70,Mixta,"Agua Termal, Glicerina",60.25
4642,AgeDefy 229,Acneica,"Vitamina C, Aceite de Jojoba, Ácido Láctico",7.13
4643,BrightFix 202,Normal,"Retinol, Aceite de Jojoba, Pantenol",17.23
4644,UltraSmooth 151,Mixta,"Ácido Salicílico, Aceite de Jojoba, Ácido Hialurónico, Ácido Láctico",176.27
4645,SunShield 131,Seca,"Niacinamida, Avena Coloidal",79.56
4646,BrightFix 299,Seca,"Peptidos, Ceramidas, Zinc",93.43
4647,Aqua Balm 210,Grasa,"Agua Termal, Peptidos, Manteca de Karité",17.52
4648,NutriGlow 192,Grasa,"Peptidos, Ácido Ferúlico",25.29
4649,AgeDefy 203,Grasa,"Peptidos, Agua Termal, Niacinamida, Zinc",73.15
4650,NightCare 277,Sensible,"Aceite de Jojoba, Ácido Ferúlico, Pantenol, Vitamina C",79.41
4651,SunShield 223,Madura,"Peptidos, Extracto de Té Verde, Aloe Vera",113.1
4652,Hydra Boost 230,Sensible,"Pantenol, Extracto de Té Verde, Ceramidas",127.25
4653,RegenX 38,Madura,"Ceramidas, Niacinamida, Extracto de Té Verde, Retinol",181.55
4654,Silky Touch 159,Normal,"Zinc, Vitamina C, Agua Termal",25.51
4655,Aqua Balm 284,Seca,"Manteca de Karité, Agua Termal",34.48
4656,Clear Skin 151,Madura,"Manteca de Karité, Ácido Láctico, Retinol",189.08
4657,Fresh Dew 117,Sensible,"Urea, Pantenol",178.62
4658,Fresh Dew 110,Grasa,"Agua Termal, Ácido Láctico, Peptidos, Ceramidas",115.92
4659,Daily Moist 283,Grasa,"Agua Termal, Vitamina C, Zinc",182.26
4660,UltraSmooth 212,Grasa,"Aloe Vera, Retinol",70.16
4661,Glow Serum 181,Grasa,"Glicerina, Pantenol",10.18
4662,AcneFree 298,Mixta,"Aloe Vera, Aceite de Jojoba",132.21
4663,CeraPlus 2,Normal,"Aceite de Jojoba, Ácido Ferúlico, Ácido Hialurónico",72.33
4664,Fresh Dew 147,Seca,"Urea, Ácido Láctico, Aceite de Jojoba",105.5
4665,Daily Moist 155,Todo tipo,"Manteca de Karité, Vitamina C, Ácido Hialurónico, Extracto de Té Verde",167.2
4666,AcneFree 241,Acneica,"Peptidos, Aloe Vera",108.2
4667,OilControl 105,Madura,"Ácido Ferúlico, Ácido Hialurónico",194.13
4668,Silky Touch 38,Acneica,"Avena Coloidal, Aloe Vera",35.73
4669,DermaFix 257,Acneica,"Extracto de Té Verde, Glicerina, Retinol, Aloe Vera",143.53
4670,Glow Serum 103,Mixta,"Pantenol, Ceramidas, Aloe Vera",28.68
4671,Aqua Balm 29,Grasa,"Niacinamida, Manteca de Karité",12.45
4672,OilControl 280,Todo tipo,"Avena Coloidal, Aloe Vera, Ácido Láctico, Manteca de Karité",171.48
4673,Glow Serum 189,Mixta,"Zinc, Avena Coloidal",193.54
4674,DermaFix 202,Sensible,"Ácido Láctico, Manteca de Karité, Extracto de Té Verde, Zinc",34.48
4675,RegenX 188,Acneica,"Ácido Salicílico, Avena Coloidal, Niacinamida, Ceramidas",122.4
4676,SunShield 257,Acneica,"Extracto de Té Verde, Urea",50.02
4677,DermaFix 164,Normal,"Ácido Salicílico, Pantenol, Agua Termal, Extracto de Té Verde",197.45
4678,CeraPlus 263,Mixta,"Ceramidas, Manteca de Karité, Aceite de Jojoba, Urea",53.67
4679,Aqua Balm 210,Todo tipo,"Urea, Ceramidas, Vitamina C, Extracto de Té Verde",127.89
4680,NightCare 254,Madura,"Ácido Hialurónico, Vitamina C, Manteca de Karité, Glicerina",168.11
4681,SkinPure 125,Sensible,"Extracto de Té Verde, Ceramidas, Aceite de Jojoba",144.93
4682,NightCare 45,Normal,"Aceite de Jojoba, Niacinamida, Ceramidas, Extracto de Té Verde",151.12
4683,AgeDefy 218,Normal,"Aceite de Jojoba, Pantenol, Ácido Salicílico",153.49
4684,RegenX 245,Todo tipo,"Ceramidas, Agua Termal, Avena Coloidal, Ácido Ferúlico",41.38
4685,Aqua Balm 219,Seca,"Urea, Extracto de Té Verde, Niacinamida",198.17
4686,NutriGlow 221,Grasa,"Ácido Láctico, Zinc",72.37
4687,AcneFree 33,Todo tipo,"Urea, Peptidos",52.32
4688,BrightFix 242,Seca,"Niacinamida, Peptidos",138.91
4689,Hydra Boost 15,Seca,"Extracto de Té Verde, Ceramidas, Glicerina",73.93
4690,CeraPlus 36,Mixta,"Ácido Hialurónico, Niacinamida, Zinc, Ácido Láctico",36.16
4691,SunShield 272,Mixta,"Ácido Láctico, Ácido Ferúlico, Ácido Hialurónico",48.51
4692,AcneFree 198,Sensible,"Niacinamida, Urea, Aloe Vera",94.6
4693,BrightFix 225,Normal,"Aceite de Jojoba, Extracto de Té Verde, Urea",156.84
4694,RegenX 289,Seca,"Ácido Hialurónico, Niacinamida",27.66
4695,Clear Skin 239,Madura,"Ácido Hialurónico, Urea",135.13
4696,CeraPlus 240,Sensible,"Niacinamida, Ácido Láctico",55.56
4697,Clear Skin 74,Todo tipo,"Pantenol, Retinol",136.1
4698,NightCare 153,Seca,"Ceramidas, Ácido Ferúlico",17.82
4699,OilControl 173,Mixta,"Agua Termal, Glicerina, Urea",39.47
4700,Daily Moist 162,Todo tipo,"Niacinamida, Ceramidas, Agua Termal",9.05
4701,CeraPlus 176,Grasa,"Aloe Vera, Peptidos, Manteca de Karité",25.47
4702,UltraSmooth 288,Sensible,"Ceramidas, Avena Coloidal, Ácido Ferúlico",119.81
4703,BrightFix 37,Mixta,"Ácido Ferúlico, Ácido Láctico, Avena Coloidal, Extracto de Té Verde",180.66
4704,Daily Moist 194,Grasa,"Pantenol, Aloe Vera",175.36
4705,NightCare 174,Grasa,"Zinc, Glicerina",153.25
4706,BrightFix 279,Madura,"Glicerina, Urea, Aceite de Jojoba, Vitamina C",7.87
4707,NightCare 105,Mixta,"Glicerina, Peptidos, Urea",61.21
4708,RegenX 25,Madura,"Pantenol, Urea",45.39
4709,UltraSmooth 292,Todo tipo,"Vitamina C, Peptidos, Avena Coloidal",146.74
4710,Silky Touch 297,Todo tipo,"Manteca de Karité, Avena Coloidal",20.12
4711,Fresh Dew 14,Mixta,"Aloe Vera, Peptidos, Glicerina",103.37
4712,Radiant Day 208,Mixta,"Ácido Hialurónico, Extracto de Té Verde",33.16
4713,AcneFree 273,Acneica,"Extracto de Té Verde, Peptidos, Aceite de Jojoba, Manteca de Karité",90.54
4714,DermaFix 237,Mixta,"Pantenol, Urea, Niacinamida, Zinc",182.58
4715,Daily Moist 102,Madura,"Ceramidas, Aloe Vera, Peptidos, Niacinamida",105.17
4716,Glow Serum 39,Mixta,"Agua Termal, Zinc, Pantenol, Ácido Salicílico",68.98
4717,Fresh Dew 26,Normal,"Peptidos, Agua Termal",19.31
4718,SkinPure 207,Acneica,"Ceramidas, Aloe Vera",153.02
4719,UltraSmooth 176,Sensible,"Ácido Salicílico, Ácido Láctico, Urea, Retinol",196.0
4720,Hydra Boost 140,Grasa,"Ácido Salicílico, Aceite de Jojoba, Agua Termal, Zinc",92.01
4721,Glow Serum 89,Madura,"Manteca de Karité, Vitamina C",15.09
4722,DermaFix 54,Seca,"Avena Coloidal, Aceite de Jojoba",31.35
4723,AcneFree 16,Mixta,"Ácido Salicílico, Niacinamida",88.58
4724,Aqua Balm 292,Mixta,"Aceite de Jojoba, Vitamina C, Ácido Ferúlico, Aloe Vera",136.7
4725,AgeDefy 110,Sensible,"Ceramidas, Ácido Láctico, Retinol",75.7
4726,Clear Skin 194,Normal,"Ácido Láctico, Aloe Vera",135.99
4727,BrightFix 62,Seca,"Ácido Ferúlico, Manteca de Karité",179.93
4728,Aqua Balm 270,Seca,"Aloe Vera, Extracto de Té Verde",93.99
4729,Hydra Boost 241,Todo tipo,"Ácido Hialurónico, Manteca de Karité, Ácido Ferúlico",6.94
4730,Fresh Dew 242,Sensible,"Niacinamida, Ácido Salicílico, Retinol",37.56
4731,AgeDefy 234,Todo tipo,"Niacinamida, Agua Termal, Urea, Extracto de Té Verde",141.43
4732,Daily Moist 214,Seca,"Peptidos, Agua Termal",143.56
4733,Hydra Boost 39,Grasa,"Retinol, Ácido Ferúlico, Extracto de Té Verde, Pantenol",33.52
4734,Daily Moist 11,Seca,"Retinol, Avena Coloidal, Manteca de Karité",169.42
4735,UltraSmooth 35,Madura,"Ácido Ferúlico, Manteca de Karité",148.87
4736,Daily Moist 94,Madura,"Zinc, Manteca de Karité, Pantenol, Peptidos",137.61
4737,Daily Moist 28,Grasa,"Extracto de Té Verde, Agua Termal, Manteca de Karité, Glicerina",73.48
4738,BrightFix 63,Normal,"Ácido Hialurónico, Urea, Aloe Vera, Pantenol",73.06
4739,SunShield 56,Mixta,"Aloe Vera, Ceramidas",162.94
4740,AcneFree 262,Normal,"Urea, Peptidos, Ácido Láctico",60.98
4741,Radiant Day 288,Seca,"Aloe Vera, Urea",70.09
4742,OilControl 111,Normal,"Pantenol, Avena Coloidal, Ácido Ferúlico",8.18
4743,BrightFix 55,Normal,"Ácido Ferúlico, Ácido Hialurónico",13.91
4744,Silky Touch 155,Normal,"Peptidos, Ácido Hialurónico, Zinc",140.31
4745,DermaFix 95,Madura,"Peptidos, Extracto de Té Verde",40.61
4746,Radiant Day 106,Acneica,"Peptidos, Zinc",87.12
4747,Aqua Balm 136,Grasa,"Pantenol, Glicerina, Aloe Vera, Ceramidas",89.8
4748,Glow Serum 145,Sensible,"Retinol, Aloe Vera",129.63
4749,SunShield 41,Seca,"Ácido Salicílico, Agua Termal, Pantenol",10.12
4750,Fresh Dew 250,Normal,"Ácido Láctico, Ácido Ferúlico",39.54
4751,UltraSmooth 92,Normal,"Avena Coloidal, Peptidos",57.39
4752,Glow Serum 63,Mixta,"Peptidos, Ácido Hialurónico, Extracto de Té Verde, Ácido Ferúlico",62.95
4753,OilControl 237,Acneica,"Ácido Ferúlico, Extracto de Té Verde, Agua Termal, Ácido Salicílico",8.93
4754,BrightFix 36,Todo tipo,"Vitamina C, Peptidos",93.16
4755,Daily Moist 114,Seca,"Aceite de Jojoba, Zinc, Urea, Avena Coloidal",180.41
4756,AgeDefy 19,Normal,"Agua Termal, Niacinamida, Aceite de Jojoba",146.34
4757,Radiant Day 70,Madura,"Ácido Salicílico, Manteca de Karité",140.19
4758,AcneFree 182,Seca,"Avena Coloidal, Ácido Ferúlico",52.33
4759,Hydra Boost 243,Todo tipo,"Aloe Vera, Vitamina C",13.13
4760,Radiant Day 216,Normal,"Aloe Vera, Extracto de Té Verde",126.7
4761,OilControl 83,Mixta,"Ácido Ferúlico, Ceramidas",135.09
4762,OilControl 56,Seca,"Urea, Ácido Hialurónico, Ácido Salicílico",180.69
4763,Aqua Balm 161,Acneica,"Retinol, Ácido Ferúlico",27.52
4764,OilControl 13,Mixta,"Ácido Salicílico, Glicerina, Avena Coloidal",111.51
4765,OilControl 45,Madura,"Ácido Láctico, Agua Termal",19.16
4766,Silky Touch 83,Madura,"Niacinamida, Retinol",74.74
4767,AcneFree 20,Grasa,"Glicerina, Zinc, Aloe Vera, Ácido Salicílico",111.63
4768,Fresh Dew 137,Todo tipo,"Agua Termal, Ácido Hialurónico",50.91
4769,NightCare 125,Sensible,"Ceramidas, Avena Coloidal, Vitamina C, Pantenol",86.91
4770,NightCare 81,Normal,"Aceite de Jojoba, Ácido Salicílico",98.84
4771,AgeDefy 258,Mixta,"Ácido Láctico, Glicerina, Ácido Salicílico, Avena Coloidal",106.12
4772,SunShield 279,Mixta,"Manteca de Karité, Pantenol, Avena Coloidal, Ácido Salicílico",92.72
4773,SkinPure 154,Madura,"Ácido Láctico, Ácido Salicílico, Urea",29.84
4774,BrightFix 44,Mixta,"Urea, Peptidos",184.01
4775,SkinPure 214,Madura,"Ácido Salicílico, Zinc, Pantenol, Avena Coloidal",109.18
4776,SkinPure 98,Mixta,"Manteca de Karité, Aceite de Jojoba",190.73
4777,AcneFree 16,Seca,"Zinc, Glicerina",41.99
4778,SkinPure 164,Grasa,"Extracto de Té Verde, Agua Termal, Ácido Salicílico",28.56
4779,Daily Moist 107,Mixta,"Avena Coloidal, Glicerina, Peptidos, Aceite de Jojoba",19.84
4780,AgeDefy 183,Madura,"Pantenol, Ácido Salicílico",44.74
4781,Silky Touch 131,Seca,"Retinol, Aloe Vera, Ceramidas, Ácido Hialurónico",141.15
4782,BrightFix 284,Madura,"Ácido Hialurónico, Ceramidas, Zinc, Ácido Salicílico",30.81
4783,Glow Serum 110,Todo tipo,"Extracto de Té Verde, Peptidos, Ácido Hialurónico",35.66
4784,SkinPure 134,Grasa,"Ácido Ferúlico, Extracto de Té Verde",181.85
4785,Clear Skin 102,Grasa,"Agua Termal, Aceite de Jojoba",114.64
4786,NightCare 296,Acneica,"Avena Coloidal, Aceite de Jojoba",80.32
4787,OilControl 92,Mixta,"Pantenol, Ácido Salicílico",114.96
4788,Radiant Day 127,Grasa,"Ácido Ferúlico, Ácido Salicílico, Zinc",175.37
4789,Aqua Balm 13,Madura,"Ácido Hialurónico, Ceramidas, Manteca de Karité",173.2
4790,AcneFree 240,Seca,"Agua Termal, Ceramidas, Avena Coloidal, Ácido Láctico",187.38
4791,DermaFix 273,Normal,"Aloe Vera, Vitamina C",85.29
4792,Aqua Balm 153,Acneica,"Niacinamida, Pantenol, Ácido Ferúlico, Ceramidas",131.1
4793,Fresh Dew 172,Madura,"Agua Termal, Avena Coloidal",40.47
4794,AgeDefy 295,Seca,"Ceramidas, Ácido Hialurónico, Niacinamida, Pantenol",43.39
4795,CeraPlus 5,Madura,"Agua Termal, Manteca de Karité",186.62
4796,Clear Skin 22,Seca,"Zinc, Avena Coloidal, Peptidos",189.74
4797,Daily Moist 281,Seca,"Retinol, Glicerina, Ácido Salicílico, Vitamina C",140.03
4798,Radiant Day 212,Grasa,"Glicerina, Retinol, Zinc",64.55
4799,Glow Serum 48,Normal,"Zinc, Retinol, Agua Termal, Ceramidas",185.53
4800,CeraPlus 161,Grasa,"Pantenol, Ácido Salicílico",180.89
4801,Fresh Dew 106,Normal,"Aceite de Jojoba, Ácido Hialurónico",30.16
4802,Hydra Boost 105,Grasa,"Extracto de Té Verde, Ácido Ferúlico",104.23
4803,SunShield 187,Mixta,"Agua Termal, Avena Coloidal, Peptidos",102.6
4804,NightCare 195,Grasa,"Manteca de Karité, Ceramidas, Ácido Hialurónico",190.61
4805,Hydra Boost 42,Seca,"Avena Coloidal, Pantenol, Aceite de Jojoba",100.71
4806,Radiant Day 31,Seca,"Urea, Pantenol, Ácido Láctico, Niacinamida",169.23
4807,BrightFix 133,Mixta,"Agua Termal, Ácido Láctico",137.3
4808,AcneFree 208,Mixta,"Agua Termal, Retinol",92.54
4809,Daily Moist 84,Todo tipo,"Zinc, Manteca de Karité",162.69
4810,SkinPure 109,Madura,"Retinol, Zinc, Vitamina C",30.86
4811,Clear Skin 130,Grasa,"Ácido Ferúlico, Agua Termal",114.73
4812,AcneFree 254,Madura,"Urea, Manteca de Karité",187.5
4813,OilControl 24,Mixta,"Aceite de Jojoba, Zinc",14.0
4814,Silky Touch 139,Normal,"Extracto de Té Verde, Manteca de Karité, Ácido Hialurónico",167.6
4815,Hydra Boost 189,Sensible,"Niacinamida, Pantenol, Ácido Hialurónico",9.16
4816,Fresh Dew 65,Grasa,"Avena Coloidal, Urea",110.53
4817,Clear Skin 31,Grasa,"Extracto de Té Verde, Urea",146.07
4818,Clear Skin 251,Mixta,"Niacinamida, Urea",152.58
4819,SkinPure 268,Normal,"Aloe Vera, Zinc, Vitamina C",169.66
4820,CeraPlus 83,Sensible,"Ceramidas, Urea, Retinol, Aloe Vera",57.96
4821,RegenX 77,Madura,"Ácido Hialurónico, Peptidos, Retinol, Ácido Láctico",95.58
4822,NutriGlow 133,Seca,"Niacinamida, Ácido Salicílico, Ácido Ferúlico, Zinc",109.58
4823,UltraSmooth 151,Grasa,"Ceramidas, Aloe Vera, Urea, Ácido Láctico",85.03
4824,Aqua Balm 272,Mixta,"Agua Termal, Vitamina C, Ácido Hialurónico, Zinc",154.95
4825,Daily Moist 56,Todo tipo,"Peptidos, Aceite de Jojoba, Ácido Hialurónico",100.23
4826,RegenX 12,Mixta,"Retinol, Niacinamida, Ceramidas, Urea",78.13
4827,BrightFix 269,Normal,"Ácido Hialurónico, Urea",190.47
4828,BrightFix 81,Grasa,"Ácido Hialurónico, Peptidos, Retinol, Aloe Vera",108.45
4829,Silky Touch 199,Acneica,"Aloe Vera, Niacinamida, Ácido Hialurónico, Glicerina",155.14
4830,AgeDefy 78,Madura,"Ácido Salicílico, Urea",39.55
4831,DermaFix 191,Normal,"Manteca de Karité, Aloe Vera, Vitamina C",135.81
4832,Clear Skin 298,Seca,"Avena Coloidal, Ácido Hialurónico, Ácido Salicílico, Ceramidas",84.41
4833,NutriGlow 67,Mixta,"Ácido Salicílico, Avena Coloidal, Ácido Hialurónico",132.88
4834,Clear Skin 278,Mixta,"Peptidos, Extracto de Té Verde, Niacinamida",27.97
4835,Glow Serum 62,Mixta,"Avena Coloidal, Manteca de Karité, Agua Termal",101.31
4836,Silky Touch 145,Grasa,"Aloe Vera, Pantenol, Manteca de Karité",95.92
4837,CeraPlus 241,Madura,"Avena Coloidal, Ácido Láctico, Vitamina C, Extracto de Té Verde",132.74
4838,SkinPure 3,Acneica,"Aceite de Jojoba, Ácido Salicílico, Glicerina, Manteca de Karité",9.64
4839,NightCare 158,Acneica,"Aloe Vera, Ácido Salicílico, Glicerina, Avena Coloidal",173.02
4840,Clear Skin 249,Acneica,"Ceramidas, Extracto de Té Verde",100.04
4841,SunShield 132,Normal,"Manteca de Karité, Zinc, Extracto de Té Verde",161.05
4842,Hydra Boost 28,Madura,"Urea, Zinc, Ácido Ferúlico, Avena Coloidal",115.64
4843,SkinPure 244,Mixta,"Retinol, Urea",99.35
4844,Fresh Dew 217,Acneica,"Agua Termal, Retinol",174.79
4845,OilControl 107,Mixta,"Agua Termal, Avena Coloidal, Urea",25.78
4846,Clear Skin 52,Grasa,"Avena Coloidal, Niacinamida, Ácido Ferúlico",157.96
4847,AgeDefy 233,Sensible,"Zinc, Ceramidas, Extracto de Té Verde, Urea",150.87
4848,Radiant Day 171,Madura,"Agua Termal, Retinol, Ceramidas",14.0
4849,NutriGlow 215,Normal,"Peptidos, Ácido Hialurónico, Niacinamida, Ácido Láctico",7.72
4850,Hydra Boost 20,Normal,"Urea, Ácido Láctico",15.93
4851,Radiant Day 183,Acneica,"Avena Coloidal, Glicerina, Extracto de Té Verde, Ácido Ferúlico",61.12
4852,Fresh Dew 112,Seca,"Urea, Ceramidas, Manteca de Karité, Avena Coloidal",194.33
4853,SkinPure 95,Madura,"Zinc, Ácido Ferúlico",61.19
4854,RegenX 94,Seca,"Retinol, Manteca de Karité, Glicerina",26.39
4855,NutriGlow 163,Seca,"Ceramidas, Manteca de Karité, Niacinamida",79.77
4856,BrightFix 164,Acneica,"Retinol, Ácido Hialurónico, Ácido Salicílico, Ácido Láctico",95.25
4857,SkinPure 132,Madura,"Ácido Salicílico, Glicerina",72.96
4858,SkinPure 130,Acneica,"Ácido Ferúlico, Retinol",21.71
4859,UltraSmooth 296,Madura,"Aloe Vera, Retinol",24.71
4860,Glow Serum 25,Acneica,"Retinol, Ácido Hialurónico, Aloe Vera",141.69
4861,UltraSmooth 213,Madura,"Zinc, Pantenol",33.93
4862,Radiant Day 202,Acneica,"Manteca de Karité, Niacinamida, Zinc",182.35
4863,DermaFix 89,Mixta,"Glicerina, Ácido Salicílico, Urea, Pantenol",30.06
4864,Clear Skin 254,Acneica,"Aloe Vera, Ácido Salicílico",160.87
4865,Glow Serum 247,Todo tipo,"Manteca de Karité, Avena Coloidal, Niacinamida",168.97
4866,SunShield 33,Normal,"Urea, Extracto de Té Verde",56.16
4867,UltraSmooth 266,Grasa,"Ceramidas, Urea",50.95
4868,Glow Serum 273,Seca,"Ácido Láctico, Ceramidas, Vitamina C",126.03
4869,NightCare 68,Grasa,"Ceramidas, Retinol, Glicerina",115.78
4870,NightCare 67,Grasa,"Avena Coloidal, Ácido Láctico",73.6
4871,NutriGlow 189,Todo tipo,"Zinc, Agua Termal",147.87
4872,UltraSmooth 12,Sensible,"Ceramidas, Zinc",72.9
4873,RegenX 80,Normal,"Peptidos, Avena Coloidal, Ácido Salicílico, Ceramidas",177.26
4874,OilControl 253,Madura,"Aceite de Jojoba, Peptidos, Glicerina",17.44
4875,Hydra Boost 48,Mixta,"Urea, Manteca de Karité",54.68
4876,RegenX 38,Madura,"Manteca de Karité, Ácido Hialurónico, Ácido Ferúlico",175.28
4877,Fresh Dew 119,Sensible,"Retinol, Avena Coloidal",145.4
4878,SunShield 183,Todo tipo,"Extracto de Té Verde, Ácido Ferúlico, Ácido Hialurónico, Aceite de Jojoba",35.91
4879,Clear Skin 237,Sensible,"Zinc, Aceite de Jojoba",62.56
4880,AcneFree 238,Seca,"Avena Coloidal, Peptidos, Extracto de Té Verde",25.51
4881,Radiant Day 137,Grasa,"Manteca de Karité, Glicerina, Ceramidas",28.0
4882,NutriGlow 277,Seca,"Ácido Ferúlico, Glicerina, Retinol",11.16
4883,DermaFix 142,Seca,"Avena Coloidal, Zinc, Niacinamida",134.6
4884,NutriGlow 139,Normal,"Avena Coloidal, Ácido Ferúlico, Ácido Salicílico",143.72
4885,RegenX 88,Madura,"Niacinamida, Pantenol, Vitamina C, Ácido Hialurónico",66.17
4886,Clear Skin 114,Mixta,"Zinc, Ácido Salicílico, Aceite de Jojoba, Peptidos",57.53
4887,Hydra Boost 95,Mixta,"Ácido Salicílico, Extracto de Té Verde, Ceramidas",93.42
4888,DermaFix 81,Normal,"Pantenol, Extracto de Té Verde",63.81
4889,BrightFix 103,Sensible,"Retinol, Peptidos, Aceite de Jojoba",148.9
4890,DermaFix 257,Todo tipo,"Manteca de Karité, Extracto de Té Verde",78.52
4891,NightCare 153,Seca,"Ácido Hialurónico, Retinol, Urea",77.05
4892,UltraSmooth 240,Madura,"Agua Termal, Niacinamida",198.41
4893,OilControl 284,Grasa,"Zinc, Vitamina C",132.25
4894,AcneFree 183,Sensible,"Agua Termal, Ácido Hialurónico, Extracto de Té Verde, Ácido Salicílico",66.37
4895,AgeDefy 83,Acneica,"Urea, Aceite de Jojoba, Niacinamida, Agua Termal",133.48
4896,CeraPlus 156,Mixta,"Ácido Ferúlico, Ácido Láctico, Agua Termal",64.86
4897,NutriGlow 257,Normal,"Ácido Ferúlico, Niacinamida",39.48
4898,BrightFix 117,Normal,"Ácido Láctico, Extracto de Té Verde, Ácido Ferúlico, Ceramidas",133.6
4899,Silky Touch 117,Grasa,"Pantenol, Niacinamida",96.02
4900,Radiant Day 297,Normal,"Peptidos, Aloe Vera",152.16
4901,Radiant Day 182,Normal,"Agua Termal, Extracto de Té Verde, Glicerina",172.51
4902,NutriGlow 44,Madura,"Ácido Ferúlico, Aceite de Jojoba, Urea, Ceramidas",186.86
4903,Radiant Day 3,Sensible,"Ceramidas, Retinol, Ácido Salicílico, Pantenol",68.91
4904,SkinPure 21,Grasa,"Extracto de Té Verde, Agua Termal, Aceite de Jojoba",39.12
4905,Glow Serum 258,Acneica,"Peptidos, Ácido Hialurónico",157.9
4906,CeraPlus 99,Seca,"Agua Termal, Vitamina C",69.52
4907,AgeDefy 248,Acneica,"Urea, Ácido Hialurónico, Pantenol",82.7
4908,Daily Moist 285,Seca,"Niacinamida, Zinc, Aloe Vera, Peptidos",133.24
4909,Hydra Boost 57,Sensible,"Aceite de Jojoba, Manteca de Karité, Ácido Ferúlico",89.16
4910,Clear Skin 174,Mixta,"Manteca de Karité, Aloe Vera, Ácido Salicílico, Aceite de Jojoba",141.55
4911,SkinPure 202,Seca,"Ácido Salicílico, Extracto de Té Verde, Avena Coloidal, Aceite de Jojoba",59.66
4912,Clear Skin 140,Seca,"Ácido Salicílico, Ceramidas, Pantenol",152.46
4913,Fresh Dew 2,Normal,"Ácido Ferúlico, Glicerina, Extracto de Té Verde, Zinc",167.27
4914,Glow Serum 64,Grasa,"Vitamina C, Glicerina, Ácido Salicílico, Ácido Hialurónico",148.15
4915,NutriGlow 164,Normal,"Pantenol, Extracto de Té Verde, Ceramidas, Vitamina C",160.33
4916,DermaFix 281,Todo tipo,"Ácido Salicílico, Zinc, Extracto de Té Verde",37.13
4917,Daily Moist 72,Normal,"Aloe Vera, Pantenol, Ácido Láctico",106.07
4918,Silky Touch 143,Sensible,"Ácido Láctico, Zinc, Agua Termal, Niacinamida",141.66
4919,SkinPure 259,Normal,"Extracto de Té Verde, Ácido Ferúlico, Niacinamida",54.79
4920,Aqua Balm 24,Todo tipo,"Peptidos, Niacinamida, Ácido Láctico",74.8
4921,NightCare 221,Madura,"Urea, Avena Coloidal, Pantenol",47.19
4922,NightCare 83,Acneica,"Extracto de Té Verde, Pantenol, Manteca de Karité, Retinol",22.53
4923,RegenX 71,Acneica,"Ácido Ferúlico, Urea, Agua Termal, Ácido Hialurónico",111.71
4924,OilControl 69,Seca,"Niacinamida, Ácido Ferúlico, Ácido Salicílico, Aloe Vera",165.57
4925,Daily Moist 296,Seca,"Peptidos, Agua Termal, Avena Coloidal",37.38
4926,BrightFix 101,Todo tipo,"Ácido Láctico, Manteca de Karité, Glicerina",154.39
4927,Aqua Balm 87,Normal,"Manteca de Karité, Ácido Láctico, Ácido Salicílico",121.3
4928,SunShield 79,Todo tipo,"Glicerina, Agua Termal",116.92
4929,Clear Skin 187,Seca,"Manteca de Karité, Retinol, Ácido Ferúlico, Extracto de Té Verde",87.47
4930,Daily Moist 145,Mixta,"Niacinamida, Urea, Ácido Salicílico",176.8
4931,Silky Touch 133,Seca,"Ácido Salicílico, Niacinamida, Aceite de Jojoba",153.04
4932,UltraSmooth 101,Sensible,"Zinc, Ácido Hialurónico, Ácido Salicílico",21.22
4933,UltraSmooth 150,Acneica,"Zinc, Ceramidas, Retinol",113.72
4934,Radiant Day 27,Acneica,"Manteca de Karité, Vitamina C",136.98
4935,NightCare 274,Normal,"Pantenol, Ácido Ferúlico",74.69
4936,RegenX 122,Grasa,"Peptidos, Ácido Hialurónico",32.01
4937,Silky Touch 240,Acneica,"Aceite de Jojoba, Ácido Ferúlico, Glicerina, Ácido Salicílico",94.09
4938,Daily Moist 159,Seca,"Avena Coloidal, Manteca de Karité",31.7
4939,AgeDefy 113,Mixta,"Ácido Ferúlico, Manteca de Karité, Ácido Láctico, Ácido Hialurónico",91.83
4940,Fresh Dew 39,Madura,"Ceramidas, Manteca de Karité, Avena Coloidal, Ácido Ferúlico",143.62
4941,NutriGlow 141,Normal,"Manteca de Karité, Pantenol, Zinc, Extracto de Té Verde",119.62
4942,NutriGlow 162,Sensible,"Agua Termal, Aloe Vera",60.41
4943,RegenX 83,Grasa,"Ácido Láctico, Avena Coloidal, Aceite de Jojoba, Pantenol",107.44
4944,Glow Serum 150,Madura,"Manteca de Karité, Ácido Ferúlico, Agua Termal, Ácido Salicílico",145.12
4945,Fresh Dew 237,Seca,"Aloe Vera, Extracto de Té Verde, Pantenol, Ceramidas",61.15
4946,OilControl 275,Grasa,"Agua Termal, Zinc, Aloe Vera, Avena Coloidal",173.03
4947,Aqua Balm 91,Normal,"Retinol, Niacinamida, Peptidos, Ceramidas",132.49
4948,NightCare 81,Seca,"Aloe Vera, Agua Termal, Zinc",98.0
4949,Radiant Day 6,Sensible,"Ácido Hialurónico, Retinol, Ácido Láctico",75.07
4950,Fresh Dew 84,Grasa,"Avena Coloidal, Ceramidas, Agua Termal, Aceite de Jojoba",103.04
4951,AcneFree 122,Seca,"Extracto de Té Verde, Urea, Pantenol, Agua Termal",153.33
4952,NightCare 235,Todo tipo,"Urea, Peptidos, Pantenol",136.71
4953,RegenX 174,Normal,"Pantenol, Extracto de Té Verde, Glicerina",93.71
4954,AcneFree 248,Mixta,"Ácido Láctico, Ceramidas, Aceite de Jojoba",194.44
4955,Daily Moist 60,Grasa,"Niacinamida, Urea",134.99
4956,NightCare 282,Sensible,"Ácido Salicílico, Niacinamida, Avena Coloidal",87.65
4957,Glow Serum 115,Sensible,"Pantenol, Glicerina, Ácido Láctico",138.67
4958,Silky Touch 231,Mixta,"Extracto de Té Verde, Vitamina C",102.73
4959,Clear Skin 36,Seca,"Peptidos, Ácido Ferúlico, Ácido Hialurónico, Retinol",94.21
4960,SkinPure 300,Seca,"Agua Termal, Peptidos",154.64
4961,NightCare 200,Seca,"Ácido Hialurónico, Vitamina C, Avena Coloidal",22.62
4962,NightCare 67,Mixta,"Pantenol, Aloe Vera",182.46
4963,SunShield 290,Sensible,"Glicerina, Peptidos, Ácido Salicílico, Ácido Hialurónico",151.21
4964,Clear Skin 270,Seca,"Manteca de Karité, Niacinamida",137.86
4965,Fresh Dew 264,Todo tipo,"Peptidos, Zinc, Ácido Hialurónico",107.87
4966,AgeDefy 100,Madura,"Urea, Pantenol",73.84
4967,NightCare 23,Sensible,"Manteca de Karité, Zinc",16.16
4968,DermaFix 98,Todo tipo,"Manteca de Karité, Urea",197.13
4969,Clear Skin 189,Todo tipo,"Pantenol, Ácido Láctico, Aceite de Jojoba, Aloe Vera",15.77
4970,Fresh Dew 259,Seca,"Ácido Salicílico, Peptidos, Niacinamida, Ácido Hialurónico",136.1
4971,Radiant Day 257,Madura,"Agua Termal, Ácido Salicílico",75.97
4972,NutriGlow 243,Madura,"Pantenol, Ceramidas, Aloe Vera, Retinol",53.34
4973,RegenX 127,Mixta,"Ceramidas, Retinol, Glicerina, Vitamina C",187.49
4974,CeraPlus 279,Todo tipo,"Retinol, Niacinamida, Vitamina C",87.1
4975,Radiant Day 176,Seca,"Retinol, Ceramidas",147.02
4976,OilControl 61,Madura,"Ácido Hialurónico, Ácido Salicílico, Peptidos",86.56
4977,NutriGlow 146,Madura,"Zinc, Peptidos, Ácido Láctico, Ácido Ferúlico",145.78
4978,Clear Skin 39,Sensible,"Urea, Manteca de Karité, Aloe Vera, Extracto de Té Verde",180.97
4979,OilControl 191,Madura,"Aceite de Jojoba, Vitamina C, Retinol",52.76
4980,Clear Skin 81,Normal,"Ácido Salicílico, Niacinamida, Ácido Láctico, Urea",58.39
4981,UltraSmooth 123,Seca,"Retinol, Zinc, Aloe Vera",120.18
4982,RegenX 185,Madura,"Zinc, Ácido Ferúlico, Niacinamida, Vitamina C",105.63
4983,Glow Serum 184,Sensible,"Ácido Láctico, Vitamina C, Avena Coloidal",94.97
4984,SunShield 146,Mixta,"Manteca de Karité, Pantenol",105.74
4985,NightCare 92,Todo tipo,"Avena Coloidal, Zinc, Glicerina",169.8
4986,SunShield 294,Todo tipo,"Vitamina C, Ceramidas, Ácido Ferúlico, Avena Coloidal",69.62
4987,Glow Serum 96,Acneica,"Retinol, Manteca de Karité, Urea",49.99
4988,Aqua Balm 229,Sensible,"Avena Coloidal, Glicerina, Ácido Láctico, Pantenol",59.28
4989,SunShield 60,Seca,"Retinol, Zinc, Vitamina C, Ácido Láctico",29.67
4990,Silky Touch 296,Madura,"Zinc, Urea, Ácido Hialurónico",152.65
4991,SunShield 166,Madura,"Extracto de Té Verde, Glicerina, Urea, Niacinamida",106.84
4992,UltraSmooth 263,Grasa,"Avena Coloidal, Ceramidas, Glicerina",69.73
4993,CeraPlus 284,Normal,"Retinol, Zinc, Ácido Salicílico",176.25
4994,OilControl 180,Grasa,"Ácido Hialurónico, Vitamina C, Aloe Vera",165.23
4995,NutriGlow 212,Todo tipo,"Ácido Láctico, Ácido Salicílico, Avena Coloidal, Ceramidas",118.32
4996,Daily Moist 82,Mixta,"Ácido Salicílico, Zinc, Retinol",187.38
4997,AcneFree 141,Sensible,"Ácido Láctico, Agua Termal, Avena Coloidal, Zinc",30.14
4998,AgeDefy 230,Seca,"Ácido Ferúlico, Vitamina C",150.43
4999,Clear Skin 220,Grasa,"Manteca de Karité, Pantenol, Agua Termal",12.75
5000,Clear Skin 164,Sensible,"Manteca de Karité, Ceramidas, Ácido Láctico, Agua Termal",25.73
5001,NightCare 116,Todo tipo,"Pantenol, Vitamina C, Avena Coloidal, Ácido Hialurónico",182.69
5002,OilControl 98,Grasa,"Agua Termal, Urea, Retinol, Aceite de Jojoba",69.75
5003,Daily Moist 73,Madura,"Glicerina, Ácido Hialurónico, Avena Coloidal",71.62
5004,Radiant Day 5,Seca,"Extracto de Té Verde, Peptidos, Ácido Salicílico, Ácido Ferúlico",70.09
5005,AcneFree 77,Sensible,"Extracto de Té Verde, Ácido Hialurónico, Aloe Vera, Glicerina",62.74
5006,Clear Skin 55,Madura,"Urea, Agua Termal, Ácido Ferúlico",28.72
5007,Aqua Balm 43,Acneica,"Peptidos, Manteca de Karité, Urea",188.85
5008,SkinPure 185,Sensible,"Ácido Láctico, Peptidos, Retinol",52.61
5009,Silky Touch 122,Todo tipo,"Zinc, Glicerina, Aceite de Jojoba, Manteca de Karité",161.74
5010,AgeDefy 106,Seca,"Ácido Láctico, Retinol, Ácido Salicílico, Pantenol",33.73
5011,NightCare 243,Mixta,"Niacinamida, Glicerina, Manteca de Karité",136.55
5012,Radiant Day 292,Seca,"Peptidos, Niacinamida, Ácido Salicílico, Urea",198.21
5013,RegenX 150,Acneica,"Pantenol, Glicerina",78.19
5014,SunShield 220,Acneica,"Extracto de Té Verde, Ácido Salicílico, Aceite de Jojoba",5.72
5015,Daily Moist 207,Acneica,"Niacinamida, Peptidos, Ácido Láctico",135.24
5016,Aqua Balm 206,Todo tipo,"Avena Coloidal, Urea, Aloe Vera, Ácido Ferúlico",159.95
5017,SkinPure 148,Normal,"Zinc, Aceite de Jojoba, Ceramidas, Aloe Vera",109.03
5018,UltraSmooth 140,Grasa,"Extracto de Té Verde, Ácido Salicílico, Ácido Ferúlico",199.77
5019,SkinPure 198,Acneica,"Aloe Vera, Ácido Hialurónico",176.37
5020,Daily Moist 199,Normal,"Urea, Avena Coloidal, Zinc",9.66
5021,SkinPure 187,Sensible,"Peptidos, Extracto de Té Verde",135.18
5022,Glow Serum 11,Todo tipo,"Zinc, Aceite de Jojoba, Ceramidas",20.39
5023,BrightFix 162,Todo tipo,"Ceramidas, Urea",5.87
5024,Glow Serum 48,Mixta,"Pantenol, Vitamina C, Ácido Salicílico, Ácido Ferúlico",162.19
5025,NutriGlow 76,Acneica,"Ácido Salicílico, Manteca de Karité, Urea",25.62
5026,BrightFix 116,Sensible,"Ácido Ferúlico, Aloe Vera, Glicerina",100.51
5027,UltraSmooth 76,Sensible,"Manteca de Karité, Peptidos",191.18
5028,AcneFree 297,Acneica,"Ácido Láctico, Ceramidas, Manteca de Karité",96.69
5029,AcneFree 110,Todo tipo,"Glicerina, Zinc, Niacinamida",108.53
5030,RegenX 149,Mixta,"Vitamina C, Aloe Vera, Pantenol, Ácido Ferúlico",180.08
5031,BrightFix 272,Acneica,"Ácido Salicílico, Extracto de Té Verde, Manteca de Karité, Zinc",182.97
5032,UltraSmooth 80,Madura,"Agua Termal, Retinol, Extracto de Té Verde",133.14
5033,Glow Serum 56,Normal,"Avena Coloidal, Ácido Láctico, Pantenol, Aloe Vera",5.84
5034,UltraSmooth 2,Grasa,"Zinc, Extracto de Té Verde, Ácido Hialurónico",88.23
5035,Glow Serum 17,Madura,"Avena Coloidal, Ceramidas",54.28
5036,Aqua Balm 3,Mixta,"Pantenol, Urea, Ácido Láctico, Ácido Ferúlico",182.18
5037,AgeDefy 255,Mixta,"Manteca de Karité, Ácido Hialurónico, Retinol, Vitamina C",18.11
5038,RegenX 19,Madura,"Aceite de Jojoba, Pantenol, Ácido Ferúlico",139.74
5039,AgeDefy 75,Acneica,"Ceramidas, Extracto de Té Verde, Pantenol",179.04
5040,Fresh Dew 143,Normal,"Niacinamida, Ácido Ferúlico",40.25
5041,NightCare 250,Grasa,"Niacinamida, Retinol, Urea",106.19
5042,SkinPure 299,Mixta,"Extracto de Té Verde, Agua Termal, Peptidos",177.94
5043,Daily Moist 185,Seca,"Urea, Ceramidas, Vitamina C, Niacinamida",63.69
5044,NightCare 209,Normal,"Extracto de Té Verde, Agua Termal, Niacinamida, Avena Coloidal",27.97
5045,NightCare 105,Sensible,"Vitamina C, Aloe Vera, Pantenol",46.29
5046,NightCare 13,Sensible,"Retinol, Extracto de Té Verde",140.56
5047,SkinPure 77,Sensible,"Niacinamida, Extracto de Té Verde, Ácido Hialurónico",56.24
5048,Silky Touch 59,Acneica,"Extracto de Té Verde, Ácido Ferúlico, Zinc, Ácido Láctico",126.7
5049,NutriGlow 69,Todo tipo,"Vitamina C, Peptidos, Ceramidas",171.15
5050,OilControl 28,Acneica,"Aloe Vera, Pantenol, Extracto de Té Verde, Ácido Láctico",63.96
5051,Radiant Day 34,Grasa,"Ácido Salicílico, Glicerina, Aceite de Jojoba, Manteca de Karité",77.88
5052,AcneFree 244,Normal,"Vitamina C, Peptidos, Ácido Láctico, Avena Coloidal",20.94
5053,Glow Serum 140,Sensible,"Ácido Láctico, Ácido Salicílico",132.31
5054,AgeDefy 7,Madura,"Extracto de Té Verde, Peptidos, Pantenol",18.56
5055,Fresh Dew 56,Seca,"Aceite de Jojoba, Ceramidas, Vitamina C, Ácido Salicílico",84.89
5056,Radiant Day 67,Normal,"Ácido Hialurónico, Aceite de Jojoba",157.88
5057,Radiant Day 79,Madura,"Vitamina C, Manteca de Karité, Zinc, Aceite de Jojoba",95.94
5058,AcneFree 79,Sensible,"Aloe Vera, Urea, Peptidos",84.41
5059,AcneFree 187,Seca,"Retinol, Ácido Salicílico",33.55
5060,Hydra Boost 8,Todo tipo,"Niacinamida, Manteca de Karité, Glicerina",16.44
5061,BrightFix 32,Seca,"Glicerina, Ácido Ferúlico",58.86
5062,AcneFree 252,Mixta,"Pantenol, Vitamina C, Niacinamida",98.87
5063,SunShield 203,Todo tipo,"Peptidos, Aceite de Jojoba, Extracto de Té Verde",37.25
5064,NightCare 33,Mixta,"Aceite de Jojoba, Zinc",56.83
5065,DermaFix 220,Acneica,"Niacinamida, Aloe Vera, Extracto de Té Verde",102.49
5066,AgeDefy 273,Todo tipo,"Agua Termal, Ácido Ferúlico",140.0
5067,RegenX 76,Sensible,"Pantenol, Extracto de Té Verde, Ácido Hialurónico",130.36
5068,Clear Skin 161,Mixta,"Retinol, Ácido Ferúlico, Manteca de Karité, Ácido Láctico",182.46
5069,OilControl 29,Madura,"Ceramidas, Peptidos, Avena Coloidal",82.59
5070,Daily Moist 115,Mixta,"Glicerina, Agua Termal, Aceite de Jojoba, Avena Coloidal",161.22
5071,UltraSmooth 98,Grasa,"Ácido Salicílico, Pantenol, Retinol",186.05
5072,Daily Moist 278,Acneica,"Pantenol, Peptidos, Aceite de Jojoba",142.6
5073,BrightFix 142,Madura,"Zinc, Glicerina",162.4
5074,Silky Touch 268,Seca,"Pantenol, Peptidos",10.35
5075,Daily Moist 197,Acneica,"Agua Termal, Vitamina C, Pantenol",74.47
5076,NutriGlow 109,Sensible,"Ácido Ferúlico, Agua Termal, Ácido Láctico, Ceramidas",118.9
5077,SkinPure 293,Todo tipo,"Retinol, Ácido Ferúlico, Ácido Hialurónico",58.5
5078,Aqua Balm 99,Todo tipo,"Avena Coloidal, Zinc",40.63
5079,AcneFree 213,Madura,"Ácido Salicílico, Ácido Ferúlico",178.47
5080,Fresh Dew 74,Normal,"Vitamina C, Pantenol, Agua Termal",22.26
5081,Glow Serum 126,Todo tipo,"Ceramidas, Retinol",135.22
5082,OilControl 15,Todo tipo,"Agua Termal, Niacinamida, Ácido Láctico, Ácido Salicílico",199.48
5083,Silky Touch 107,Sensible,"Aloe Vera, Urea, Peptidos",51.39
5084,NutriGlow 119,Mixta,"Urea, Peptidos",112.21
5085,Fresh Dew 77,Grasa,"Niacinamida, Ácido Salicílico",76.35
5086,CeraPlus 52,Normal,"Agua Termal, Ácido Hialurónico, Zinc, Niacinamida",170.61
5087,Hydra Boost 240,Normal,"Agua Termal, Ceramidas, Extracto de Té Verde, Aloe Vera",142.5
5088,Aqua Balm 55,Mixta,"Pantenol, Retinol",157.94
5089,Clear Skin 230,Sensible,"Niacinamida, Aloe Vera, Retinol, Glicerina",143.44
5090,BrightFix 124,Grasa,"Zinc, Retinol, Peptidos, Niacinamida",29.88
5091,BrightFix 246,Seca,"Aloe Vera, Glicerina, Ácido Láctico",135.54
5092,Fresh Dew 103,Seca,"Pantenol, Aloe Vera, Ceramidas",162.24
5093,Clear Skin 155,Grasa,"Zinc, Urea",103.72
5094,Fresh Dew 192,Normal,"Retinol, Ácido Salicílico, Urea, Ácido Hialurónico",124.69
5095,Glow Serum 37,Sensible,"Ácido Ferúlico, Pantenol, Extracto de Té Verde, Ceramidas",41.29
5096,AcneFree 207,Sensible,"Extracto de Té Verde, Ácido Hialurónico",173.33
5097,CeraPlus 75,Todo tipo,"Aloe Vera, Ácido Ferúlico",149.99
5098,UltraSmooth 159,Mixta,"Pantenol, Manteca de Karité, Avena Coloidal, Ácido Salicílico",57.02
5099,CeraPlus 262,Acneica,"Glicerina, Pantenol",30.02
5100,Fresh Dew 150,Sensible,"Manteca de Karité, Pantenol",105.46
5101,SunShield 56,Normal,"Retinol, Glicerina, Niacinamida, Ácido Láctico",83.51
5102,Clear Skin 69,Madura,"Retinol, Vitamina C",143.54
5103,RegenX 110,Acneica,"Zinc, Retinol, Ceramidas, Glicerina",166.25
5104,Fresh Dew 199,Acneica,"Vitamina C, Pantenol",39.52
5105,BrightFix 237,Acneica,"Peptidos, Retinol, Ceramidas, Niacinamida",101.87
5106,Daily Moist 58,Sensible,"Avena Coloidal, Pantenol, Urea, Agua Termal",186.96
5107,OilControl 208,Madura,"Aloe Vera, Ácido Láctico, Ceramidas, Urea",63.23
5108,Fresh Dew 176,Acneica,"Vitamina C, Avena Coloidal, Extracto de Té Verde",52.5
5109,Radiant Day 119,Normal,"Zinc, Aloe Vera, Pantenol",134.18
5110,AgeDefy 5,Todo tipo,"Ácido Ferúlico, Zinc, Pantenol, Aloe Vera",156.6
5111,Hydra Boost 87,Seca,"Vitamina C, Ceramidas, Aceite de Jojoba, Glicerina",54.91
5112,DermaFix 273,Sensible,"Ácido Hialurónico, Glicerina, Aceite de Jojoba",17.94
5113,DermaFix 17,Grasa,"Manteca de Karité, Niacinamida, Ceramidas, Retinol",68.42
5114,OilControl 89,Seca,"Ácido Láctico, Niacinamida, Aloe Vera, Manteca de Karité",195.45
5115,Hydra Boost 173,Sensible,"Pantenol, Ácido Hialurónico, Aloe Vera, Retinol",82.43
5116,Aqua Balm 166,Seca,"Retinol, Ácido Láctico",74.52
5117,BrightFix 158,Todo tipo,"Zinc, Peptidos, Avena Coloidal",188.69
5118,UltraSmooth 264,Madura,"Ácido Ferúlico, Ácido Hialurónico",50.76
5119,OilControl 181,Grasa,"Glicerina, Avena Coloidal, Ácido Hialurónico, Ácido Ferúlico",41.82
5120,DermaFix 274,Todo tipo,"Manteca de Karité, Ácido Hialurónico",179.43
5121,DermaFix 13,Madura,"Ácido Hialurónico, Retinol",39.88
5122,UltraSmooth 11,Sensible,"Ácido Ferúlico, Aceite de Jojoba, Extracto de Té Verde",120.23
5123,Hydra Boost 251,Acneica,"Manteca de Karité, Ácido Ferúlico",25.49
5124,SunShield 229,Madura,"Peptidos, Avena Coloidal",48.95
5125,Clear Skin 117,Seca,"Retinol, Manteca de Karité, Peptidos",180.42
5126,AcneFree 135,Madura,"Aloe Vera, Ceramidas",72.94
5127,OilControl 281,Grasa,"Ácido Láctico, Peptidos",181.26
5128,Aqua Balm 113,Seca,"Ácido Láctico, Ácido Hialurónico, Retinol, Aloe Vera",110.46
5129,NightCare 106,Grasa,"Manteca de Karité, Pantenol, Agua Termal, Aceite de Jojoba",138.45
5130,UltraSmooth 171,Madura,"Zinc, Pantenol, Agua Termal",21.06
5131,AcneFree 156,Todo tipo,"Ácido Hialurónico, Ácido Ferúlico, Agua Termal",67.09
5132,Radiant Day 214,Normal,"Manteca de Karité, Ácido Salicílico, Vitamina C, Aceite de Jojoba",78.2
5133,Radiant Day 151,Madura,"Agua Termal, Vitamina C, Niacinamida",21.92
5134,Fresh Dew 31,Normal,"Aloe Vera, Extracto de Té Verde",48.77
5135,Clear Skin 88,Madura,"Ácido Salicílico, Avena Coloidal, Pantenol",186.98
5136,AcneFree 94,Normal,"Ácido Láctico, Ácido Hialurónico, Glicerina",112.13
5137,Silky Touch 49,Normal,"Vitamina C, Agua Termal, Zinc, Retinol",149.51
5138,DermaFix 58,Mixta,"Extracto de Té Verde, Glicerina, Urea, Ácido Ferúlico",118.27
5139,Silky Touch 147,Normal,"Aceite de Jojoba, Ácido Láctico, Ácido Hialurónico, Urea",92.35
5140,AgeDefy 112,Mixta,"Ácido Hialurónico, Agua Termal, Avena Coloidal",83.34
5141,Aqua Balm 47,Normal,"Ácido Láctico, Manteca de Karité",54.6
5142,RegenX 8,Normal,"Avena Coloidal, Agua Termal, Zinc, Peptidos",31.53
5143,NutriGlow 158,Sensible,"Manteca de Karité, Retinol, Pantenol",74.93
5144,UltraSmooth 24,Madura,"Peptidos, Ácido Ferúlico",147.55
5145,SunShield 295,Madura,"Ácido Láctico, Extracto de Té Verde, Vitamina C, Ácido Ferúlico",122.23
5146,SkinPure 238,Seca,"Extracto de Té Verde, Peptidos",165.19
5147,Silky Touch 283,Madura,"Agua Termal, Avena Coloidal, Ácido Hialurónico, Aloe Vera",151.22
5148,Aqua Balm 30,Seca,"Urea, Retinol, Glicerina",116.44
5149,Radiant Day 103,Seca,"Ácido Hialurónico, Glicerina, Avena Coloidal, Ceramidas",38.3
5150,SunShield 83,Mixta,"Peptidos, Extracto de Té Verde, Ácido Ferúlico",129.28
5151,BrightFix 219,Todo tipo,"Retinol, Ácido Salicílico, Pantenol",18.39
5152,DermaFix 286,Normal,"Pantenol, Retinol, Avena Coloidal",170.25
5153,Silky Touch 279,Normal,"Aceite de Jojoba, Niacinamida, Extracto de Té Verde",52.85
5154,Daily Moist 256,Todo tipo,"Glicerina, Urea",108.88
5155,SunShield 12,Sensible,"Ácido Láctico, Manteca de Karité, Ácido Hialurónico",12.1
5156,Clear Skin 131,Normal,"Ácido Ferúlico, Extracto de Té Verde",150.37
5157,BrightFix 245,Sensible,"Glicerina, Pantenol",54.59
5158,RegenX 51,Grasa,"Glicerina, Peptidos, Urea",12.8
5159,SkinPure 199,Mixta,"Aceite de Jojoba, Manteca de Karité",10.95
5160,Clear Skin 42,Madura,"Ácido Hialurónico, Extracto de Té Verde, Peptidos, Zinc",31.13
5161,Hydra Boost 67,Todo tipo,"Peptidos, Vitamina C, Aceite de Jojoba, Extracto de Té Verde",154.16
5162,RegenX 55,Sensible,"Ácido Láctico, Glicerina",70.56
5163,NightCare 283,Todo tipo,"Niacinamida, Retinol, Manteca de Karité",93.93
5164,Fresh Dew 166,Normal,"Agua Termal, Aloe Vera, Ácido Salicílico",184.23
5165,BrightFix 142,Acneica,"Niacinamida, Vitamina C, Aloe Vera, Avena Coloidal",92.74
5166,Hydra Boost 104,Sensible,"Ácido Hialurónico, Urea, Vitamina C",44.84
5167,SkinPure 163,Sensible,"Ceramidas, Aloe Vera",111.95
5168,AcneFree 114,Grasa,"Agua Termal, Ácido Ferúlico, Urea, Ácido Láctico",38.15
5169,Glow Serum 168,Acneica,"Avena Coloidal, Agua Termal, Urea",107.54
5170,AcneFree 255,Grasa,"Zinc, Niacinamida, Pantenol, Ácido Láctico",110.21
5171,Glow Serum 194,Madura,"Retinol, Pantenol, Ácido Salicílico",57.3
5172,Aqua Balm 288,Mixta,"Zinc, Avena Coloidal, Ácido Láctico, Agua Termal",119.14
5173,Glow Serum 243,Sensible,"Ácido Ferúlico, Ceramidas, Aceite de Jojoba, Ácido Salicílico",149.61
5174,SunShield 69,Madura,"Avena Coloidal, Ceramidas",20.41
5175,AcneFree 213,Mixta,"Glicerina, Ceramidas, Extracto de Té Verde",69.38
5176,AcneFree 127,Todo tipo,"Agua Termal, Zinc",193.48
5177,NightCare 41,Todo tipo,"Ácido Láctico, Aloe Vera, Peptidos, Retinol",165.75
5178,CeraPlus 268,Acneica,"Vitamina C, Ácido Láctico",153.27
5179,DermaFix 22,Normal,"Agua Termal, Ácido Salicílico, Extracto de Té Verde, Vitamina C",112.12
5180,Clear Skin 217,Sensible,"Urea, Agua Termal, Ácido Hialurónico, Extracto de Té Verde",48.38
5181,AcneFree 108,Normal,"Ácido Ferúlico, Aceite de Jojoba, Zinc, Peptidos",9.93
5182,SunShield 18,Grasa,"Glicerina, Ácido Salicílico, Urea",90.59
5183,NutriGlow 80,Grasa,"Zinc, Extracto de Té Verde, Ceramidas",48.08
5184,Daily Moist 32,Grasa,"Ceramidas, Extracto de Té Verde, Pantenol",184.66
5185,OilControl 20,Sensible,"Aloe Vera, Agua Termal, Ácido Hialurónico",169.29
5186,DermaFix 169,Normal,"Retinol, Glicerina, Manteca de Karité",181.73
5187,Fresh Dew 222,Acneica,"Avena Coloidal, Aloe Vera",89.0
5188,AgeDefy 194,Seca,"Agua Termal, Urea, Zinc, Manteca de Karité",151.87
5189,Daily Moist 278,Acneica,"Peptidos, Ácido Salicílico",154.25
5190,UltraSmooth 90,Madura,"Aceite de Jojoba, Ácido Ferúlico",64.19
5191,SkinPure 46,Madura,"Zinc, Ácido Láctico, Retinol",184.99
5192,DermaFix 71,Mixta,"Ácido Ferúlico, Glicerina",19.68
5193,OilControl 99,Grasa,"Vitamina C, Agua Termal, Urea, Ácido Láctico",51.32
5194,AcneFree 285,Mixta,"Manteca de Karité, Ácido Ferúlico, Peptidos",43.72
5195,Radiant Day 100,Mixta,"Aceite de Jojoba, Ceramidas, Urea, Agua Termal",134.26
5196,Hydra Boost 171,Seca,"Ácido Ferúlico, Ácido Salicílico",105.9
5197,DermaFix 140,Madura,"Pantenol, Peptidos, Retinol",67.65
5198,Glow Serum 300,Seca,"Pantenol, Urea, Ácido Salicílico",54.6
5199,Glow Serum 108,Madura,"Retinol, Pantenol, Ácido Láctico, Niacinamida",148.32
5200,UltraSmooth 47,Seca,"Manteca de Karité, Vitamina C",68.08
5201,Glow Serum 29,Seca,"Pantenol, Ácido Salicílico",139.92
5202,UltraSmooth 103,Madura,"Ácido Láctico, Avena Coloidal",143.62
5203,Clear Skin 46,Normal,"Vitamina C, Ácido Salicílico, Avena Coloidal, Extracto de Té Verde",100.59
5204,Glow Serum 153,Madura,"Avena Coloidal, Ácido Ferúlico, Extracto de Té Verde, Retinol",111.96
5205,BrightFix 200,Madura,"Ácido Salicílico, Aceite de Jojoba, Ácido Láctico",120.29
5206,OilControl 78,Normal,"Aloe Vera, Agua Termal, Ceramidas, Zinc",40.58
5207,Hydra Boost 201,Grasa,"Extracto de Té Verde, Ácido Láctico, Aloe Vera, Glicerina",27.44
5208,AcneFree 114,Seca,"Pantenol, Ácido Láctico",92.21
5209,UltraSmooth 264,Normal,"Peptidos, Avena Coloidal, Zinc, Niacinamida",181.4
5210,Glow Serum 113,Todo tipo,"Retinol, Vitamina C, Urea",86.84
5211,AcneFree 266,Todo tipo,"Ácido Salicílico, Retinol",180.13
5212,Clear Skin 120,Acneica,"Pantenol, Aloe Vera",144.45
5213,CeraPlus 230,Madura,"Urea, Manteca de Karité, Ácido Hialurónico, Ácido Ferúlico",179.52
5214,Fresh Dew 63,Mixta,"Aceite de Jojoba, Vitamina C, Extracto de Té Verde, Glicerina",30.51
5215,NightCare 79,Normal,"Ácido Láctico, Extracto de Té Verde, Ácido Salicílico",157.36
5216,Glow Serum 221,Sensible,"Pantenol, Agua Termal, Vitamina C",109.32
5217,Radiant Day 70,Sensible,"Agua Termal, Aceite de Jojoba, Urea, Avena Coloidal",180.6
5218,Fresh Dew 84,Mixta,"Glicerina, Urea, Vitamina C",128.43
5219,AgeDefy 1,Madura,"Vitamina C, Extracto de Té Verde",16.87
5220,SunShield 115,Madura,"Vitamina C, Ácido Ferúlico, Ácido Salicílico, Zinc",85.21
5221,Radiant Day 120,Seca,"Urea, Aceite de Jojoba, Zinc, Glicerina",98.63
5222,Radiant Day 143,Normal,"Retinol, Zinc, Aceite de Jojoba",187.48
5223,Glow Serum 143,Todo tipo,"Avena Coloidal, Aceite de Jojoba, Agua Termal, Manteca de Karité",58.21
5224,Radiant Day 68,Mixta,"Urea, Vitamina C, Extracto de Té Verde, Retinol",167.98
5225,CeraPlus 4,Madura,"Vitamina C, Retinol, Niacinamida",197.74
5226,SkinPure 139,Mixta,"Retinol, Ácido Ferúlico, Ácido Salicílico, Pantenol",70.01
5227,Radiant Day 55,Normal,"Glicerina, Peptidos",46.77
5228,Glow Serum 92,Grasa,"Ceramidas, Urea",198.98
5229,SunShield 148,Madura,"Aloe Vera, Extracto de Té Verde",131.56
5230,Aqua Balm 41,Madura,"Ácido Hialurónico, Ácido Láctico, Niacinamida, Ácido Ferúlico",119.34
5231,OilControl 162,Grasa,"Extracto de Té Verde, Pantenol, Retinol",75.78
5232,Aqua Balm 161,Normal,"Ceramidas, Aloe Vera, Aceite de Jojoba, Agua Termal",170.73
5233,SunShield 157,Mixta,"Extracto de Té Verde, Avena Coloidal",40.56
5234,Daily Moist 226,Seca,"Agua Termal, Ácido Salicílico, Niacinamida",34.94
5235,BrightFix 147,Acneica,"Peptidos, Ácido Láctico",187.77
5236,NightCare 162,Normal,"Ácido Ferúlico, Peptidos",5.16
5237,SunShield 293,Mixta,"Peptidos, Ácido Hialurónico, Ceramidas",126.3
5238,Clear Skin 289,Normal,"Ácido Hialurónico, Aloe Vera, Urea",188.0
5239,Daily Moist 50,Normal,"Niacinamida, Urea, Retinol",128.04
5240,Silky Touch 60,Seca,"Zinc, Pantenol",87.7
5241,UltraSmooth 285,Normal,"Peptidos, Urea",56.95
5242,CeraPlus 189,Mixta,"Aceite de Jojoba, Niacinamida",14.42
5243,SkinPure 193,Mixta,"Ácido Ferúlico, Extracto de Té Verde, Urea, Ácido Salicílico",15.93
5244,Clear Skin 42,Acneica,"Aceite de Jojoba, Retinol, Glicerina",182.1
5245,Fresh Dew 78,Sensible,"Ácido Salicílico, Manteca de Karité",59.53
5246,SkinPure 284,Seca,"Retinol, Extracto de Té Verde, Ácido Láctico",122.42
5247,BrightFix 128,Mixta,"Urea, Peptidos",6.5
5248,NutriGlow 123,Todo tipo,"Urea, Vitamina C, Niacinamida, Agua Termal",145.14
5249,DermaFix 211,Normal,"Ácido Hialurónico, Ácido Ferúlico, Aceite de Jojoba, Avena Coloidal",30.3
5250,Aqua Balm 102,Todo tipo,"Peptidos, Ceramidas, Avena Coloidal",187.57
5251,Daily Moist 214,Todo tipo,"Glicerina, Ácido Ferúlico, Ceramidas",67.78
5252,NutriGlow 282,Grasa,"Agua Termal, Avena Coloidal, Ceramidas",86.27
5253,Fresh Dew 216,Mixta,"Niacinamida, Ácido Salicílico",15.75
5254,BrightFix 58,Mixta,"Aceite de Jojoba, Ceramidas",184.28
5255,RegenX 123,Madura,"Vitamina C, Ácido Salicílico, Agua Termal, Urea",9.54
5256,AcneFree 222,Grasa,"Ácido Ferúlico, Vitamina C, Ácido Láctico",47.53
5257,Silky Touch 124,Todo tipo,"Extracto de Té Verde, Ácido Hialurónico, Peptidos, Niacinamida",191.54
5258,OilControl 133,Todo tipo,"Aceite de Jojoba, Peptidos",21.2
5259,AcneFree 287,Madura,"Urea, Manteca de Karité",197.12
5260,NutriGlow 253,Todo tipo,"Niacinamida, Peptidos, Pantenol",45.66
5261,Hydra Boost 51,Todo tipo,"Pantenol, Niacinamida, Vitamina C",88.03
5262,Fresh Dew 2,Mixta,"Peptidos, Aloe Vera",116.14
5263,Glow Serum 160,Acneica,"Vitamina C, Aceite de Jojoba, Agua Termal",127.06
5264,RegenX 189,Acneica,"Aloe Vera, Niacinamida, Vitamina C, Ácido Hialurónico",110.51
5265,SkinPure 85,Todo tipo,"Ácido Hialurónico, Glicerina",17.81
5266,UltraSmooth 293,Normal,"Niacinamida, Urea, Ácido Láctico, Ceramidas",100.67
5267,NutriGlow 280,Sensible,"Aceite de Jojoba, Zinc",51.39
5268,Aqua Balm 221,Madura,"Retinol, Ceramidas, Pantenol, Ácido Láctico",44.49
5269,Aqua Balm 85,Todo tipo,"Aloe Vera, Ácido Ferúlico",83.71
5270,SkinPure 29,Acneica,"Pantenol, Urea",172.29
5271,Daily Moist 50,Todo tipo,"Urea, Glicerina, Ácido Ferúlico",153.8
5272,Fresh Dew 119,Sensible,"Aloe Vera, Pantenol, Ácido Láctico",199.05
5273,NightCare 127,Madura,"Retinol, Ácido Hialurónico",36.97
5274,NutriGlow 59,Seca,"Zinc, Vitamina C, Peptidos, Aceite de Jojoba",42.88
5275,RegenX 83,Acneica,"Extracto de Té Verde, Ácido Hialurónico",33.83
5276,NutriGlow 237,Mixta,"Urea, Niacinamida",150.85
5277,CeraPlus 67,Todo tipo,"Retinol, Pantenol",99.23
5278,Glow Serum 90,Sensible,"Niacinamida, Ácido Ferúlico",45.88
5279,Daily Moist 80,Mixta,"Zinc, Urea",121.32
5280,CeraPlus 127,Seca,"Agua Termal, Urea, Pantenol",110.62
5281,SunShield 125,Normal,"Avena Coloidal, Zinc, Ácido Salicílico",57.23
5282,Fresh Dew 296,Mixta,"Aloe Vera, Ácido Láctico",99.14
5283,Daily Moist 130,Grasa,"Zinc, Agua Termal, Aceite de Jojoba, Vitamina C",11.9
5284,OilControl 218,Todo tipo,"Peptidos, Ácido Láctico",79.13
5285,NutriGlow 6,Todo tipo,"Aceite de Jojoba, Aloe Vera",36.51
5286,SkinPure 4,Todo tipo,"Aceite de Jojoba, Avena Coloidal",8.02
5287,Hydra Boost 13,Todo tipo,"Ácido Ferúlico, Aceite de Jojoba, Agua Termal",15.57
5288,Fresh Dew 136,Normal,"Ácido Ferúlico, Aceite de Jojoba",119.12
5289,AgeDefy 67,Normal,"Ácido Láctico, Agua Termal, Peptidos",183.53
5290,RegenX 199,Grasa,"Ácido Ferúlico, Pantenol, Manteca de Karité, Aloe Vera",138.9
5291,SunShield 285,Seca,"Pantenol, Vitamina C, Avena Coloidal",141.2
5292,SkinPure 202,Madura,"Ácido Ferúlico, Zinc, Pantenol",79.09
5293,RegenX 285,Todo tipo,"Ácido Hialurónico, Vitamina C, Ácido Láctico, Ácido Ferúlico",151.81
5294,DermaFix 265,Todo tipo,"Aceite de Jojoba, Ácido Láctico",153.95
5295,AcneFree 46,Acneica,"Avena Coloidal, Extracto de Té Verde, Ácido Salicílico",111.35
5296,OilControl 133,Normal,"Ácido Ferúlico, Aceite de Jojoba, Zinc",165.13
5297,Glow Serum 94,Madura,"Extracto de Té Verde, Zinc, Ácido Salicílico, Aloe Vera",89.66
5298,BrightFix 276,Madura,"Ácido Láctico, Extracto de Té Verde, Urea, Zinc",35.5
5299,CeraPlus 115,Madura,"Urea, Agua Termal, Niacinamida",25.76
5300,NutriGlow 189,Acneica,"Ácido Láctico, Ceramidas",78.47
5301,Aqua Balm 32,Acneica,"Avena Coloidal, Retinol",88.53
5302,UltraSmooth 46,Normal,"Agua Termal, Ceramidas, Glicerina",9.07
5303,Clear Skin 297,Madura,"Ácido Hialurónico, Zinc",199.4
5304,DermaFix 219,Grasa,"Avena Coloidal, Extracto de Té Verde, Ácido Ferúlico, Ácido Salicílico",173.97
5305,Silky Touch 33,Grasa,"Ácido Hialurónico, Niacinamida, Urea",172.61
5306,CeraPlus 81,Acneica,"Agua Termal, Manteca de Karité, Ácido Salicílico",102.61
5307,UltraSmooth 229,Madura,"Aloe Vera, Aceite de Jojoba, Vitamina C",195.92
5308,Glow Serum 244,Grasa,"Aceite de Jojoba, Aloe Vera, Ácido Salicílico, Niacinamida",57.25
5309,DermaFix 197,Madura,"Ácido Ferúlico, Extracto de Té Verde, Agua Termal",142.95
5310,SunShield 254,Todo tipo,"Ácido Hialurónico, Niacinamida",19.97
5311,Hydra Boost 156,Todo tipo,"Niacinamida, Aceite de Jojoba",193.81
5312,Fresh Dew 298,Seca,"Avena Coloidal, Vitamina C",60.47
5313,BrightFix 73,Todo tipo,"Avena Coloidal, Ácido Salicílico, Aceite de Jojoba",15.39
5314,Fresh Dew 93,Grasa,"Peptidos, Retinol, Manteca de Karité, Ceramidas",37.28
5315,DermaFix 252,Acneica,"Aloe Vera, Vitamina C, Ceramidas",130.31
5316,SkinPure 25,Grasa,"Ácido Ferúlico, Glicerina, Vitamina C",112.77
5317,Glow Serum 16,Seca,"Ceramidas, Ácido Láctico",8.41
5318,Fresh Dew 26,Seca,"Urea, Glicerina, Aceite de Jojoba",141.68
5319,Silky Touch 57,Seca,"Glicerina, Ácido Hialurónico, Niacinamida",45.9
5320,UltraSmooth 126,Todo tipo,"Ácido Láctico, Avena Coloidal, Ácido Salicílico",94.91
5321,CeraPlus 218,Normal,"Vitamina C, Urea, Avena Coloidal",60.3
5322,UltraSmooth 214,Normal,"Aceite de Jojoba, Avena Coloidal",172.9
5323,Glow Serum 59,Sensible,"Ácido Hialurónico, Avena Coloidal, Ceramidas, Ácido Ferúlico",177.05
5324,OilControl 167,Acneica,"Retinol, Agua Termal, Zinc, Glicerina",144.96
5325,NutriGlow 273,Grasa,"Manteca de Karité, Ácido Láctico",86.01
5326,Glow Serum 260,Normal,"Ácido Láctico, Pantenol, Aloe Vera",45.08
5327,NutriGlow 238,Sensible,"Glicerina, Urea",177.55
5328,DermaFix 47,Sensible,"Retinol, Urea",54.94
5329,SunShield 267,Todo tipo,"Agua Termal, Peptidos, Zinc",103.12
5330,UltraSmooth 108,Mixta,"Ceramidas, Vitamina C, Glicerina, Ácido Ferúlico",131.37
5331,DermaFix 30,Grasa,"Retinol, Avena Coloidal",151.4
5332,Aqua Balm 281,Sensible,"Glicerina, Aceite de Jojoba, Ceramidas",61.41
5333,Aqua Balm 94,Todo tipo,"Ceramidas, Aceite de Jojoba, Manteca de Karité, Niacinamida",129.35
5334,SunShield 185,Seca,"Avena Coloidal, Vitamina C, Ácido Salicílico, Ácido Láctico",13.67
5335,Radiant Day 272,Madura,"Avena Coloidal, Extracto de Té Verde",76.07
5336,Clear Skin 251,Seca,"Niacinamida, Vitamina C",98.37
5337,Silky Touch 129,Mixta,"Ácido Hialurónico, Zinc, Ácido Ferúlico",163.5
5338,CeraPlus 24,Mixta,"Vitamina C, Aceite de Jojoba",69.54
5339,Fresh Dew 217,Mixta,"Pantenol, Zinc, Retinol",81.91
5340,CeraPlus 104,Todo tipo,"Vitamina C, Avena Coloidal",64.47
5341,Silky Touch 243,Todo tipo,"Aceite de Jojoba, Ácido Salicílico, Agua Termal, Aloe Vera",16.5
5342,CeraPlus 234,Acneica,"Aceite de Jojoba, Ácido Ferúlico, Urea",112.02
5343,Aqua Balm 36,Seca,"Aceite de Jojoba, Pantenol",48.18
5344,DermaFix 21,Grasa,"Ácido Hialurónico, Aloe Vera",116.78
5345,Fresh Dew 84,Normal,"Manteca de Karité, Zinc",154.53
5346,OilControl 278,Todo tipo,"Avena Coloidal, Zinc",193.86
5347,BrightFix 292,Todo tipo,"Urea, Vitamina C, Pantenol",80.14
5348,Daily Moist 288,Acneica,"Retinol, Aloe Vera, Pantenol, Extracto de Té Verde",90.69
5349,OilControl 8,Sensible,"Aceite de Jojoba, Extracto de Té Verde, Ácido Ferúlico",67.04
5350,Fresh Dew 100,Mixta,"Ácido Hialurónico, Ceramidas, Glicerina",194.95
5351,Daily Moist 169,Seca,"Glicerina, Zinc, Aloe Vera, Manteca de Karité",142.01
5352,DermaFix 283,Acneica,"Ceramidas, Retinol",96.19
5353,DermaFix 173,Normal,"Ácido Láctico, Manteca de Karité, Ácido Hialurónico",152.14
5354,Glow Serum 86,Seca,"Pantenol, Vitamina C",198.58
5355,Hydra Boost 180,Grasa,"Pantenol, Retinol, Manteca de Karité, Aloe Vera",127.23
5356,Aqua Balm 115,Seca,"Aceite de Jojoba, Pantenol, Ácido Salicílico",58.97
5357,AcneFree 247,Todo tipo,"Ácido Hialurónico, Ceramidas, Glicerina",89.32
5358,Silky Touch 266,Todo tipo,"Ceramidas, Niacinamida, Aloe Vera",107.22
5359,Fresh Dew 153,Madura,"Niacinamida, Glicerina",184.9
5360,BrightFix 250,Acneica,"Zinc, Agua Termal, Pantenol",164.79
5361,RegenX 142,Mixta,"Ácido Láctico, Ácido Hialurónico, Ceramidas",131.82
5362,DermaFix 136,Normal,"Pantenol, Peptidos, Vitamina C, Ácido Láctico",25.29
5363,NightCare 292,Seca,"Zinc, Extracto de Té Verde",55.26
5364,Clear Skin 114,Normal,"Urea, Ácido Hialurónico, Peptidos, Avena Coloidal",194.85
5365,UltraSmooth 7,Madura,"Peptidos, Aloe Vera, Zinc",176.43
5366,NutriGlow 209,Normal,"Urea, Ácido Hialurónico, Glicerina, Ceramidas",87.23
5367,OilControl 124,Grasa,"Glicerina, Agua Termal, Aceite de Jojoba",66.2
5368,Radiant Day 133,Madura,"Aceite de Jojoba, Ácido Salicílico, Agua Termal, Avena Coloidal",120.04
5369,AgeDefy 296,Madura,"Niacinamida, Ácido Láctico",142.33
5370,Glow Serum 54,Todo tipo,"Avena Coloidal, Ácido Ferúlico, Zinc, Urea",111.32
5371,Hydra Boost 64,Normal,"Ácido Hialurónico, Urea, Avena Coloidal",47.82
5372,NutriGlow 57,Acneica,"Pantenol, Peptidos, Glicerina, Ácido Láctico",14.27
5373,Fresh Dew 84,Todo tipo,"Ceramidas, Pantenol, Ácido Ferúlico",193.74
5374,UltraSmooth 228,Mixta,"Agua Termal, Manteca de Karité, Avena Coloidal, Ceramidas",91.66
5375,AcneFree 20,Seca,"Extracto de Té Verde, Agua Termal, Urea",196.09
5376,CeraPlus 25,Madura,"Ácido Salicílico, Retinol",74.11
5377,UltraSmooth 254,Mixta,"Ácido Ferúlico, Agua Termal",48.72
5378,Daily Moist 8,Madura,"Zinc, Ácido Hialurónico, Ceramidas",10.06
5379,Glow Serum 224,Seca,"Avena Coloidal, Urea",187.19
5380,SunShield 92,Grasa,"Vitamina C, Peptidos, Aceite de Jojoba, Niacinamida",190.65
5381,AcneFree 213,Mixta,"Peptidos, Manteca de Karité, Urea",61.08
5382,Hydra Boost 46,Madura,"Ácido Hialurónico, Vitamina C, Zinc, Aceite de Jojoba",147.31
5383,NutriGlow 43,Todo tipo,"Zinc, Vitamina C, Niacinamida, Pantenol",31.74
5384,Fresh Dew 101,Acneica,"Ácido Ferúlico, Ácido Hialurónico, Manteca de Karité",98.47
5385,SunShield 226,Normal,"Zinc, Manteca de Karité",156.52
5386,SkinPure 111,Seca,"Peptidos, Agua Termal",66.14
5387,NightCare 33,Seca,"Extracto de Té Verde, Glicerina, Avena Coloidal",48.64
5388,BrightFix 91,Acneica,"Ceramidas, Avena Coloidal, Ácido Láctico, Aloe Vera",174.9
5389,SunShield 250,Todo tipo,"Ácido Ferúlico, Ácido Láctico",151.81
5390,SunShield 4,Madura,"Ácido Láctico, Vitamina C, Avena Coloidal, Ácido Salicílico",84.14
5391,DermaFix 196,Normal,"Aceite de Jojoba, Agua Termal",134.66
5392,CeraPlus 115,Todo tipo,"Ácido Salicílico, Extracto de Té Verde, Pantenol, Aloe Vera",21.38
5393,Radiant Day 70,Madura,"Manteca de Karité, Glicerina, Ácido Hialurónico, Ácido Ferúlico",31.6
5394,NutriGlow 74,Normal,"Retinol, Aloe Vera, Avena Coloidal, Glicerina",199.54
5395,DermaFix 164,Acneica,"Glicerina, Niacinamida",172.72
5396,Hydra Boost 248,Normal,"Manteca de Karité, Vitamina C, Agua Termal, Glicerina",121.0
5397,UltraSmooth 108,Sensible,"Avena Coloidal, Extracto de Té Verde",64.13
5398,AgeDefy 131,Sensible,"Ácido Salicílico, Ácido Láctico, Pantenol, Avena Coloidal",199.38
5399,RegenX 16,Mixta,"Ácido Salicílico, Vitamina C, Avena Coloidal, Ácido Láctico",37.7
5400,Clear Skin 227,Madura,"Ácido Ferúlico, Ácido Hialurónico",172.23
5401,SunShield 249,Madura,"Avena Coloidal, Ácido Hialurónico, Glicerina, Zinc",18.28
5402,UltraSmooth 180,Acneica,"Ácido Hialurónico, Vitamina C, Avena Coloidal",52.58
5403,Glow Serum 201,Todo tipo,"Ácido Láctico, Niacinamida, Pantenol",114.76
5404,Aqua Balm 158,Normal,"Niacinamida, Retinol, Agua Termal",176.99
5405,DermaFix 202,Sensible,"Urea, Manteca de Karité, Vitamina C, Pantenol",169.15
5406,SkinPure 179,Madura,"Manteca de Karité, Agua Termal, Aloe Vera",98.09
5407,OilControl 164,Seca,"Retinol, Ceramidas, Vitamina C, Aloe Vera",156.09
5408,SkinPure 253,Acneica,"Peptidos, Extracto de Té Verde, Manteca de Karité, Agua Termal",55.53
5409,Hydra Boost 2,Madura,"Peptidos, Niacinamida, Avena Coloidal, Pantenol",177.35
5410,Fresh Dew 214,Todo tipo,"Ácido Ferúlico, Zinc, Aceite de Jojoba, Retinol",180.69
5411,UltraSmooth 227,Acneica,"Urea, Ácido Hialurónico, Manteca de Karité",5.27
5412,Clear Skin 201,Sensible,"Avena Coloidal, Zinc, Ceramidas, Ácido Láctico",59.52
5413,RegenX 157,Sensible,"Manteca de Karité, Vitamina C, Avena Coloidal",115.37
5414,UltraSmooth 153,Normal,"Ácido Hialurónico, Avena Coloidal, Vitamina C, Ceramidas",82.07
5415,DermaFix 189,Normal,"Urea, Avena Coloidal, Manteca de Karité",107.36
5416,DermaFix 155,Seca,"Retinol, Vitamina C, Manteca de Karité, Ácido Láctico",130.15
5417,AcneFree 15,Seca,"Peptidos, Niacinamida, Ácido Salicílico",86.67
5418,RegenX 69,Seca,"Urea, Peptidos",195.53
5419,Hydra Boost 79,Madura,"Peptidos, Ácido Hialurónico",35.42
5420,Clear Skin 300,Acneica,"Ácido Hialurónico, Niacinamida, Agua Termal, Manteca de Karité",37.08
5421,SkinPure 243,Seca,"Glicerina, Ácido Láctico, Ceramidas, Avena Coloidal",99.16
5422,DermaFix 286,Normal,"Pantenol, Ácido Hialurónico, Vitamina C, Ácido Láctico",53.0
5423,DermaFix 28,Acneica,"Urea, Extracto de Té Verde, Niacinamida",154.41
5424,Clear Skin 270,Todo tipo,"Ácido Ferúlico, Vitamina C, Retinol, Niacinamida",153.14
5425,Hydra Boost 156,Mixta,"Retinol, Glicerina, Ácido Láctico",182.17
5426,UltraSmooth 293,Mixta,"Ácido Hialurónico, Niacinamida",167.08
5427,Clear Skin 22,Acneica,"Agua Termal, Niacinamida, Vitamina C, Extracto de Té Verde",139.43
5428,Silky Touch 277,Seca,"Zinc, Aceite de Jojoba, Ácido Salicílico",49.46
5429,DermaFix 79,Acneica,"Urea, Niacinamida, Ácido Hialurónico, Ceramidas",42.96
5430,CeraPlus 38,Todo tipo,"Glicerina, Agua Termal, Aceite de Jojoba",105.01
5431,Silky Touch 49,Grasa,"Ceramidas, Manteca de Karité, Glicerina, Agua Termal",99.69
5432,Hydra Boost 214,Madura,"Peptidos, Ceramidas, Ácido Ferúlico",45.48
5433,Fresh Dew 69,Grasa,"Ceramidas, Peptidos",26.96
5434,Radiant Day 67,Grasa,"Ácido Ferúlico, Urea",29.61
5435,CeraPlus 283,Normal,"Aceite de Jojoba, Aloe Vera, Retinol, Extracto de Té Verde",63.39
5436,Hydra Boost 252,Seca,"Ácido Láctico, Ácido Ferúlico, Ceramidas, Ácido Hialurónico",156.95
5437,BrightFix 202,Todo tipo,"Avena Coloidal, Extracto de Té Verde, Niacinamida",189.67
5438,Clear Skin 152,Seca,"Glicerina, Aloe Vera",46.6
5439,NutriGlow 7,Sensible,"Peptidos, Niacinamida, Aloe Vera, Ácido Láctico",129.37
5440,RegenX 94,Normal,"Ácido Salicílico, Ácido Hialurónico",119.48
5441,DermaFix 204,Acneica,"Niacinamida, Ácido Salicílico",153.65
5442,SunShield 243,Acneica,"Ácido Hialurónico, Aloe Vera, Ceramidas, Ácido Ferúlico",175.12
5443,Daily Moist 123,Mixta,"Ceramidas, Avena Coloidal, Glicerina, Manteca de Karité",135.38
5444,OilControl 152,Normal,"Extracto de Té Verde, Manteca de Karité, Retinol",68.51
5445,Glow Serum 207,Grasa,"Urea, Niacinamida, Ácido Láctico",127.56
5446,NutriGlow 190,Grasa,"Manteca de Karité, Peptidos",144.62
5447,Fresh Dew 45,Madura,"Avena Coloidal, Ácido Ferúlico, Ceramidas",130.33
5448,Radiant Day 257,Sensible,"Manteca de Karité, Aloe Vera, Extracto de Té Verde, Ácido Salicílico",194.71
5449,Silky Touch 250,Normal,"Vitamina C, Pantenol, Peptidos",39.46
5450,UltraSmooth 299,Todo tipo,"Agua Termal, Peptidos",31.52
5451,RegenX 48,Normal,"Ácido Ferúlico, Zinc, Ácido Hialurónico, Agua Termal",51.85
5452,NightCare 61,Todo tipo,"Ácido Ferúlico, Pantenol, Retinol",180.78
5453,SunShield 260,Madura,"Extracto de Té Verde, Retinol",130.52
5454,Daily Moist 44,Madura,"Vitamina C, Zinc",51.54
5455,AcneFree 94,Seca,"Ácido Salicílico, Ácido Hialurónico, Aloe Vera, Zinc",190.12
5456,Daily Moist 262,Acneica,"Ácido Hialurónico, Retinol",46.83
5457,Hydra Boost 42,Grasa,"Urea, Aceite de Jojoba, Ácido Láctico, Aloe Vera",49.8
5458,SkinPure 49,Madura,"Zinc, Ceramidas, Ácido Ferúlico",60.49
5459,BrightFix 16,Seca,"Niacinamida, Glicerina",183.06
5460,Glow Serum 61,Madura,"Vitamina C, Ceramidas, Avena Coloidal",69.83
5461,AcneFree 256,Sensible,"Manteca de Karité, Aceite de Jojoba",74.59
5462,Clear Skin 56,Acneica,"Zinc, Urea",101.62
5463,RegenX 6,Normal,"Pantenol, Retinol, Ácido Láctico, Glicerina",45.22
5464,DermaFix 141,Acneica,"Aloe Vera, Avena Coloidal",15.68
5465,CeraPlus 4,Normal,"Peptidos, Manteca de Karité",21.82
5466,Glow Serum 61,Grasa,"Ácido Ferúlico, Peptidos, Retinol",55.53
5467,Hydra Boost 293,Madura,"Extracto de Té Verde, Ceramidas, Ácido Láctico, Ácido Ferúlico",134.8
5468,AcneFree 57,Normal,"Niacinamida, Peptidos, Ácido Ferúlico, Retinol",104.21
5469,Aqua Balm 115,Todo tipo,"Ácido Hialurónico, Ceramidas",187.1
5470,SunShield 37,Seca,"Aceite de Jojoba, Aloe Vera, Glicerina",187.13
5471,RegenX 253,Madura,"Ácido Láctico, Ceramidas, Urea, Zinc",140.8
5472,CeraPlus 106,Todo tipo,"Peptidos, Ácido Hialurónico, Glicerina, Aloe Vera",92.78
5473,DermaFix 264,Todo tipo,"Ácido Ferúlico, Niacinamida",106.37
5474,Daily Moist 91,Todo tipo,"Glicerina, Vitamina C, Ácido Láctico",128.51
5475,Fresh Dew 41,Sensible,"Agua Termal, Urea",143.79
5476,SkinPure 67,Sensible,"Extracto de Té Verde, Manteca de Karité, Ácido Ferúlico",39.71
5477,AcneFree 211,Acneica,"Zinc, Vitamina C",25.96
5478,RegenX 158,Sensible,"Retinol, Ácido Hialurónico",40.62
5479,AgeDefy 195,Normal,"Ácido Salicílico, Agua Termal",38.98
5480,UltraSmooth 60,Acneica,"Retinol, Ácido Salicílico, Aloe Vera",8.62
5481,Fresh Dew 176,Seca,"Urea, Aceite de Jojoba, Ácido Láctico",181.68
5482,Clear Skin 83,Todo tipo,"Ácido Láctico, Glicerina",185.86
5483,OilControl 185,Normal,"Ácido Láctico, Niacinamida, Ceramidas, Pantenol",189.29
5484,DermaFix 20,Seca,"Ácido Láctico, Ácido Hialurónico, Retinol",116.22
5485,UltraSmooth 150,Acneica,"Urea, Peptidos, Pantenol, Extracto de Té Verde",179.53
5486,AgeDefy 201,Grasa,"Vitamina C, Pantenol",17.07
5487,UltraSmooth 287,Madura,"Ácido Ferúlico, Zinc, Peptidos, Retinol",59.3
5488,AgeDefy 136,Acneica,"Manteca de Karité, Ácido Hialurónico, Niacinamida",84.12
5489,SkinPure 102,Acneica,"Glicerina, Ácido Ferúlico, Manteca de Karité",114.17
5490,NightCare 58,Todo tipo,"Aceite de Jojoba, Ceramidas, Agua Termal",154.04
5491,Daily Moist 203,Sensible,"Agua Termal, Retinol",116.15
5492,NightCare 262,Normal,"Urea, Aceite de Jojoba, Ácido Hialurónico, Agua Termal",33.9
5493,Clear Skin 279,Grasa,"Ácido Salicílico, Urea, Ácido Láctico, Pantenol",103.33
5494,Daily Moist 159,Seca,"Ácido Láctico, Aceite de Jojoba, Manteca de Karité, Zinc",66.18
5495,Daily Moist 258,Seca,"Vitamina C, Peptidos, Ceramidas",167.9
5496,Silky Touch 76,Todo tipo,"Ácido Salicílico, Aloe Vera",118.71
5497,CeraPlus 10,Mixta,"Avena Coloidal, Urea, Ácido Láctico",7.04
5498,NutriGlow 286,Mixta,"Retinol, Glicerina, Ácido Ferúlico, Peptidos",72.41
5499,Fresh Dew 4,Madura,"Peptidos, Aceite de Jojoba, Niacinamida",100.26
5500,RegenX 77,Seca,"Ácido Hialurónico, Extracto de Té Verde, Aloe Vera, Agua Termal",196.33
5501,Glow Serum 248,Todo tipo,"Retinol, Urea",127.65
5502,Radiant Day 134,Normal,"Ácido Láctico, Agua Termal, Manteca de Karité",29.75
5503,CeraPlus 132,Todo tipo,"Aceite de Jojoba, Ácido Láctico, Glicerina, Extracto de Té Verde",127.9
5504,SkinPure 138,Seca,"Ácido Ferúlico, Ácido Salicílico",127.16
5505,Aqua Balm 295,Grasa,"Zinc, Agua Termal, Urea, Manteca de Karité",7.11
5506,BrightFix 138,Mixta,"Pantenol, Vitamina C, Ácido Ferúlico",33.27
5507,UltraSmooth 241,Grasa,"Avena Coloidal, Vitamina C, Glicerina",36.03
5508,DermaFix 264,Madura,"Ácido Ferúlico, Peptidos, Agua Termal, Ácido Hialurónico",30.24
5509,Glow Serum 135,Madura,"Avena Coloidal, Ácido Láctico, Niacinamida",76.17
5510,NutriGlow 89,Normal,"Zinc, Ácido Láctico",19.19
5511,Silky Touch 241,Acneica,"Ceramidas, Agua Termal",94.39
5512,Radiant Day 100,Mixta,"Peptidos, Vitamina C",171.7
5513,AgeDefy 10,Acneica,"Urea, Ceramidas, Retinol, Manteca de Karité",140.38
5514,NutriGlow 116,Seca,"Ácido Láctico, Ceramidas, Aceite de Jojoba",63.45
5515,OilControl 57,Todo tipo,"Ácido Hialurónico, Pantenol, Zinc",183.6
5516,Silky Touch 280,Acneica,"Ácido Ferúlico, Manteca de Karité, Zinc",182.96
5517,OilControl 121,Mixta,"Peptidos, Zinc, Aceite de Jojoba, Ceramidas",196.56
5518,SkinPure 197,Seca,"Urea, Glicerina, Pantenol",16.19
5519,RegenX 80,Seca,"Vitamina C, Agua Termal, Manteca de Karité, Peptidos",34.74
5520,NightCare 132,Seca,"Urea, Zinc",16.89
5521,Clear Skin 96,Normal,"Zinc, Niacinamida, Ácido Salicílico, Manteca de Karité",19.98
5522,Glow Serum 51,Todo tipo,"Ácido Láctico, Vitamina C, Zinc, Glicerina",178.65
5523,CeraPlus 134,Todo tipo,"Retinol, Agua Termal, Manteca de Karité, Ácido Láctico",40.01
5524,OilControl 153,Seca,"Manteca de Karité, Aloe Vera, Agua Termal, Glicerina",133.75
5525,AcneFree 236,Todo tipo,"Aloe Vera, Pantenol, Extracto de Té Verde, Agua Termal",114.83
5526,UltraSmooth 285,Sensible,"Vitamina C, Aloe Vera, Retinol, Extracto de Té Verde",67.94
5527,AcneFree 73,Grasa,"Pantenol, Glicerina, Extracto de Té Verde",103.28
5528,BrightFix 256,Normal,"Ácido Láctico, Zinc, Agua Termal",171.6
5529,Aqua Balm 79,Grasa,"Peptidos, Ácido Láctico, Vitamina C, Avena Coloidal",79.25
5530,NutriGlow 95,Sensible,"Ácido Hialurónico, Vitamina C, Pantenol",188.8
5531,NutriGlow 201,Normal,"Glicerina, Extracto de Té Verde, Manteca de Karité",72.31
5532,Silky Touch 202,Seca,"Vitamina C, Avena Coloidal, Urea, Manteca de Karité",71.1
5533,NutriGlow 237,Seca,"Retinol, Aloe Vera, Ácido Salicílico",196.08
5534,AcneFree 94,Sensible,"Avena Coloidal, Glicerina",172.1
5535,Glow Serum 210,Acneica,"Ácido Salicílico, Ceramidas",121.22
5536,NutriGlow 119,Sensible,"Aloe Vera, Retinol",54.52
5537,DermaFix 132,Mixta,"Pantenol, Niacinamida, Ácido Hialurónico, Ceramidas",75.07
5538,NutriGlow 249,Acneica,"Peptidos, Manteca de Karité",191.55
5539,Fresh Dew 235,Todo tipo,"Aceite de Jojoba, Ácido Láctico",122.51
5540,RegenX 157,Madura,"Ácido Salicílico, Retinol, Ácido Láctico, Aloe Vera",72.0
5541,Radiant Day 265,Grasa,"Glicerina, Pantenol",52.74
5542,Radiant Day 177,Acneica,"Aloe Vera, Ceramidas, Manteca de Karité",141.06
5543,OilControl 126,Madura,"Aloe Vera, Ácido Hialurónico, Glicerina",76.59
5544,UltraSmooth 126,Seca,"Ácido Ferúlico, Ceramidas, Extracto de Té Verde, Retinol",190.83
5545,Fresh Dew 91,Todo tipo,"Retinol, Ácido Ferúlico",110.78
5546,AcneFree 243,Madura,"Aceite de Jojoba, Ceramidas, Retinol, Zinc",17.25
5547,NightCare 154,Sensible,"Ácido Salicílico, Ácido Láctico, Ceramidas, Niacinamida",107.8
5548,DermaFix 89,Todo tipo,"Pantenol, Zinc",166.26
5549,BrightFix 255,Seca,"Glicerina, Peptidos",31.72
5550,Fresh Dew 120,Normal,"Glicerina, Ácido Ferúlico",140.72
5551,Aqua Balm 258,Madura,"Retinol, Ácido Ferúlico",146.72
5552,BrightFix 127,Madura,"Niacinamida, Pantenol",25.53
5553,BrightFix 128,Grasa,"Niacinamida, Extracto de Té Verde",179.75
5554,SunShield 59,Normal,"Agua Termal, Extracto de Té Verde",161.9
5555,Fresh Dew 43,Normal,"Peptidos, Retinol",187.1
5556,Clear Skin 63,Seca,"Niacinamida, Ácido Salicílico, Manteca de Karité",40.71
5557,NutriGlow 266,Mixta,"Ácido Hialurónico, Ácido Láctico",185.83
5558,Fresh Dew 265,Acneica,"Vitamina C, Zinc",79.14
5559,Aqua Balm 68,Normal,"Pantenol, Urea, Ácido Salicílico",131.54
5560,Daily Moist 57,Normal,"Aceite de Jojoba, Peptidos",123.81
5561,Silky Touch 90,Seca,"Aloe Vera, Zinc, Agua Termal",179.71
5562,Fresh Dew 272,Mixta,"Aceite de Jojoba, Manteca de Karité, Ceramidas, Urea",81.92
5563,DermaFix 278,Seca,"Pantenol, Aceite de Jojoba, Aloe Vera, Glicerina",114.01
5564,Fresh Dew 189,Madura,"Niacinamida, Ácido Ferúlico, Urea",50.03
5565,AgeDefy 182,Madura,"Zinc, Niacinamida",121.17
5566,Clear Skin 98,Grasa,"Aceite de Jojoba, Agua Termal",19.5
5567,AcneFree 296,Madura,"Retinol, Zinc, Vitamina C, Aceite de Jojoba",109.12
5568,NutriGlow 253,Todo tipo,"Urea, Ácido Salicílico, Pantenol, Ceramidas",142.11
5569,AgeDefy 32,Madura,"Peptidos, Retinol, Ácido Salicílico",68.52
5570,OilControl 201,Todo tipo,"Urea, Ceramidas",176.24
5571,UltraSmooth 206,Todo tipo,"Ácido Hialurónico, Vitamina C, Urea, Niacinamida",100.73
5572,Aqua Balm 260,Mixta,"Peptidos, Manteca de Karité",42.74
5573,Fresh Dew 53,Madura,"Agua Termal, Ceramidas",177.46
5574,Daily Moist 86,Todo tipo,"Vitamina C, Ácido Ferúlico, Aceite de Jojoba, Avena Coloidal",128.72
5575,Fresh Dew 99,Acneica,"Glicerina, Urea, Pantenol, Ceramidas",66.65
5576,CeraPlus 279,Acneica,"Retinol, Urea, Ácido Ferúlico",21.71
5577,UltraSmooth 261,Normal,"Glicerina, Peptidos, Pantenol, Zinc",71.45
5578,CeraPlus 131,Grasa,"Ácido Ferúlico, Glicerina, Niacinamida",189.69
5579,BrightFix 170,Sensible,"Vitamina C, Pantenol",113.55
5580,Aqua Balm 35,Acneica,"Ácido Hialurónico, Manteca de Karité, Avena Coloidal, Urea",128.01
5581,Aqua Balm 217,Madura,"Pantenol, Niacinamida",94.82
5582,SunShield 107,Normal,"Ceramidas, Manteca de Karité, Vitamina C",90.94
5583,OilControl 80,Grasa,"Pantenol, Retinol, Ácido Láctico",53.34
5584,SunShield 130,Sensible,"Urea, Peptidos, Extracto de Té Verde",93.58
5585,SunShield 246,Grasa,"Retinol, Aloe Vera, Ceramidas, Urea",162.52
5586,NightCare 293,Acneica,"Peptidos, Zinc, Pantenol, Ácido Hialurónico",137.23
5587,AgeDefy 132,Sensible,"Agua Termal, Aloe Vera, Ceramidas, Urea",83.98
5588,Silky Touch 42,Grasa,"Peptidos, Vitamina C, Ácido Salicílico, Manteca de Karité",25.36
5589,Radiant Day 226,Todo tipo,"Ácido Hialurónico, Niacinamida, Zinc",152.93
5590,NutriGlow 17,Mixta,"Niacinamida, Zinc, Urea, Aceite de Jojoba",99.14
5591,SunShield 254,Seca,"Vitamina C, Ceramidas, Glicerina",143.41
5592,SunShield 287,Acneica,"Aloe Vera, Ácido Ferúlico, Agua Termal",30.08
5593,Silky Touch 224,Sensible,"Niacinamida, Pantenol, Ácido Láctico, Agua Termal",197.38
5594,AcneFree 206,Madura,"Ácido Láctico, Ceramidas, Vitamina C, Zinc",44.36
5595,NightCare 14,Grasa,"Manteca de Karité, Glicerina",113.48
5596,UltraSmooth 293,Normal,"Ceramidas, Extracto de Té Verde",29.78
5597,Clear Skin 242,Acneica,"Ácido Láctico, Aloe Vera, Extracto de Té Verde, Ácido Hialurónico",22.99
5598,Hydra Boost 83,Normal,"Urea, Aloe Vera",41.56
5599,SkinPure 130,Grasa,"Ácido Ferúlico, Ácido Salicílico",149.83
5600,Clear Skin 104,Normal,"Aloe Vera, Urea, Ácido Láctico",41.03
5601,Daily Moist 70,Normal,"Niacinamida, Aloe Vera",158.06
5602,NutriGlow 207,Sensible,"Peptidos, Agua Termal, Aloe Vera",65.49
5603,DermaFix 287,Normal,"Peptidos, Ceramidas, Ácido Ferúlico",195.98
5604,RegenX 228,Sensible,"Aceite de Jojoba, Ceramidas",160.93
5605,Hydra Boost 228,Mixta,"Urea, Manteca de Karité",27.4
5606,BrightFix 253,Sensible,"Niacinamida, Retinol",171.95
5607,AgeDefy 230,Sensible,"Ácido Salicílico, Avena Coloidal",77.86
5608,NutriGlow 56,Grasa,"Peptidos, Manteca de Karité",76.86
5609,Radiant Day 23,Seca,"Aloe Vera, Peptidos, Ceramidas, Ácido Hialurónico",37.72
5610,Daily Moist 216,Mixta,"Peptidos, Retinol",199.88
5611,AgeDefy 204,Sensible,"Ácido Salicílico, Glicerina, Urea, Extracto de Té Verde",42.99
5612,OilControl 277,Todo tipo,"Niacinamida, Pantenol, Urea",113.19
5613,Silky Touch 145,Todo tipo,"Aloe Vera, Vitamina C, Ácido Ferúlico, Aceite de Jojoba",119.65
5614,DermaFix 11,Normal,"Ácido Láctico, Aceite de Jojoba, Agua Termal",153.5
5615,OilControl 76,Madura,"Aceite de Jojoba, Extracto de Té Verde",97.88
5616,OilControl 240,Normal,"Peptidos, Niacinamida, Aceite de Jojoba, Ceramidas",186.64
5617,Silky Touch 197,Seca,"Niacinamida, Retinol, Ácido Ferúlico",53.58
5618,AcneFree 126,Acneica,"Ácido Salicílico, Extracto de Té Verde",162.3
5619,Radiant Day 263,Grasa,"Ácido Láctico, Retinol, Ácido Ferúlico",168.98
5620,Fresh Dew 102,Normal,"Urea, Niacinamida, Pantenol, Avena Coloidal",185.06
5621,Aqua Balm 225,Todo tipo,"Manteca de Karité, Agua Termal",105.64
5622,RegenX 264,Acneica,"Extracto de Té Verde, Ácido Láctico, Glicerina, Ácido Ferúlico",103.21
5623,NightCare 158,Sensible,"Urea, Extracto de Té Verde, Manteca de Karité, Niacinamida",77.35
5624,Radiant Day 147,Normal,"Aloe Vera, Avena Coloidal",56.43
5625,Clear Skin 214,Seca,"Ácido Láctico, Ceramidas, Peptidos",186.76
5626,Daily Moist 260,Normal,"Ceramidas, Glicerina",135.96
5627,NutriGlow 83,Todo tipo,"Vitamina C, Avena Coloidal, Ácido Láctico",59.51
5628,Hydra Boost 24,Sensible,"Pantenol, Agua Termal, Retinol, Zinc",21.92
5629,Silky Touch 298,Acneica,"Aceite de Jojoba, Zinc",160.71
5630,Glow Serum 231,Todo tipo,"Extracto de Té Verde, Aloe Vera, Urea",149.02
5631,Glow Serum 8,Seca,"Agua Termal, Ceramidas",11.4
5632,DermaFix 29,Sensible,"Ácido Salicílico, Aloe Vera, Agua Termal, Glicerina",196.9
5633,AgeDefy 22,Madura,"Manteca de Karité, Urea, Ceramidas",166.67
5634,UltraSmooth 298,Grasa,"Urea, Niacinamida, Manteca de Karité",53.35
5635,NutriGlow 227,Madura,"Aceite de Jojoba, Ácido Láctico, Extracto de Té Verde, Zinc",193.29
5636,Clear Skin 14,Sensible,"Ácido Salicílico, Agua Termal, Ácido Ferúlico",94.69
5637,Glow Serum 165,Normal,"Ácido Hialurónico, Ácido Láctico, Urea, Ceramidas",117.13
5638,AgeDefy 225,Mixta,"Peptidos, Retinol, Vitamina C",167.19
5639,SkinPure 76,Sensible,"Urea, Aceite de Jojoba, Extracto de Té Verde",187.96
5640,Hydra Boost 69,Sensible,"Ácido Salicílico, Retinol",19.04
5641,OilControl 184,Todo tipo,"Ácido Salicílico, Pantenol",67.66
5642,BrightFix 197,Sensible,"Zinc, Manteca de Karité, Glicerina, Niacinamida",136.99
5643,Silky Touch 63,Normal,"Agua Termal, Vitamina C, Ceramidas",132.75
5644,BrightFix 73,Normal,"Manteca de Karité, Ácido Hialurónico",60.24
5645,Silky Touch 54,Madura,"Ácido Salicílico, Vitamina C, Ceramidas, Ácido Láctico",194.78
5646,AgeDefy 297,Seca,"Urea, Peptidos, Avena Coloidal",84.73
5647,CeraPlus 211,Acneica,"Aceite de Jojoba, Glicerina",5.74
5648,SunShield 246,Grasa,"Aceite de Jojoba, Niacinamida",30.96
5649,Clear Skin 99,Mixta,"Niacinamida, Ácido Hialurónico, Ceramidas, Zinc",132.99
5650,RegenX 107,Grasa,"Urea, Ácido Hialurónico, Vitamina C, Extracto de Té Verde",172.97
5651,Radiant Day 33,Grasa,"Ácido Hialurónico, Avena Coloidal",67.03
5652,Hydra Boost 249,Normal,"Glicerina, Ácido Ferúlico",43.38
5653,UltraSmooth 224,Normal,"Peptidos, Urea, Avena Coloidal, Ceramidas",162.5
5654,UltraSmooth 20,Todo tipo,"Manteca de Karité, Retinol",67.05
5655,Clear Skin 58,Sensible,"Retinol, Manteca de Karité, Urea, Ácido Ferúlico",126.86
5656,UltraSmooth 27,Normal,"Aceite de Jojoba, Niacinamida, Pantenol, Glicerina",163.26
5657,NutriGlow 186,Mixta,"Manteca de Karité, Ácido Ferúlico, Aloe Vera",162.16
5658,UltraSmooth 265,Normal,"Zinc, Peptidos",120.71
5659,OilControl 234,Seca,"Ceramidas, Retinol, Ácido Ferúlico, Ácido Láctico",152.85
5660,SunShield 105,Grasa,"Ácido Láctico, Glicerina",131.38
5661,Glow Serum 23,Mixta,"Ácido Hialurónico, Niacinamida, Ácido Láctico",44.78
5662,Clear Skin 283,Normal,"Ceramidas, Ácido Hialurónico",28.12
5663,Silky Touch 211,Sensible,"Ácido Ferúlico, Peptidos",59.29
5664,AcneFree 86,Acneica,"Ceramidas, Agua Termal, Manteca de Karité, Extracto de Té Verde",129.86
5665,SunShield 229,Madura,"Avena Coloidal, Zinc",164.08
5666,Clear Skin 16,Sensible,"Ceramidas, Pantenol, Ácido Salicílico",52.99
5667,DermaFix 144,Todo tipo,"Zinc, Aloe Vera, Ácido Salicílico, Vitamina C",155.5
5668,Radiant Day 196,Todo tipo,"Aceite de Jojoba, Avena Coloidal, Ceramidas, Aloe Vera",18.18
5669,RegenX 254,Acneica,"Manteca de Karité, Ceramidas, Ácido Ferúlico, Agua Termal",121.12
5670,Silky Touch 128,Todo tipo,"Aceite de Jojoba, Pantenol",164.85
5671,Silky Touch 286,Mixta,"Agua Termal, Zinc, Aceite de Jojoba, Ácido Hialurónico",18.58
5672,Silky Touch 83,Normal,"Manteca de Karité, Zinc, Extracto de Té Verde",101.7
5673,SkinPure 76,Seca,"Pantenol, Ácido Salicílico",163.32
5674,Radiant Day 12,Seca,"Ácido Salicílico, Extracto de Té Verde, Ácido Láctico",152.18
5675,Radiant Day 276,Todo tipo,"Retinol, Urea, Ceramidas",99.81
5676,Fresh Dew 84,Acneica,"Retinol, Urea, Avena Coloidal, Peptidos",161.05
5677,Daily Moist 12,Normal,"Manteca de Karité, Aceite de Jojoba, Ácido Hialurónico",48.54
5678,NutriGlow 164,Mixta,"Avena Coloidal, Urea, Peptidos",52.38
5679,SkinPure 163,Seca,"Pantenol, Urea",87.21
5680,Glow Serum 300,Acneica,"Ácido Hialurónico, Urea, Ácido Ferúlico",92.51
5681,Hydra Boost 49,Normal,"Avena Coloidal, Niacinamida, Aceite de Jojoba, Ácido Salicílico",173.54
5682,AgeDefy 159,Madura,"Retinol, Ácido Láctico, Urea",21.84
5683,AcneFree 255,Seca,"Retinol, Aloe Vera, Avena Coloidal",149.99
5684,OilControl 138,Todo tipo,"Ácido Salicílico, Zinc, Vitamina C",96.43
5685,AcneFree 8,Todo tipo,"Aloe Vera, Aceite de Jojoba, Avena Coloidal",17.5
5686,CeraPlus 146,Todo tipo,"Ceramidas, Ácido Hialurónico, Avena Coloidal",137.7
5687,BrightFix 170,Todo tipo,"Manteca de Karité, Retinol, Pantenol",144.51
5688,Hydra Boost 145,Normal,"Manteca de Karité, Urea, Agua Termal, Ácido Láctico",17.99
5689,AgeDefy 269,Normal,"Ácido Hialurónico, Peptidos, Retinol",148.83
5690,UltraSmooth 265,Madura,"Ácido Ferúlico, Ácido Láctico, Retinol",43.82
5691,UltraSmooth 148,Acneica,"Vitamina C, Avena Coloidal, Urea, Ácido Hialurónico",90.05
5692,DermaFix 133,Normal,"Pantenol, Manteca de Karité, Ácido Láctico",22.02
5693,Aqua Balm 147,Todo tipo,"Manteca de Karité, Pantenol",130.75
5694,Aqua Balm 19,Seca,"Urea, Ácido Salicílico, Ceramidas",59.22
5695,Daily Moist 173,Normal,"Ácido Láctico, Manteca de Karité",165.69
5696,Daily Moist 152,Acneica,"Aloe Vera, Agua Termal, Zinc",46.76
5697,SunShield 75,Grasa,"Ceramidas, Urea",55.69
5698,Silky Touch 122,Madura,"Peptidos, Aceite de Jojoba, Ácido Salicílico",80.96
5699,UltraSmooth 13,Madura,"Extracto de Té Verde, Pantenol, Manteca de Karité",49.47
5700,OilControl 294,Sensible,"Glicerina, Peptidos",80.39
5701,Fresh Dew 268,Grasa,"Ácido Ferúlico, Aloe Vera, Aceite de Jojoba",84.8
5702,Aqua Balm 101,Seca,"Manteca de Karité, Peptidos",145.77
5703,Daily Moist 245,Seca,"Pantenol, Vitamina C",85.97
5704,SkinPure 75,Acneica,"Ácido Ferúlico, Retinol, Ceramidas",116.07
5705,Fresh Dew 123,Acneica,"Avena Coloidal, Ácido Láctico, Peptidos, Ácido Salicílico",179.5
5706,DermaFix 79,Acneica,"Urea, Pantenol, Vitamina C, Niacinamida",149.88
5707,Aqua Balm 37,Normal,"Aceite de Jojoba, Retinol, Ácido Láctico",69.72
5708,Hydra Boost 72,Seca,"Ácido Ferúlico, Pantenol, Zinc, Retinol",31.91
5709,AcneFree 9,Normal,"Manteca de Karité, Avena Coloidal, Ceramidas, Extracto de Té Verde",93.78
5710,NightCare 189,Todo tipo,"Retinol, Niacinamida, Aloe Vera",91.07
5711,BrightFix 203,Madura,"Ácido Ferúlico, Ácido Salicílico, Agua Termal",54.67
5712,UltraSmooth 77,Todo tipo,"Ácido Ferúlico, Extracto de Té Verde, Avena Coloidal",134.74
5713,CeraPlus 48,Sensible,"Ácido Láctico, Extracto de Té Verde",152.23
5714,DermaFix 106,Madura,"Ceramidas, Pantenol",92.16
5715,Clear Skin 152,Sensible,"Avena Coloidal, Glicerina",153.23
5716,CeraPlus 29,Acneica,"Ácido Láctico, Ceramidas, Aceite de Jojoba",97.31
5717,UltraSmooth 234,Grasa,"Extracto de Té Verde, Peptidos, Ácido Láctico, Pantenol",39.69
5718,NutriGlow 226,Mixta,"Aceite de Jojoba, Vitamina C, Ácido Ferúlico, Aloe Vera",166.71
5719,DermaFix 82,Mixta,"Vitamina C, Extracto de Té Verde, Urea, Avena Coloidal",166.19
5720,Silky Touch 137,Acneica,"Ácido Salicílico, Vitamina C, Glicerina",124.51
5721,UltraSmooth 157,Seca,"Avena Coloidal, Ácido Hialurónico, Ácido Salicílico",116.68
5722,DermaFix 19,Grasa,"Urea, Manteca de Karité",147.07
5723,AcneFree 73,Normal,"Urea, Vitamina C",43.5
5724,AcneFree 290,Mixta,"Manteca de Karité, Retinol, Pantenol, Peptidos",13.82
5725,Aqua Balm 207,Acneica,"Ácido Láctico, Peptidos",156.93
5726,Clear Skin 53,Madura,"Manteca de Karité, Ácido Salicílico",175.78
5727,CeraPlus 286,Normal,"Zinc, Avena Coloidal",125.62
5728,Radiant Day 104,Todo tipo,"Urea, Ácido Láctico, Zinc, Avena Coloidal",95.31
5729,BrightFix 24,Sensible,"Vitamina C, Manteca de Karité",47.78
5730,Silky Touch 35,Acneica,"Aceite de Jojoba, Urea",111.18
5731,Daily Moist 179,Grasa,"Urea, Glicerina, Zinc, Retinol",39.36
5732,SkinPure 38,Todo tipo,"Zinc, Extracto de Té Verde",42.22
5733,NutriGlow 144,Grasa,"Manteca de Karité, Retinol, Agua Termal",44.52
5734,OilControl 175,Seca,"Peptidos, Pantenol",21.7
5735,CeraPlus 253,Grasa,"Ácido Hialurónico, Ácido Láctico, Avena Coloidal, Peptidos",75.59
5736,BrightFix 150,Normal,"Peptidos, Niacinamida",167.8
5737,DermaFix 117,Mixta,"Agua Termal, Ácido Salicílico, Avena Coloidal, Niacinamida",68.69
5738,SkinPure 12,Grasa,"Vitamina C, Ácido Ferúlico",175.49
5739,DermaFix 272,Seca,"Vitamina C, Ácido Salicílico, Niacinamida",172.86
5740,SkinPure 62,Grasa,"Zinc, Ceramidas",196.34
5741,Daily Moist 284,Seca,"Ceramidas, Vitamina C",87.42
5742,OilControl 6,Normal,"Glicerina, Retinol, Aloe Vera, Aceite de Jojoba",80.36
5743,NightCare 158,Acneica,"Ácido Láctico, Ácido Hialurónico",20.59
5744,BrightFix 189,Seca,"Glicerina, Aceite de Jojoba, Ceramidas",119.58
5745,OilControl 167,Acneica,"Aloe Vera, Extracto de Té Verde, Avena Coloidal",79.56
5746,CeraPlus 138,Normal,"Ácido Salicílico, Agua Termal, Pantenol",48.3
5747,NightCare 186,Sensible,"Ceramidas, Urea, Retinol",146.81
5748,Radiant Day 138,Sensible,"Extracto de Té Verde, Aloe Vera, Aceite de Jojoba",140.53
5749,SkinPure 200,Normal,"Niacinamida, Extracto de Té Verde, Aloe Vera",67.07
5750,Clear Skin 29,Sensible,"Ceramidas, Ácido Hialurónico, Vitamina C, Retinol",93.51
5751,Radiant Day 42,Acneica,"Urea, Ácido Hialurónico",101.99
5752,DermaFix 106,Acneica,"Pantenol, Peptidos, Ceramidas, Ácido Ferúlico",162.71
5753,Aqua Balm 59,Sensible,"Aloe Vera, Avena Coloidal",33.2
5754,Clear Skin 78,Mixta,"Ácido Ferúlico, Vitamina C",152.76
5755,NutriGlow 76,Mixta,"Glicerina, Ácido Láctico",74.1
5756,SkinPure 16,Mixta,"Aceite de Jojoba, Ácido Hialurónico, Ceramidas, Glicerina",150.33
5757,UltraSmooth 103,Seca,"Zinc, Glicerina, Aloe Vera",134.87
5758,SunShield 48,Grasa,"Ácido Hialurónico, Glicerina",71.49
5759,Glow Serum 242,Grasa,"Aloe Vera, Niacinamida, Retinol, Pantenol",145.32
5760,SkinPure 57,Todo tipo,"Ceramidas, Pantenol, Avena Coloidal",105.48
5761,CeraPlus 114,Sensible,"Manteca de Karité, Extracto de Té Verde, Vitamina C",175.75
5762,Hydra Boost 192,Normal,"Ácido Hialurónico, Ácido Salicílico, Pantenol",120.61
5763,Daily Moist 188,Grasa,"Vitamina C, Avena Coloidal",24.77
5764,Clear Skin 189,Seca,"Niacinamida, Aloe Vera",165.21
5765,Radiant Day 292,Sensible,"Niacinamida, Ácido Láctico, Zinc, Aloe Vera",87.36
5766,RegenX 173,Grasa,"Zinc, Ácido Hialurónico",119.58
5767,SkinPure 252,Mixta,"Ceramidas, Aceite de Jojoba",151.35
5768,Hydra Boost 29,Todo tipo,"Retinol, Peptidos, Ácido Ferúlico",79.66
5769,Daily Moist 100,Normal,"Ácido Ferúlico, Ácido Láctico, Aceite de Jojoba",71.85
5770,AcneFree 190,Grasa,"Glicerina, Aloe Vera",73.87
5771,Silky Touch 59,Mixta,"Niacinamida, Aceite de Jojoba, Glicerina",22.03
5772,Silky Touch 164,Mixta,"Pantenol, Retinol",122.86
5773,UltraSmooth 289,Sensible,"Niacinamida, Agua Termal, Manteca de Karité",84.32
5774,Radiant Day 225,Acneica,"Pantenol, Aceite de Jojoba",85.21
5775,Clear Skin 104,Todo tipo,"Zinc, Pantenol, Extracto de Té Verde, Glicerina",116.05
5776,Hydra Boost 119,Madura,"Urea, Ácido Ferúlico",61.6
5777,RegenX 18,Mixta,"Agua Termal, Avena Coloidal, Ácido Hialurónico",94.59
5778,Daily Moist 282,Acneica,"Agua Termal, Zinc, Ácido Hialurónico, Retinol",187.36
5779,UltraSmooth 298,Seca,"Niacinamida, Ácido Salicílico",152.01
5780,Clear Skin 291,Sensible,"Aceite de Jojoba, Ácido Salicílico, Zinc",147.6
5781,Daily Moist 59,Grasa,"Extracto de Té Verde, Peptidos",32.67
5782,SunShield 64,Sensible,"Retinol, Ácido Ferúlico, Niacinamida, Manteca de Karité",173.91
5783,Aqua Balm 198,Sensible,"Ceramidas, Ácido Ferúlico, Pantenol",129.73
5784,Radiant Day 127,Mixta,"Ceramidas, Aloe Vera, Vitamina C, Glicerina",173.63
5785,Glow Serum 260,Sensible,"Peptidos, Ácido Hialurónico, Ceramidas, Extracto de Té Verde",112.79
5786,DermaFix 289,Mixta,"Aceite de Jojoba, Avena Coloidal",39.35
5787,Radiant Day 205,Madura,"Ácido Hialurónico, Ácido Ferúlico, Retinol",87.27
5788,NightCare 296,Mixta,"Ácido Ferúlico, Urea, Glicerina",70.4
5789,SunShield 175,Normal,"Extracto de Té Verde, Urea",14.13
5790,Hydra Boost 73,Madura,"Ácido Ferúlico, Zinc",25.97
5791,Glow Serum 107,Acneica,"Pantenol, Extracto de Té Verde",35.19
5792,Glow Serum 162,Sensible,"Ácido Salicílico, Ácido Hialurónico, Pantenol",189.58
5793,CeraPlus 161,Normal,"Aloe Vera, Niacinamida, Vitamina C",171.11
5794,Daily Moist 281,Todo tipo,"Agua Termal, Ácido Ferúlico, Retinol, Aceite de Jojoba",70.72
5795,UltraSmooth 279,Todo tipo,"Urea, Avena Coloidal, Peptidos, Ácido Ferúlico",131.57
5796,Hydra Boost 224,Sensible,"Urea, Extracto de Té Verde",63.07
5797,DermaFix 190,Todo tipo,"Urea, Ácido Ferúlico, Avena Coloidal, Retinol",52.58
5798,Fresh Dew 265,Sensible,"Aloe Vera, Extracto de Té Verde, Retinol",99.11
5799,Aqua Balm 113,Grasa,"Ácido Ferúlico, Ácido Salicílico",123.14
5800,SkinPure 159,Grasa,"Urea, Zinc, Ceramidas",167.65
5801,Radiant Day 98,Acneica,"Retinol, Niacinamida, Ácido Ferúlico",45.91
5802,Radiant Day 198,Acneica,"Aloe Vera, Vitamina C, Agua Termal, Avena Coloidal",107.28
5803,UltraSmooth 122,Grasa,"Ácido Salicílico, Niacinamida",144.8
5804,BrightFix 29,Acneica,"Niacinamida, Ceramidas, Glicerina",169.88
5805,Hydra Boost 75,Mixta,"Ceramidas, Aloe Vera, Urea",10.89
5806,SunShield 164,Acneica,"Aloe Vera, Peptidos",144.15
5807,AgeDefy 81,Mixta,"Urea, Glicerina",188.13
5808,OilControl 1,Seca,"Zinc, Ácido Láctico",68.34
5809,Fresh Dew 184,Seca,"Ácido Salicílico, Ácido Ferúlico, Avena Coloidal, Zinc",199.22
5810,Aqua Balm 85,Mixta,"Retinol, Extracto de Té Verde",95.46
5811,Silky Touch 48,Madura,"Manteca de Karité, Glicerina",73.68
5812,Silky Touch 77,Acneica,"Urea, Aloe Vera",129.36
5813,CeraPlus 54,Normal,"Ácido Ferúlico, Aceite de Jojoba",157.85
5814,BrightFix 67,Normal,"Niacinamida, Retinol, Vitamina C, Ácido Salicílico",198.34
5815,OilControl 120,Mixta,"Niacinamida, Aloe Vera",122.46
5816,SunShield 294,Madura,"Aloe Vera, Ácido Ferúlico",162.48
5817,SunShield 214,Acneica,"Extracto de Té Verde, Glicerina",129.39
5818,CeraPlus 125,Grasa,"Aceite de Jojoba, Ácido Hialurónico",29.86
5819,Radiant Day 250,Mixta,"Vitamina C, Agua Termal, Urea",152.24
5820,AcneFree 130,Mixta,"Ácido Láctico, Urea",184.06
5821,Aqua Balm 209,Normal,"Zinc, Ácido Láctico, Vitamina C, Niacinamida",114.89
5822,AgeDefy 180,Sensible,"Avena Coloidal, Glicerina, Agua Termal",40.01
5823,RegenX 218,Madura,"Ácido Láctico, Peptidos, Manteca de Karité",154.59
5824,SunShield 70,Normal,"Urea, Ácido Ferúlico",196.67
5825,CeraPlus 178,Acneica,"Ácido Láctico, Aloe Vera",48.39
5826,BrightFix 51,Todo tipo,"Pantenol, Vitamina C, Ácido Ferúlico",108.69
5827,Hydra Boost 259,Normal,"Ceramidas, Ácido Ferúlico",124.98
5828,Fresh Dew 25,Mixta,"Aceite de Jojoba, Ácido Láctico, Niacinamida",198.62
5829,OilControl 125,Sensible,"Zinc, Niacinamida",197.46
5830,NightCare 90,Grasa,"Glicerina, Aceite de Jojoba",187.73
5831,SkinPure 116,Todo tipo,"Avena Coloidal, Peptidos, Aloe Vera",39.06
5832,AgeDefy 52,Seca,"Ácido Salicílico, Ceramidas",146.99
5833,RegenX 176,Normal,"Zinc, Peptidos, Glicerina, Manteca de Karité",171.6
5834,Fresh Dew 74,Grasa,"Vitamina C, Agua Termal, Glicerina, Pantenol",69.72
5835,Fresh Dew 288,Normal,"Avena Coloidal, Urea, Glicerina",103.55
5836,SkinPure 155,Acneica,"Ácido Ferúlico, Pantenol",71.54
5837,Silky Touch 65,Madura,"Urea, Zinc, Niacinamida",102.79
5838,RegenX 140,Todo tipo,"Ceramidas, Ácido Láctico, Aceite de Jojoba, Vitamina C",36.15
5839,CeraPlus 81,Sensible,"Ácido Hialurónico, Avena Coloidal, Agua Termal",81.72
5840,RegenX 44,Madura,"Urea, Ácido Ferúlico, Agua Termal",79.19
5841,Fresh Dew 188,Normal,"Aceite de Jojoba, Glicerina",8.91
5842,Silky Touch 245,Acneica,"Ácido Salicílico, Pantenol, Retinol",70.37
5843,Glow Serum 66,Madura,"Glicerina, Pantenol, Manteca de Karité",121.35
5844,DermaFix 21,Madura,"Niacinamida, Aceite de Jojoba",44.91
5845,Clear Skin 56,Mixta,"Peptidos, Manteca de Karité, Ácido Láctico",37.84
5846,Aqua Balm 279,Grasa,"Manteca de Karité, Extracto de Té Verde",180.48
5847,Glow Serum 33,Mixta,"Urea, Zinc, Extracto de Té Verde, Peptidos",155.08
5848,NutriGlow 102,Sensible,"Retinol, Ácido Salicílico, Glicerina, Manteca de Karité",82.55
5849,Daily Moist 34,Mixta,"Avena Coloidal, Urea, Aceite de Jojoba, Niacinamida",75.08
5850,CeraPlus 4,Madura,"Aceite de Jojoba, Ácido Láctico, Ácido Ferúlico, Agua Termal",76.26
5851,Aqua Balm 269,Grasa,"Ácido Hialurónico, Aceite de Jojoba, Ceramidas, Ácido Salicílico",65.91
5852,SkinPure 233,Acneica,"Niacinamida, Urea, Aceite de Jojoba",163.8
5853,Daily Moist 269,Normal,"Ácido Láctico, Urea",111.84
5854,Glow Serum 72,Grasa,"Ácido Salicílico, Avena Coloidal",44.71
5855,NightCare 51,Normal,"Ácido Ferúlico, Aceite de Jojoba",16.53
5856,NutriGlow 198,Todo tipo,"Ceramidas, Ácido Hialurónico, Pantenol, Ácido Salicílico",98.58
5857,DermaFix 295,Normal,"Niacinamida, Urea, Avena Coloidal",163.39
5858,Clear Skin 28,Grasa,"Pantenol, Aloe Vera",121.2
5859,UltraSmooth 157,Normal,"Peptidos, Aceite de Jojoba",75.3
5860,SunShield 92,Mixta,"Avena Coloidal, Ácido Ferúlico",19.71
5861,Fresh Dew 139,Sensible,"Pantenol, Ácido Láctico, Ácido Salicílico, Zinc",141.44
5862,AcneFree 55,Seca,"Pantenol, Zinc",198.41
5863,UltraSmooth 45,Todo tipo,"Peptidos, Ácido Hialurónico, Extracto de Té Verde, Glicerina",37.88
5864,BrightFix 18,Mixta,"Peptidos, Vitamina C, Aloe Vera",51.72
5865,Silky Touch 253,Normal,"Agua Termal, Niacinamida, Pantenol",102.12
5866,OilControl 261,Normal,"Zinc, Niacinamida",23.02
5867,Silky Touch 63,Seca,"Agua Termal, Aloe Vera, Ácido Hialurónico, Manteca de Karité",135.52
5868,RegenX 138,Acneica,"Agua Termal, Vitamina C, Ácido Hialurónico",16.65
5869,NightCare 16,Sensible,"Ácido Ferúlico, Agua Termal, Niacinamida",155.75
5870,Radiant Day 22,Mixta,"Niacinamida, Manteca de Karité",124.46
5871,CeraPlus 42,Normal,"Ácido Láctico, Ácido Hialurónico, Pantenol, Ácido Salicílico",142.31
5872,Radiant Day 61,Todo tipo,"Avena Coloidal, Urea, Glicerina",55.56
5873,Fresh Dew 149,Acneica,"Manteca de Karité, Ácido Láctico, Glicerina",131.33
5874,SunShield 28,Todo tipo,"Ácido Láctico, Urea, Aloe Vera",43.05
5875,SkinPure 186,Todo tipo,"Aceite de Jojoba, Vitamina C, Pantenol, Ceramidas",143.67
5876,AgeDefy 41,Todo tipo,"Extracto de Té Verde, Vitamina C, Manteca de Karité, Ácido Hialurónico",50.13
5877,SunShield 286,Sensible,"Manteca de Karité, Glicerina, Avena Coloidal",136.83
5878,NightCare 84,Todo tipo,"Avena Coloidal, Ácido Láctico",88.68
5879,NightCare 227,Sensible,"Retinol, Manteca de Karité, Ácido Ferúlico, Ácido Láctico",20.65
5880,NutriGlow 148,Normal,"Ácido Hialurónico, Urea, Ácido Láctico, Retinol",14.83
5881,DermaFix 194,Acneica,"Vitamina C, Manteca de Karité",10.21
5882,RegenX 268,Todo tipo,"Vitamina C, Urea, Glicerina, Ácido Hialurónico",84.65
5883,Fresh Dew 252,Seca,"Ácido Ferúlico, Peptidos, Zinc",139.13
5884,BrightFix 174,Sensible,"Agua Termal, Aceite de Jojoba, Vitamina C",174.28
5885,Clear Skin 152,Seca,"Aceite de Jojoba, Avena Coloidal, Manteca de Karité",25.2
5886,SunShield 215,Madura,"Aceite de Jojoba, Avena Coloidal, Extracto de Té Verde, Aloe Vera",178.27
5887,RegenX 136,Mixta,"Agua Termal, Pantenol, Peptidos",118.02
5888,Daily Moist 124,Seca,"Ácido Hialurónico, Aceite de Jojoba, Ácido Láctico, Agua Termal",146.5
5889,Aqua Balm 239,Madura,"Avena Coloidal, Glicerina, Aloe Vera, Extracto de Té Verde",160.35
5890,Glow Serum 115,Todo tipo,"Vitamina C, Ácido Ferúlico, Aceite de Jojoba, Pantenol",185.76
5891,AgeDefy 83,Grasa,"Avena Coloidal, Manteca de Karité, Ácido Salicílico",141.91
5892,Daily Moist 284,Mixta,"Vitamina C, Niacinamida",12.63
5893,Fresh Dew 90,Grasa,"Manteca de Karité, Peptidos, Pantenol",44.33
5894,DermaFix 61,Normal,"Extracto de Té Verde, Niacinamida, Manteca de Karité",37.91
5895,AgeDefy 276,Madura,"Zinc, Niacinamida, Ceramidas, Vitamina C",135.5
5896,Radiant Day 253,Sensible,"Pantenol, Niacinamida",9.11
5897,NutriGlow 9,Madura,"Urea, Extracto de Té Verde, Ácido Ferúlico",172.13
5898,AcneFree 261,Normal,"Pantenol, Retinol",26.36
5899,Fresh Dew 83,Acneica,"Manteca de Karité, Retinol, Ácido Hialurónico",130.94
5900,Clear Skin 267,Grasa,"Manteca de Karité, Ácido Hialurónico, Extracto de Té Verde, Aloe Vera",56.49
5901,CeraPlus 39,Seca,"Ácido Ferúlico, Ácido Láctico, Avena Coloidal",160.93
5902,Silky Touch 229,Madura,"Urea, Aloe Vera",49.66
5903,AcneFree 263,Normal,"Niacinamida, Ácido Ferúlico, Pantenol",122.65
5904,AcneFree 110,Grasa,"Ceramidas, Ácido Ferúlico, Retinol, Vitamina C",120.67
5905,Daily Moist 232,Grasa,"Vitamina C, Ceramidas, Urea",109.4
5906,Hydra Boost 190,Madura,"Manteca de Karité, Ácido Ferúlico, Pantenol",57.96
5907,RegenX 227,Acneica,"Niacinamida, Retinol, Agua Termal, Aceite de Jojoba",158.42
5908,Radiant Day 1,Normal,"Ceramidas, Peptidos, Zinc, Ácido Hialurónico",162.37
5909,Clear Skin 19,Normal,"Ácido Hialurónico, Pantenol, Avena Coloidal, Aceite de Jojoba",67.66
5910,NutriGlow 84,Madura,"Extracto de Té Verde, Glicerina, Retinol, Peptidos",161.88
5911,AgeDefy 205,Sensible,"Extracto de Té Verde, Ácido Ferúlico, Peptidos, Pantenol",38.12
5912,OilControl 153,Normal,"Pantenol, Ácido Salicílico",23.82
5913,NutriGlow 262,Seca,"Aceite de Jojoba, Zinc, Urea, Avena Coloidal",100.44
5914,AcneFree 278,Sensible,"Avena Coloidal, Ácido Hialurónico",94.22
5915,DermaFix 73,Todo tipo,"Pantenol, Manteca de Karité",8.7
5916,DermaFix 163,Madura,"Glicerina, Vitamina C",164.4
5917,AcneFree 33,Normal,"Peptidos, Urea",51.91
5918,UltraSmooth 107,Seca,"Aloe Vera, Agua Termal, Manteca de Karité, Ácido Ferúlico",110.48
5919,RegenX 70,Madura,"Zinc, Agua Termal",170.65
5920,OilControl 253,Normal,"Zinc, Ácido Salicílico, Niacinamida",151.45
5921,RegenX 285,Madura,"Ácido Hialurónico, Peptidos, Avena Coloidal",154.8
5922,AgeDefy 25,Madura,"Retinol, Urea, Zinc, Aceite de Jojoba",39.66
5923,Hydra Boost 38,Mixta,"Retinol, Manteca de Karité, Urea",107.74
5924,UltraSmooth 157,Sensible,"Ácido Salicílico, Avena Coloidal, Pantenol, Niacinamida",169.8
5925,CeraPlus 61,Seca,"Agua Termal, Pantenol",149.03
5926,NutriGlow 254,Normal,"Aceite de Jojoba, Glicerina, Agua Termal, Ácido Láctico",18.16
5927,AcneFree 66,Sensible,"Zinc, Urea, Retinol",166.07
5928,Silky Touch 1,Acneica,"Agua Termal, Peptidos, Ácido Salicílico, Aceite de Jojoba",177.4
5929,Daily Moist 34,Grasa,"Extracto de Té Verde, Avena Coloidal",23.13
5930,Clear Skin 139,Grasa,"Vitamina C, Ácido Salicílico",98.63
5931,Clear Skin 132,Sensible,"Aloe Vera, Niacinamida",161.34
5932,Fresh Dew 223,Normal,"Avena Coloidal, Glicerina, Urea, Peptidos",128.29
5933,AgeDefy 211,Normal,"Retinol, Zinc, Ácido Salicílico, Glicerina",18.01
5934,BrightFix 4,Grasa,"Aloe Vera, Ácido Ferúlico, Glicerina, Manteca de Karité",151.69
5935,CeraPlus 199,Normal,"Vitamina C, Avena Coloidal",103.42
5936,BrightFix 280,Sensible,"Zinc, Manteca de Karité, Peptidos, Extracto de Té Verde",100.7
5937,CeraPlus 77,Todo tipo,"Ceramidas, Ácido Ferúlico",44.84
5938,RegenX 122,Seca,"Aloe Vera, Ácido Láctico, Manteca de Karité",116.49
5939,NightCare 67,Acneica,"Peptidos, Aloe Vera, Retinol",66.28
5940,SunShield 267,Todo tipo,"Extracto de Té Verde, Glicerina, Ácido Hialurónico",59.94
5941,SunShield 296,Acneica,"Ácido Salicílico, Avena Coloidal, Aloe Vera",61.86
5942,BrightFix 249,Todo tipo,"Aceite de Jojoba, Ácido Salicílico, Aloe Vera",99.4
5943,Silky Touch 131,Todo tipo,"Avena Coloidal, Ceramidas, Extracto de Té Verde",95.35
5944,AcneFree 298,Grasa,"Manteca de Karité, Zinc",127.78
5945,SkinPure 16,Madura,"Extracto de Té Verde, Peptidos, Aceite de Jojoba, Glicerina",66.63
5946,Clear Skin 122,Mixta,"Glicerina, Ácido Hialurónico",125.74
5947,Clear Skin 289,Normal,"Retinol, Ácido Salicílico",141.3
5948,Radiant Day 42,Normal,"Ácido Láctico, Vitamina C, Agua Termal",73.23
5949,Clear Skin 161,Sensible,"Pantenol, Zinc, Aceite de Jojoba, Ácido Hialurónico",108.38
5950,Fresh Dew 106,Seca,"Avena Coloidal, Agua Termal, Ácido Láctico, Peptidos",74.83
5951,NutriGlow 244,Sensible,"Vitamina C, Ácido Hialurónico",121.99
5952,AcneFree 4,Seca,"Niacinamida, Glicerina, Extracto de Té Verde",33.05
5953,SunShield 264,Normal,"Ácido Salicílico, Pantenol",159.19
5954,UltraSmooth 251,Mixta,"Ceramidas, Extracto de Té Verde, Glicerina, Aloe Vera",186.24
5955,OilControl 235,Seca,"Glicerina, Vitamina C, Pantenol, Niacinamida",173.55
5956,AcneFree 65,Mixta,"Ácido Hialurónico, Ácido Láctico, Peptidos",106.73
5957,OilControl 59,Seca,"Zinc, Vitamina C, Aloe Vera",157.03
5958,OilControl 110,Grasa,"Manteca de Karité, Urea, Ácido Salicílico, Niacinamida",133.51
5959,Hydra Boost 7,Madura,"Avena Coloidal, Peptidos, Extracto de Té Verde",107.65
5960,AcneFree 201,Madura,"Peptidos, Aceite de Jojoba, Ceramidas",101.98
5961,Hydra Boost 71,Madura,"Peptidos, Zinc, Ácido Láctico",126.86
5962,NutriGlow 142,Seca,"Pantenol, Zinc, Ácido Salicílico, Manteca de Karité",62.22
5963,DermaFix 100,Normal,"Ácido Hialurónico, Manteca de Karité, Retinol, Aceite de Jojoba",118.45
5964,Hydra Boost 138,Madura,"Retinol, Manteca de Karité, Ceramidas",101.7
5965,NutriGlow 116,Madura,"Agua Termal, Ceramidas, Retinol, Peptidos",196.23
5966,Aqua Balm 101,Todo tipo,"Niacinamida, Agua Termal, Pantenol, Ácido Ferúlico",100.59
5967,Hydra Boost 13,Todo tipo,"Pantenol, Extracto de Té Verde, Ácido Láctico, Glicerina",121.5
5968,RegenX 136,Grasa,"Ácido Ferúlico, Pantenol, Niacinamida",69.13
5969,Glow Serum 251,Seca,"Pantenol, Retinol",179.66
5970,SkinPure 278,Acneica,"Retinol, Avena Coloidal, Glicerina",170.82
5971,SkinPure 162,Madura,"Retinol, Ácido Salicílico, Agua Termal",144.77
5972,UltraSmooth 215,Normal,"Retinol, Avena Coloidal, Urea",145.82
5973,CeraPlus 26,Sensible,"Zinc, Retinol, Ácido Láctico",161.14
5974,Hydra Boost 156,Todo tipo,"Extracto de Té Verde, Vitamina C",194.29
5975,Daily Moist 77,Grasa,"Retinol, Manteca de Karité, Aceite de Jojoba, Pantenol",88.14
5976,NutriGlow 146,Todo tipo,"Ácido Hialurónico, Ceramidas, Ácido Ferúlico",7.1
5977,RegenX 199,Sensible,"Ácido Ferúlico, Avena Coloidal",161.22
5978,Radiant Day 240,Normal,"Niacinamida, Avena Coloidal, Ceramidas",156.42
5979,SkinPure 261,Seca,"Retinol, Agua Termal, Aceite de Jojoba",167.76
5980,AgeDefy 53,Madura,"Ácido Láctico, Urea, Manteca de Karité",23.45
5981,RegenX 11,Madura,"Ácido Hialurónico, Retinol, Ácido Láctico, Ácido Salicílico",131.41
5982,Radiant Day 177,Sensible,"Ácido Láctico, Pantenol, Extracto de Té Verde, Aloe Vera",49.28
5983,NutriGlow 188,Normal,"Ácido Salicílico, Aceite de Jojoba",83.15
5984,RegenX 214,Madura,"Ácido Láctico, Agua Termal, Extracto de Té Verde, Glicerina",194.6
5985,SunShield 132,Seca,"Pantenol, Avena Coloidal, Ácido Hialurónico",59.08
5986,UltraSmooth 118,Todo tipo,"Ácido Láctico, Manteca de Karité, Retinol, Ceramidas",169.24
5987,Glow Serum 208,Todo tipo,"Vitamina C, Aloe Vera, Ácido Salicílico, Extracto de Té Verde",107.77
5988,Hydra Boost 146,Sensible,"Ácido Ferúlico, Urea",110.14
5989,Glow Serum 158,Seca,"Vitamina C, Pantenol, Ácido Salicílico",35.35
5990,Glow Serum 51,Todo tipo,"Urea, Aceite de Jojoba",153.05
5991,OilControl 159,Seca,"Aloe Vera, Ceramidas",12.52
5992,RegenX 266,Madura,"Agua Termal, Pantenol, Ácido Ferúlico, Aloe Vera",165.01
5993,UltraSmooth 199,Sensible,"Manteca de Karité, Aceite de Jojoba, Peptidos",30.85
5994,Fresh Dew 270,Normal,"Manteca de Karité, Ácido Ferúlico, Ácido Hialurónico, Agua Termal",50.38
5995,CeraPlus 7,Sensible,"Avena Coloidal, Peptidos, Ácido Salicílico",103.15
5996,DermaFix 264,Sensible,"Urea, Ácido Salicílico, Extracto de Té Verde",26.33
5997,AgeDefy 216,Todo tipo,"Extracto de Té Verde, Ácido Hialurónico",39.2
5998,SkinPure 127,Normal,"Zinc, Ácido Láctico, Pantenol",199.03
5999,CeraPlus 84,Sensible,"Avena Coloidal, Ácido Láctico, Ácido Ferúlico, Pantenol",93.24
6000,Clear Skin 227,Normal,"Ácido Ferúlico, Aceite de Jojoba, Zinc",149.9
6001,AgeDefy 44,Normal,"Ácido Hialurónico, Aceite de Jojoba, Ácido Láctico, Pantenol",76.86
6002,BrightFix 60,Grasa,"Ácido Salicílico, Aloe Vera",5.01
6003,OilControl 89,Normal,"Ácido Hialurónico, Zinc, Extracto de Té Verde",116.29
6004,Daily Moist 161,Grasa,"Ácido Hialurónico, Pantenol, Urea",197.49
6005,Aqua Balm 196,Acneica,"Manteca de Karité, Niacinamida, Aloe Vera",187.34
6006,UltraSmooth 226,Mixta,"Aceite de Jojoba, Urea",95.94
6007,UltraSmooth 241,Madura,"Avena Coloidal, Agua Termal, Vitamina C, Ácido Ferúlico",136.19
6008,Clear Skin 217,Seca,"Agua Termal, Pantenol, Peptidos",143.62
6009,Fresh Dew 225,Mixta,"Vitamina C, Agua Termal",168.37
6010,Clear Skin 190,Acneica,"Urea, Glicerina, Manteca de Karité, Ácido Salicílico",155.8
6011,Hydra Boost 55,Acneica,"Urea, Zinc, Extracto de Té Verde, Aloe Vera",183.95
6012,Fresh Dew 63,Normal,"Vitamina C, Agua Termal",44.1
6013,Fresh Dew 162,Mixta,"Aceite de Jojoba, Glicerina, Agua Termal, Extracto de Té Verde",30.37
6014,UltraSmooth 120,Madura,"Extracto de Té Verde, Ceramidas, Agua Termal",106.36
6015,RegenX 47,Madura,"Avena Coloidal, Vitamina C, Aceite de Jojoba, Retinol",54.16
6016,OilControl 297,Seca,"Avena Coloidal, Ácido Hialurónico, Ácido Salicílico, Agua Termal",59.34
6017,CeraPlus 33,Seca,"Vitamina C, Extracto de Té Verde, Aceite de Jojoba",87.72
6018,BrightFix 87,Madura,"Agua Termal, Niacinamida, Peptidos",34.89
6019,Radiant Day 176,Seca,"Glicerina, Aceite de Jojoba, Ácido Salicílico",130.29
6020,AgeDefy 293,Seca,"Aceite de Jojoba, Extracto de Té Verde",141.82
6021,Aqua Balm 263,Madura,"Extracto de Té Verde, Vitamina C, Ácido Láctico",170.59
6022,Fresh Dew 300,Mixta,"Niacinamida, Ácido Salicílico",156.76
6023,DermaFix 159,Grasa,"Glicerina, Niacinamida, Ácido Ferúlico",110.71
6024,Silky Touch 63,Normal,"Extracto de Té Verde, Glicerina, Ácido Ferúlico",101.57
6025,Hydra Boost 63,Sensible,"Vitamina C, Manteca de Karité, Retinol",123.38
6026,DermaFix 238,Acneica,"Manteca de Karité, Aloe Vera, Niacinamida, Avena Coloidal",199.52
6027,NightCare 145,Seca,"Niacinamida, Vitamina C",109.61
6028,Radiant Day 48,Seca,"Avena Coloidal, Ceramidas",138.83
6029,SunShield 58,Todo tipo,"Glicerina, Ceramidas, Agua Termal, Vitamina C",7.68
6030,AgeDefy 208,Mixta,"Ácido Láctico, Glicerina, Avena Coloidal, Extracto de Té Verde",65.2
6031,Hydra Boost 119,Acneica,"Ácido Hialurónico, Avena Coloidal",11.94
6032,BrightFix 153,Todo tipo,"Peptidos, Aceite de Jojoba",22.31
6033,SkinPure 200,Sensible,"Glicerina, Ácido Ferúlico",23.97
6034,AcneFree 125,Madura,"Vitamina C, Agua Termal, Manteca de Karité, Ácido Hialurónico",111.17
6035,SkinPure 170,Seca,"Ácido Hialurónico, Zinc",63.38
6036,AgeDefy 59,Sensible,"Aceite de Jojoba, Ácido Láctico",101.8
6037,DermaFix 85,Seca,"Peptidos, Aceite de Jojoba, Pantenol, Zinc",149.3
6038,AgeDefy 103,Sensible,"Ácido Hialurónico, Pantenol, Manteca de Karité, Ácido Ferúlico",140.03
6039,Fresh Dew 111,Mixta,"Ácido Hialurónico, Glicerina",43.0
6040,RegenX 34,Mixta,"Ácido Salicílico, Glicerina, Ácido Ferúlico, Vitamina C",147.56
6041,Clear Skin 256,Normal,"Agua Termal, Ácido Láctico",86.66
6042,Radiant Day 173,Acneica,"Aloe Vera, Glicerina",150.62
6043,Radiant Day 148,Grasa,"Pantenol, Retinol, Peptidos, Urea",197.76
6044,SunShield 270,Todo tipo,"Extracto de Té Verde, Aloe Vera",74.65
6045,Clear Skin 297,Mixta,"Manteca de Karité, Urea",176.24
6046,SunShield 265,Mixta,"Zinc, Extracto de Té Verde, Niacinamida, Aloe Vera",34.44
6047,NightCare 280,Acneica,"Aceite de Jojoba, Zinc, Niacinamida, Vitamina C",93.46
6048,Radiant Day 215,Seca,"Peptidos, Niacinamida, Ácido Hialurónico",31.95
6049,RegenX 154,Todo tipo,"Ácido Ferúlico, Aloe Vera, Glicerina",93.09
6050,NightCare 242,Madura,"Aceite de Jojoba, Urea, Agua Termal, Aloe Vera",140.63
6051,SkinPure 50,Seca,"Glicerina, Manteca de Karité, Ácido Láctico, Niacinamida",187.71
6052,NutriGlow 284,Todo tipo,"Ácido Láctico, Ácido Ferúlico",170.36
6053,AgeDefy 298,Grasa,"Ácido Láctico, Ácido Ferúlico, Ácido Hialurónico, Glicerina",115.4
6054,Glow Serum 14,Grasa,"Aloe Vera, Manteca de Karité, Niacinamida, Pantenol",61.11
6055,Glow Serum 288,Normal,"Ácido Láctico, Extracto de Té Verde, Ácido Hialurónico, Peptidos",117.13
6056,BrightFix 246,Grasa,"Agua Termal, Ácido Láctico, Vitamina C",48.93
6057,UltraSmooth 102,Normal,"Ceramidas, Ácido Salicílico, Aloe Vera",141.96
6058,Daily Moist 49,Madura,"Ácido Láctico, Retinol",51.1
6059,NightCare 284,Madura,"Niacinamida, Zinc",38.91
6060,Glow Serum 261,Normal,"Retinol, Ácido Hialurónico, Vitamina C, Niacinamida",174.01
6061,Daily Moist 214,Normal,"Retinol, Glicerina, Peptidos, Agua Termal",86.72
6062,Radiant Day 9,Acneica,"Aceite de Jojoba, Pantenol, Niacinamida",163.58
6063,DermaFix 228,Seca,"Ácido Láctico, Glicerina, Ceramidas, Pantenol",48.67
6064,SkinPure 104,Todo tipo,"Retinol, Ácido Hialurónico, Glicerina, Aceite de Jojoba",29.48
6065,UltraSmooth 176,Seca,"Aceite de Jojoba, Ceramidas, Ácido Salicílico",117.24
6066,OilControl 109,Seca,"Aceite de Jojoba, Ácido Láctico, Ácido Ferúlico",199.79
6067,Daily Moist 185,Acneica,"Aloe Vera, Peptidos, Manteca de Karité",17.26
6068,DermaFix 179,Sensible,"Agua Termal, Aceite de Jojoba",132.94
6069,Silky Touch 11,Todo tipo,"Zinc, Agua Termal, Niacinamida",116.72
6070,Radiant Day 59,Mixta,"Zinc, Ácido Salicílico, Manteca de Karité, Peptidos",171.13
6071,Radiant Day 216,Sensible,"Ácido Láctico, Aloe Vera, Aceite de Jojoba",13.56
6072,Silky Touch 65,Normal,"Vitamina C, Agua Termal, Glicerina",33.06
6073,RegenX 64,Normal,"Niacinamida, Agua Termal",72.47
6074,RegenX 46,Mixta,"Niacinamida, Ácido Salicílico",174.68
6075,AcneFree 201,Todo tipo,"Peptidos, Niacinamida, Retinol",54.55
6076,Radiant Day 292,Acneica,"Ácido Hialurónico, Peptidos, Aloe Vera, Ceramidas",49.32
6077,Hydra Boost 72,Mixta,"Ácido Láctico, Glicerina, Ácido Hialurónico, Vitamina C",74.66
6078,Glow Serum 77,Madura,"Aloe Vera, Ceramidas",168.27
6079,Hydra Boost 8,Normal,"Aceite de Jojoba, Vitamina C",94.96
6080,Fresh Dew 80,Todo tipo,"Niacinamida, Manteca de Karité, Aceite de Jojoba, Vitamina C",99.35
6081,Fresh Dew 222,Grasa,"Ceramidas, Retinol",131.93
6082,Aqua Balm 209,Mixta,"Extracto de Té Verde, Glicerina, Agua Termal",183.03
6083,Silky Touch 68,Normal,"Zinc, Pantenol",184.07
6084,Fresh Dew 148,Mixta,"Pantenol, Ácido Ferúlico, Manteca de Karité",85.37
6085,CeraPlus 134,Normal,"Niacinamida, Avena Coloidal, Ácido Salicílico, Aceite de Jojoba",143.03
6086,NutriGlow 154,Sensible,"Aloe Vera, Vitamina C",150.1
6087,SkinPure 273,Grasa,"Vitamina C, Aloe Vera",131.11
6088,Aqua Balm 267,Grasa,"Peptidos, Niacinamida, Retinol, Vitamina C",96.44
6089,Glow Serum 178,Todo tipo,"Glicerina, Zinc",167.91
6090,OilControl 126,Grasa,"Aceite de Jojoba, Extracto de Té Verde",83.11
6091,Daily Moist 100,Sensible,"Vitamina C, Aloe Vera, Agua Termal",71.43
6092,DermaFix 128,Madura,"Extracto de Té Verde, Aceite de Jojoba",132.61
6093,AcneFree 118,Todo tipo,"Agua Termal, Extracto de Té Verde",185.07
6094,Hydra Boost 118,Seca,"Agua Termal, Peptidos, Avena Coloidal, Niacinamida",103.79
6095,Glow Serum 194,Todo tipo,"Glicerina, Urea",155.07
6096,Fresh Dew 61,Mixta,"Glicerina, Retinol",37.84
6097,NutriGlow 98,Sensible,"Peptidos, Agua Termal, Avena Coloidal, Vitamina C",19.0
6098,Aqua Balm 145,Grasa,"Extracto de Té Verde, Agua Termal, Aloe Vera, Ácido Láctico",199.19
6099,UltraSmooth 151,Sensible,"Urea, Agua Termal",39.42
6100,Glow Serum 175,Acneica,"Glicerina, Ceramidas, Urea",32.06
6101,DermaFix 204,Todo tipo,"Manteca de Karité, Urea, Ácido Salicílico",6.02
6102,NightCare 84,Madura,"Retinol, Agua Termal",171.77
6103,NightCare 175,Sensible,"Retinol, Glicerina",196.45
6104,BrightFix 134,Todo tipo,"Manteca de Karité, Glicerina",79.92
6105,SkinPure 266,Acneica,"Ácido Hialurónico, Aceite de Jojoba",72.05
6106,SunShield 255,Acneica,"Ácido Hialurónico, Peptidos, Aceite de Jojoba, Retinol",156.42
6107,BrightFix 96,Seca,"Extracto de Té Verde, Ácido Láctico, Aloe Vera",123.52
6108,Clear Skin 126,Mixta,"Ácido Láctico, Avena Coloidal",117.95
6109,Radiant Day 277,Sensible,"Ceramidas, Vitamina C, Ácido Ferúlico, Manteca de Karité",88.11
6110,Fresh Dew 98,Todo tipo,"Peptidos, Ácido Ferúlico, Urea",96.87
6111,RegenX 246,Seca,"Retinol, Ácido Láctico",67.97
6112,Silky Touch 63,Mixta,"Agua Termal, Ácido Salicílico, Ceramidas, Aloe Vera",102.95
6113,CeraPlus 43,Acneica,"Aloe Vera, Glicerina, Aceite de Jojoba",136.41
6114,RegenX 8,Grasa,"Ácido Ferúlico, Manteca de Karité, Niacinamida",181.86
6115,Aqua Balm 84,Grasa,"Vitamina C, Urea",199.8
6116,Fresh Dew 76,Normal,"Vitamina C, Agua Termal, Ácido Ferúlico, Niacinamida",38.69
6117,AgeDefy 45,Seca,"Zinc, Retinol, Glicerina",14.07
6118,Clear Skin 219,Grasa,"Zinc, Agua Termal, Avena Coloidal",15.16
6119,DermaFix 106,Sensible,"Peptidos, Ácido Hialurónico, Agua Termal",196.54
6120,AcneFree 29,Grasa,"Extracto de Té Verde, Aloe Vera, Ácido Hialurónico",186.88
6121,DermaFix 73,Mixta,"Vitamina C, Zinc, Aceite de Jojoba, Glicerina",146.96
6122,SunShield 234,Sensible,"Agua Termal, Zinc, Peptidos",149.77
6123,BrightFix 26,Todo tipo,"Ácido Ferúlico, Pantenol, Ceramidas",160.49
6124,Radiant Day 184,Grasa,"Glicerina, Aloe Vera, Ceramidas",105.68
6125,UltraSmooth 215,Normal,"Manteca de Karité, Ácido Ferúlico, Retinol",7.64
6126,NightCare 139,Normal,"Ceramidas, Avena Coloidal, Agua Termal",133.49
6127,Silky Touch 179,Sensible,"Ácido Ferúlico, Ácido Láctico, Aloe Vera",138.93
6128,OilControl 168,Grasa,"Manteca de Karité, Ceramidas, Pantenol, Retinol",106.88
6129,OilControl 53,Grasa,"Retinol, Ácido Láctico, Ceramidas",101.76
6130,NightCare 151,Sensible,"Glicerina, Aloe Vera",86.11
6131,DermaFix 183,Madura,"Aloe Vera, Glicerina, Zinc, Niacinamida",173.29
6132,BrightFix 41,Sensible,"Agua Termal, Retinol",67.86
6133,SkinPure 138,Normal,"Ácido Salicílico, Extracto de Té Verde, Aloe Vera",124.6
6134,AcneFree 88,Grasa,"Ácido Salicílico, Agua Termal, Avena Coloidal",177.35
6135,Fresh Dew 57,Mixta,"Aceite de Jojoba, Zinc, Extracto de Té Verde",8.28
6136,Silky Touch 99,Acneica,"Ácido Ferúlico, Peptidos, Aceite de Jojoba, Ácido Láctico",156.14
6137,Radiant Day 241,Todo tipo,"Niacinamida, Retinol",159.21
6138,Aqua Balm 152,Normal,"Avena Coloidal, Aceite de Jojoba",139.64
6139,NightCare 99,Grasa,"Pantenol, Niacinamida, Ácido Hialurónico",140.12
6140,RegenX 209,Grasa,"Retinol, Ácido Láctico, Aceite de Jojoba, Ácido Hialurónico",180.99
6141,AcneFree 98,Grasa,"Manteca de Karité, Zinc, Vitamina C",139.98
6142,RegenX 212,Mixta,"Manteca de Karité, Aloe Vera, Ácido Salicílico, Extracto de Té Verde",54.62
6143,DermaFix 12,Normal,"Ácido Láctico, Avena Coloidal, Extracto de Té Verde",115.63
6144,NutriGlow 243,Acneica,"Ácido Salicílico, Ácido Hialurónico",198.78
6145,RegenX 130,Sensible,"Avena Coloidal, Ceramidas",41.94
6146,Clear Skin 295,Mixta,"Aloe Vera, Avena Coloidal",25.94
6147,SkinPure 180,Acneica,"Agua Termal, Ácido Hialurónico, Peptidos, Retinol",23.87
6148,SunShield 270,Normal,"Ácido Láctico, Aceite de Jojoba",64.95
6149,NightCare 268,Mixta,"Manteca de Karité, Avena Coloidal",13.6
6150,Fresh Dew 257,Acneica,"Glicerina, Ácido Ferúlico, Ácido Láctico",123.66
6151,Silky Touch 116,Acneica,"Ácido Ferúlico, Ácido Salicílico, Vitamina C",34.65
6152,RegenX 30,Grasa,"Zinc, Pantenol",176.92
6153,Glow Serum 177,Madura,"Pantenol, Avena Coloidal, Aceite de Jojoba, Ceramidas",173.34
6154,UltraSmooth 30,Grasa,"Zinc, Aceite de Jojoba",198.05
6155,NightCare 199,Sensible,"Urea, Extracto de Té Verde",168.32
6156,Silky Touch 107,Mixta,"Extracto de Té Verde, Ácido Ferúlico, Pantenol",55.09
6157,CeraPlus 252,Todo tipo,"Agua Termal, Niacinamida, Urea, Avena Coloidal",176.38
6158,Silky Touch 153,Sensible,"Retinol, Ácido Hialurónico",165.23
6159,SunShield 171,Sensible,"Ácido Hialurónico, Vitamina C, Extracto de Té Verde",127.35
6160,AgeDefy 258,Mixta,"Ácido Hialurónico, Retinol, Urea",71.01
6161,NutriGlow 201,Sensible,"Ácido Hialurónico, Glicerina, Avena Coloidal",32.27
6162,Radiant Day 92,Grasa,"Ácido Salicílico, Glicerina, Urea, Niacinamida",188.79
6163,SunShield 124,Normal,"Ácido Hialurónico, Ceramidas",93.3
6164,Aqua Balm 10,Normal,"Niacinamida, Peptidos, Manteca de Karité, Pantenol",147.11
6165,Silky Touch 121,Todo tipo,"Peptidos, Avena Coloidal",72.43
6166,Radiant Day 60,Mixta,"Pantenol, Urea, Aceite de Jojoba, Zinc",61.16
6167,NightCare 185,Grasa,"Ácido Salicílico, Pantenol",62.26
6168,SunShield 23,Madura,"Zinc, Ceramidas, Aloe Vera, Retinol",191.01
6169,Silky Touch 265,Seca,"Glicerina, Ácido Hialurónico, Ácido Láctico, Aloe Vera",77.13
6170,OilControl 268,Grasa,"Urea, Ácido Láctico, Glicerina, Ácido Salicílico",140.41
6171,NutriGlow 266,Grasa,"Agua Termal, Urea, Ácido Ferúlico, Ácido Láctico",187.8
6172,UltraSmooth 255,Sensible,"Agua Termal, Vitamina C",62.79
6173,Radiant Day 40,Madura,"Manteca de Karité, Agua Termal",58.06
6174,Aqua Balm 37,Grasa,"Aloe Vera, Ácido Láctico, Manteca de Karité",147.14
6175,UltraSmooth 76,Grasa,"Retinol, Glicerina",82.46
6176,SunShield 63,Normal,"Ácido Ferúlico, Aloe Vera, Ácido Láctico, Peptidos",199.0
6177,RegenX 108,Mixta,"Ácido Salicílico, Ácido Láctico",98.94
6178,SunShield 87,Sensible,"Agua Termal, Ácido Hialurónico, Retinol",52.45
6179,SunShield 96,Todo tipo,"Zinc, Ácido Salicílico",114.67
6180,BrightFix 37,Sensible,"Zinc, Retinol, Glicerina",109.41
6181,Aqua Balm 91,Sensible,"Niacinamida, Extracto de Té Verde, Manteca de Karité, Ácido Salicílico",124.45
6182,Hydra Boost 263,Grasa,"Ácido Hialurónico, Ácido Salicílico, Agua Termal",89.73
6183,Silky Touch 63,Sensible,"Ácido Salicílico, Ceramidas",112.17
6184,Daily Moist 140,Acneica,"Zinc, Glicerina, Extracto de Té Verde",70.87
6185,CeraPlus 256,Madura,"Ácido Ferúlico, Avena Coloidal",171.49
6186,Fresh Dew 298,Acneica,"Retinol, Ceramidas",12.59
6187,AgeDefy 295,Acneica,"Ácido Salicílico, Pantenol, Zinc, Vitamina C",78.79
6188,NutriGlow 272,Normal,"Agua Termal, Ácido Salicílico, Aloe Vera, Pantenol",83.98
6189,Silky Touch 219,Seca,"Ceramidas, Glicerina, Pantenol",14.3
6190,OilControl 139,Grasa,"Ácido Hialurónico, Vitamina C",101.85
6191,Silky Touch 288,Todo tipo,"Glicerina, Ácido Salicílico, Extracto de Té Verde, Agua Termal",197.94
6192,SkinPure 9,Normal,"Aloe Vera, Ácido Hialurónico",178.31
6193,UltraSmooth 239,Mixta,"Ácido Salicílico, Avena Coloidal",65.05
6194,Daily Moist 89,Acneica,"Peptidos, Vitamina C, Glicerina",68.58
6195,AgeDefy 159,Mixta,"Ácido Láctico, Agua Termal, Pantenol, Aceite de Jojoba",140.87
6196,NightCare 72,Normal,"Ácido Ferúlico, Urea, Ceramidas, Glicerina",104.49
6197,Fresh Dew 89,Todo tipo,"Urea, Retinol, Manteca de Karité",25.72
6198,DermaFix 263,Madura,"Agua Termal, Ceramidas, Extracto de Té Verde",30.09
6199,RegenX 72,Mixta,"Ácido Hialurónico, Retinol, Niacinamida, Ácido Ferúlico",99.02
6200,OilControl 197,Normal,"Aloe Vera, Agua Termal, Manteca de Karité",21.43
6201,AcneFree 8,Todo tipo,"Zinc, Avena Coloidal, Extracto de Té Verde",69.89
6202,Radiant Day 132,Todo tipo,"Manteca de Karité, Avena Coloidal",151.91
6203,Silky Touch 296,Seca,"Aceite de Jojoba, Aloe Vera, Ácido Hialurónico",31.85
6204,CeraPlus 200,Mixta,"Glicerina, Manteca de Karité",31.58
6205,Daily Moist 218,Seca,"Ácido Láctico, Ácido Ferúlico, Vitamina C, Aceite de Jojoba",196.35
6206,UltraSmooth 38,Madura,"Niacinamida, Manteca de Karité, Urea",24.3
6207,BrightFix 198,Seca,"Manteca de Karité, Avena Coloidal, Zinc, Retinol",113.81
6208,AcneFree 80,Acneica,"Pantenol, Extracto de Té Verde, Ácido Ferúlico, Manteca de Karité",118.72
6209,BrightFix 16,Madura,"Aloe Vera, Vitamina C, Glicerina",47.79
6210,BrightFix 61,Normal,"Ácido Láctico, Niacinamida",183.74
6211,AcneFree 155,Grasa,"Glicerina, Aceite de Jojoba",177.36
6212,Aqua Balm 184,Sensible,"Vitamina C, Ácido Ferúlico, Zinc",79.95
6213,CeraPlus 32,Todo tipo,"Glicerina, Zinc, Aceite de Jojoba, Aloe Vera",123.81
6214,AgeDefy 139,Sensible,"Peptidos, Ácido Láctico, Ácido Salicílico",151.8
6215,AgeDefy 145,Seca,"Ácido Hialurónico, Urea, Peptidos",73.86
6216,Aqua Balm 285,Sensible,"Niacinamida, Pantenol, Ácido Ferúlico, Aceite de Jojoba",59.01
6217,DermaFix 207,Todo tipo,"Manteca de Karité, Niacinamida, Pantenol",192.59
6218,NutriGlow 190,Sensible,"Extracto de Té Verde, Avena Coloidal",197.5
6219,Glow Serum 197,Mixta,"Extracto de Té Verde, Avena Coloidal, Aloe Vera",51.97
6220,OilControl 260,Mixta,"Niacinamida, Ceramidas",50.63
6221,Glow Serum 129,Todo tipo,"Ácido Láctico, Pantenol, Aceite de Jojoba",139.71
6222,BrightFix 102,Madura,"Peptidos, Pantenol, Zinc",128.37
6223,SkinPure 217,Normal,"Extracto de Té Verde, Aceite de Jojoba, Ceramidas",56.44
6224,DermaFix 13,Seca,"Manteca de Karité, Avena Coloidal",85.89
6225,RegenX 2,Grasa,"Extracto de Té Verde, Ácido Hialurónico, Aceite de Jojoba, Ácido Salicílico",140.09
6226,Daily Moist 99,Todo tipo,"Ácido Hialurónico, Ceramidas, Aceite de Jojoba",72.27
6227,AgeDefy 56,Madura,"Ácido Ferúlico, Agua Termal, Glicerina",80.98
6228,Glow Serum 129,Todo tipo,"Ácido Salicílico, Manteca de Karité",17.67
6229,AcneFree 43,Grasa,"Aloe Vera, Urea, Ácido Hialurónico, Ácido Láctico",56.51
6230,Glow Serum 276,Acneica,"Ácido Salicílico, Ácido Hialurónico, Aceite de Jojoba",190.92
6231,AcneFree 149,Mixta,"Peptidos, Aloe Vera, Ceramidas",67.22
6232,AgeDefy 11,Normal,"Manteca de Karité, Aceite de Jojoba, Zinc",45.41
6233,NightCare 283,Seca,"Extracto de Té Verde, Manteca de Karité",64.74
6234,Aqua Balm 291,Grasa,"Niacinamida, Ácido Ferúlico, Avena Coloidal",94.83
6235,AgeDefy 290,Madura,"Aceite de Jojoba, Avena Coloidal",188.08
6236,Aqua Balm 95,Sensible,"Vitamina C, Zinc",96.22
6237,Aqua Balm 299,Madura,"Urea, Retinol",65.2
6238,Hydra Boost 107,Mixta,"Zinc, Retinol",33.21
6239,Hydra Boost 181,Sensible,"Ácido Salicílico, Zinc",191.07
6240,OilControl 123,Seca,"Retinol, Avena Coloidal",51.23
6241,NightCare 26,Mixta,"Ceramidas, Ácido Salicílico",49.57
6242,BrightFix 182,Normal,"Extracto de Té Verde, Aceite de Jojoba, Manteca de Karité, Zinc",26.48
6243,BrightFix 12,Seca,"Niacinamida, Zinc, Vitamina C, Ácido Ferúlico",79.56
6244,AcneFree 28,Madura,"Manteca de Karité, Zinc",104.34
6245,Daily Moist 129,Mixta,"Pantenol, Peptidos, Ceramidas, Ácido Salicílico",163.36
6246,AcneFree 74,Todo tipo,"Ácido Láctico, Ceramidas, Zinc, Aceite de Jojoba",157.02
6247,RegenX 183,Mixta,"Aloe Vera, Zinc, Peptidos",28.11
6248,Radiant Day 116,Acneica,"Aloe Vera, Aceite de Jojoba, Zinc, Manteca de Karité",184.2
6249,RegenX 52,Todo tipo,"Ácido Ferúlico, Aceite de Jojoba, Urea, Ácido Salicílico",63.83
6250,UltraSmooth 41,Normal,"Urea, Ácido Láctico, Vitamina C",54.7
6251,DermaFix 2,Madura,"Glicerina, Urea, Retinol, Ácido Ferúlico",86.81
6252,AgeDefy 7,Normal,"Zinc, Aceite de Jojoba, Agua Termal",96.92
6253,OilControl 210,Seca,"Peptidos, Pantenol, Extracto de Té Verde",112.15
6254,Silky Touch 241,Todo tipo,"Urea, Manteca de Karité",56.51
6255,Daily Moist 17,Sensible,"Urea, Avena Coloidal, Niacinamida, Ácido Hialurónico",21.41
6256,Fresh Dew 274,Grasa,"Ácido Salicílico, Ácido Hialurónico, Ceramidas",26.71
6257,Aqua Balm 201,Mixta,"Vitamina C, Extracto de Té Verde, Zinc, Niacinamida",152.57
6258,NightCare 36,Acneica,"Manteca de Karité, Peptidos, Aceite de Jojoba",177.21
6259,DermaFix 169,Grasa,"Peptidos, Ácido Láctico, Ceramidas, Ácido Salicílico",108.2
6260,Radiant Day 259,Grasa,"Ácido Salicílico, Ácido Ferúlico, Peptidos, Ceramidas",175.42
6261,Silky Touch 55,Acneica,"Aceite de Jojoba, Extracto de Té Verde, Ácido Salicílico, Ácido Láctico",167.94
6262,Radiant Day 34,Acneica,"Glicerina, Agua Termal",111.01
6263,SunShield 39,Normal,"Zinc, Aceite de Jojoba, Aloe Vera",197.38
6264,Aqua Balm 61,Acneica,"Aloe Vera, Ceramidas, Retinol",70.04
6265,SkinPure 285,Sensible,"Niacinamida, Ácido Ferúlico",72.65
6266,CeraPlus 166,Seca,"Ceramidas, Ácido Salicílico, Manteca de Karité",104.63
6267,AgeDefy 290,Seca,"Aloe Vera, Urea, Manteca de Karité, Zinc",93.47
6268,RegenX 105,Madura,"Ácido Salicílico, Pantenol, Vitamina C, Ácido Hialurónico",54.87
6269,NutriGlow 55,Madura,"Manteca de Karité, Peptidos, Extracto de Té Verde",91.59
6270,CeraPlus 231,Normal,"Ceramidas, Retinol, Avena Coloidal, Zinc",37.73
6271,Radiant Day 158,Todo tipo,"Pantenol, Retinol",115.16
6272,SkinPure 192,Madura,"Retinol, Ceramidas, Peptidos, Ácido Láctico",122.83
6273,DermaFix 245,Acneica,"Retinol, Vitamina C, Ácido Ferúlico, Zinc",123.09
6274,NutriGlow 253,Grasa,"Urea, Ácido Ferúlico",104.44
6275,Daily Moist 35,Madura,"Manteca de Karité, Agua Termal, Vitamina C",169.76
6276,Hydra Boost 61,Mixta,"Ácido Salicílico, Urea",130.17
6277,NightCare 18,Mixta,"Vitamina C, Ácido Salicílico",152.51
6278,SkinPure 285,Mixta,"Agua Termal, Peptidos, Urea",185.77
6279,DermaFix 23,Seca,"Agua Termal, Peptidos",130.91
6280,BrightFix 111,Acneica,"Ácido Hialurónico, Aceite de Jojoba",91.22
6281,Fresh Dew 12,Sensible,"Pantenol, Retinol, Ácido Láctico, Ceramidas",22.46
6282,Aqua Balm 13,Mixta,"Ceramidas, Ácido Láctico, Pantenol",57.83
6283,AgeDefy 145,Normal,"Aloe Vera, Ácido Salicílico, Ácido Hialurónico, Glicerina",180.28
6284,RegenX 50,Normal,"Urea, Ácido Salicílico, Pantenol",183.76
6285,Clear Skin 100,Grasa,"Extracto de Té Verde, Aceite de Jojoba",115.79
6286,Glow Serum 170,Madura,"Ácido Salicílico, Aceite de Jojoba",157.49
6287,AgeDefy 195,Acneica,"Manteca de Karité, Urea, Retinol",110.31
6288,Glow Serum 117,Todo tipo,"Ácido Ferúlico, Retinol",96.77
6289,Silky Touch 10,Acneica,"Agua Termal, Urea, Ácido Ferúlico",27.79
6290,Fresh Dew 2,Grasa,"Manteca de Karité, Agua Termal, Peptidos",27.54
6291,Aqua Balm 114,Mixta,"Agua Termal, Ácido Salicílico, Ácido Ferúlico",147.1
6292,Radiant Day 42,Sensible,"Glicerina, Niacinamida",88.38
6293,BrightFix 103,Grasa,"Ácido Hialurónico, Zinc, Pantenol",51.79
6294,UltraSmooth 75,Todo tipo,"Niacinamida, Ácido Salicílico",183.01
6295,BrightFix 134,Normal,"Peptidos, Avena Coloidal",165.65
6296,NightCare 10,Seca,"Peptidos, Ácido Láctico, Avena Coloidal",77.03
6297,Daily Moist 159,Grasa,"Ceramidas, Ácido Hialurónico, Aceite de Jojoba",18.68
6298,NightCare 299,Seca,"Aloe Vera, Urea, Ceramidas, Manteca de Karité",169.84
6299,SkinPure 47,Sensible,"Niacinamida, Ácido Salicílico, Agua Termal",190.19
6300,Glow Serum 280,Sensible,"Ácido Salicílico, Zinc",126.68
6301,SkinPure 111,Acneica,"Ácido Hialurónico, Agua Termal",67.79
6302,Hydra Boost 2,Mixta,"Pantenol, Manteca de Karité, Aloe Vera",81.89
6303,SunShield 292,Todo tipo,"Ácido Salicílico, Aceite de Jojoba, Zinc, Glicerina",101.97
6304,Silky Touch 273,Mixta,"Aceite de Jojoba, Niacinamida",148.32
6305,Silky Touch 82,Grasa,"Ácido Hialurónico, Ceramidas, Retinol, Glicerina",196.19
6306,Clear Skin 236,Todo tipo,"Ácido Ferúlico, Extracto de Té Verde, Aloe Vera, Peptidos",88.82
6307,Hydra Boost 230,Normal,"Agua Termal, Avena Coloidal",198.4
6308,Aqua Balm 246,Acneica,"Vitamina C, Zinc",90.99
6309,Daily Moist 42,Mixta,"Zinc, Agua Termal",178.83
6310,NutriGlow 31,Acneica,"Extracto de Té Verde, Ácido Salicílico, Glicerina",58.08
6311,Clear Skin 103,Normal,"Extracto de Té Verde, Pantenol",99.44
6312,CeraPlus 81,Sensible,"Agua Termal, Vitamina C, Peptidos, Aloe Vera",71.41
6313,Hydra Boost 151,Grasa,"Urea, Ceramidas, Ácido Ferúlico",195.59
6314,Radiant Day 189,Grasa,"Niacinamida, Retinol",194.17
6315,Daily Moist 263,Acneica,"Retinol, Aloe Vera, Agua Termal",146.6
6316,OilControl 156,Mixta,"Ácido Hialurónico, Pantenol",62.68
6317,NutriGlow 261,Todo tipo,"Niacinamida, Ácido Hialurónico, Ácido Ferúlico, Avena Coloidal",168.1
6318,CeraPlus 157,Sensible,"Peptidos, Aloe Vera, Avena Coloidal",183.04
6319,Clear Skin 234,Seca,"Aloe Vera, Ácido Hialurónico",113.66
6320,Radiant Day 17,Madura,"Avena Coloidal, Urea, Ácido Ferúlico",35.56
6321,AcneFree 138,Seca,"Glicerina, Vitamina C",175.85
6322,BrightFix 89,Sensible,"Avena Coloidal, Manteca de Karité, Glicerina, Peptidos",193.09
6323,SunShield 186,Acneica,"Extracto de Té Verde, Ceramidas, Peptidos, Ácido Salicílico",37.1
6324,Fresh Dew 52,Mixta,"Glicerina, Pantenol, Ceramidas, Niacinamida",10.47
6325,CeraPlus 194,Mixta,"Ácido Ferúlico, Extracto de Té Verde",46.0
6326,DermaFix 274,Normal,"Manteca de Karité, Aloe Vera, Avena Coloidal, Extracto de Té Verde",187.16
6327,RegenX 136,Seca,"Ácido Ferúlico, Niacinamida, Aceite de Jojoba",47.57
6328,Fresh Dew 89,Mixta,"Zinc, Extracto de Té Verde, Agua Termal",47.77
6329,Hydra Boost 242,Todo tipo,"Ácido Ferúlico, Ceramidas, Niacinamida, Ácido Láctico",194.32
6330,RegenX 212,Normal,"Zinc, Agua Termal",174.4
6331,Clear Skin 264,Madura,"Ácido Ferúlico, Agua Termal, Glicerina, Ácido Salicílico",172.59
6332,Clear Skin 19,Normal,"Ácido Hialurónico, Urea, Extracto de Té Verde, Niacinamida",142.26
6333,Fresh Dew 231,Seca,"Zinc, Niacinamida",86.14
6334,CeraPlus 292,Grasa,"Ceramidas, Glicerina, Aceite de Jojoba",155.56
6335,AcneFree 263,Sensible,"Pantenol, Glicerina, Extracto de Té Verde, Avena Coloidal",70.22
6336,NightCare 294,Mixta,"Ceramidas, Ácido Hialurónico, Avena Coloidal, Ácido Ferúlico",46.75
6337,OilControl 248,Seca,"Extracto de Té Verde, Aceite de Jojoba, Pantenol",94.79
6338,Aqua Balm 153,Normal,"Aloe Vera, Ácido Láctico, Ceramidas",85.23
6339,Silky Touch 147,Madura,"Manteca de Karité, Ceramidas",85.99
6340,DermaFix 128,Sensible,"Extracto de Té Verde, Ceramidas, Agua Termal",18.61
6341,NightCare 91,Acneica,"Ceramidas, Extracto de Té Verde, Peptidos, Manteca de Karité",195.39
6342,SkinPure 230,Acneica,"Ácido Láctico, Manteca de Karité",179.49
6343,Fresh Dew 249,Seca,"Zinc, Manteca de Karité, Vitamina C, Ceramidas",55.98
6344,NightCare 199,Seca,"Ácido Hialurónico, Agua Termal",118.0
6345,RegenX 23,Mixta,"Ácido Salicílico, Ácido Láctico, Pantenol",185.21
6346,NightCare 219,Seca,"Niacinamida, Agua Termal",40.31
6347,SunShield 189,Acneica,"Manteca de Karité, Agua Termal",133.24
6348,Glow Serum 205,Todo tipo,"Ceramidas, Zinc, Aloe Vera",166.89
6349,NutriGlow 130,Mixta,"Retinol, Pantenol, Aceite de Jojoba, Urea",155.9
6350,UltraSmooth 3,Seca,"Ácido Salicílico, Niacinamida",183.62
6351,UltraSmooth 183,Normal,"Agua Termal, Zinc, Urea",98.57
6352,Hydra Boost 131,Grasa,"Retinol, Aloe Vera, Ceramidas",170.68
6353,Fresh Dew 199,Seca,"Vitamina C, Peptidos, Avena Coloidal",74.53
6354,UltraSmooth 209,Mixta,"Extracto de Té Verde, Vitamina C",101.99
6355,SkinPure 280,Mixta,"Zinc, Aceite de Jojoba",14.78
6356,Radiant Day 42,Seca,"Extracto de Té Verde, Glicerina",175.14
6357,AgeDefy 126,Sensible,"Pantenol, Glicerina",111.13
6358,RegenX 162,Seca,"Ácido Salicílico, Retinol, Avena Coloidal",49.28
6359,RegenX 40,Grasa,"Manteca de Karité, Ácido Ferúlico, Glicerina",157.07
6360,Fresh Dew 273,Mixta,"Peptidos, Aloe Vera, Ácido Hialurónico, Manteca de Karité",59.28
6361,NightCare 244,Grasa,"Aloe Vera, Peptidos, Agua Termal, Avena Coloidal",23.64
6362,OilControl 235,Normal,"Urea, Agua Termal, Ácido Hialurónico",133.43
6363,Radiant Day 166,Seca,"Aloe Vera, Vitamina C, Aceite de Jojoba",54.97
6364,Glow Serum 126,Sensible,"Avena Coloidal, Retinol, Pantenol, Agua Termal",135.41
6365,UltraSmooth 92,Mixta,"Pantenol, Zinc, Ácido Láctico, Glicerina",136.87
6366,AcneFree 242,Mixta,"Ácido Ferúlico, Retinol",42.05
6367,Glow Serum 244,Acneica,"Aloe Vera, Ácido Láctico, Extracto de Té Verde",97.31
6368,SkinPure 174,Grasa,"Ácido Hialurónico, Vitamina C, Ácido Láctico",44.7
6369,UltraSmooth 87,Acneica,"Aloe Vera, Agua Termal",90.3
6370,DermaFix 129,Normal,"Niacinamida, Vitamina C",96.19
6371,SunShield 192,Acneica,"Ácido Láctico, Manteca de Karité",172.32
6372,OilControl 121,Madura,"Ceramidas, Aceite de Jojoba",154.43
6373,NightCare 189,Todo tipo,"Peptidos, Vitamina C",187.18
6374,Fresh Dew 281,Grasa,"Pantenol, Aceite de Jojoba, Ácido Salicílico, Zinc",173.2
6375,Aqua Balm 287,Normal,"Retinol, Aceite de Jojoba",132.5
6376,DermaFix 221,Grasa,"Ceramidas, Ácido Salicílico, Glicerina",139.29
6377,NightCare 215,Acneica,"Glicerina, Zinc, Urea, Ceramidas",28.21
6378,Clear Skin 222,Seca,"Agua Termal, Extracto de Té Verde",58.76
6379,RegenX 69,Mixta,"Glicerina, Agua Termal, Niacinamida",103.73
6380,Aqua Balm 260,Grasa,"Ácido Hialurónico, Agua Termal, Vitamina C",99.13
6381,NutriGlow 203,Mixta,"Ácido Láctico, Aceite de Jojoba, Urea, Vitamina C",69.76
6382,OilControl 277,Mixta,"Retinol, Avena Coloidal, Pantenol",185.22
6383,Glow Serum 265,Seca,"Retinol, Pantenol, Urea, Avena Coloidal",126.99
6384,DermaFix 45,Sensible,"Ácido Ferúlico, Zinc, Peptidos, Vitamina C",162.84
6385,AcneFree 236,Mixta,"Ácido Hialurónico, Aceite de Jojoba, Extracto de Té Verde, Pantenol",137.98
6386,CeraPlus 245,Normal,"Glicerina, Zinc",197.45
6387,NightCare 295,Acneica,"Avena Coloidal, Glicerina",134.26
6388,Glow Serum 49,Sensible,"Ácido Hialurónico, Vitamina C, Manteca de Karité",128.42
6389,UltraSmooth 19,Acneica,"Vitamina C, Aceite de Jojoba, Agua Termal, Ácido Láctico",83.6
6390,NightCare 160,Mixta,"Ácido Salicílico, Retinol, Peptidos, Manteca de Karité",177.3
6391,Silky Touch 39,Grasa,"Avena Coloidal, Ceramidas",44.55
6392,DermaFix 184,Acneica,"Ácido Salicílico, Manteca de Karité, Urea",152.53
6393,OilControl 156,Mixta,"Glicerina, Avena Coloidal",41.53
6394,Radiant Day 272,Normal,"Manteca de Karité, Ácido Hialurónico, Peptidos",24.41
6395,SkinPure 212,Seca,"Aceite de Jojoba, Ceramidas",121.64
6396,NightCare 27,Normal,"Aloe Vera, Ácido Ferúlico, Extracto de Té Verde, Vitamina C",83.59
6397,CeraPlus 43,Normal,"Aceite de Jojoba, Urea, Ácido Ferúlico, Avena Coloidal",44.02
6398,AgeDefy 23,Sensible,"Ácido Salicílico, Vitamina C",32.34
6399,DermaFix 198,Seca,"Agua Termal, Aceite de Jojoba, Extracto de Té Verde, Avena Coloidal",170.81
6400,Radiant Day 197,Mixta,"Ceramidas, Ácido Láctico, Peptidos",180.05
6401,Glow Serum 161,Mixta,"Aloe Vera, Glicerina, Niacinamida, Aceite de Jojoba",29.78
6402,CeraPlus 92,Sensible,"Ácido Láctico, Avena Coloidal",57.43
6403,Fresh Dew 242,Acneica,"Avena Coloidal, Extracto de Té Verde",63.36
6404,NightCare 98,Seca,"Glicerina, Manteca de Karité, Aceite de Jojoba, Retinol",26.33
6405,Hydra Boost 123,Grasa,"Pantenol, Ácido Hialurónico, Glicerina, Ácido Salicílico",69.78
6406,SkinPure 224,Grasa,"Aceite de Jojoba, Avena Coloidal, Niacinamida, Urea",195.7
6407,UltraSmooth 236,Acneica,"Aceite de Jojoba, Retinol, Manteca de Karité",8.7
6408,Fresh Dew 48,Grasa,"Ácido Láctico, Manteca de Karité",28.19
6409,AcneFree 11,Mixta,"Vitamina C, Manteca de Karité",148.56
6410,NightCare 19,Grasa,"Ácido Salicílico, Zinc",55.02
6411,AcneFree 285,Sensible,"Agua Termal, Retinol, Glicerina",53.95
6412,CeraPlus 73,Acneica,"Manteca de Karité, Zinc",42.5
6413,Fresh Dew 166,Acneica,"Ceramidas, Pantenol",93.19
6414,Silky Touch 68,Todo tipo,"Pantenol, Ácido Láctico",78.93
6415,OilControl 163,Grasa,"Aceite de Jojoba, Ceramidas",177.46
6416,Radiant Day 72,Todo tipo,"Retinol, Avena Coloidal, Zinc, Aceite de Jojoba",10.73
6417,Fresh Dew 121,Normal,"Extracto de Té Verde, Niacinamida, Ácido Láctico, Avena Coloidal",145.78
6418,OilControl 159,Madura,"Vitamina C, Ácido Hialurónico, Peptidos",48.92
6419,AgeDefy 189,Madura,"Niacinamida, Ácido Salicílico, Glicerina",132.31
6420,NutriGlow 19,Sensible,"Niacinamida, Pantenol",125.15
6421,UltraSmooth 293,Grasa,"Ácido Ferúlico, Aloe Vera, Aceite de Jojoba",40.14
6422,AgeDefy 270,Todo tipo,"Retinol, Ácido Salicílico",60.32
6423,SkinPure 173,Grasa,"Zinc, Niacinamida, Aceite de Jojoba",77.45
6424,CeraPlus 66,Sensible,"Retinol, Niacinamida, Agua Termal",46.37
6425,DermaFix 84,Seca,"Peptidos, Ácido Láctico, Manteca de Karité",155.72
6426,UltraSmooth 204,Todo tipo,"Ceramidas, Niacinamida, Glicerina",196.02
6427,Silky Touch 50,Todo tipo,"Glicerina, Ácido Salicílico",146.46
6428,Daily Moist 51,Sensible,"Aloe Vera, Aceite de Jojoba, Zinc, Peptidos",181.02
6429,NutriGlow 86,Normal,"Agua Termal, Avena Coloidal, Pantenol",62.73
6430,SunShield 231,Grasa,"Ácido Ferúlico, Ácido Salicílico",192.18
6431,AgeDefy 48,Madura,"Zinc, Ácido Hialurónico",137.87
6432,Aqua Balm 156,Acneica,"Extracto de Té Verde, Urea, Ácido Láctico",112.95
6433,NutriGlow 273,Acneica,"Aloe Vera, Glicerina, Pantenol",110.6
6434,UltraSmooth 64,Sensible,"Avena Coloidal, Glicerina, Urea, Ácido Hialurónico",21.85
6435,UltraSmooth 33,Sensible,"Ácido Salicílico, Retinol",138.71
6436,NightCare 91,Seca,"Urea, Vitamina C",8.62
6437,AcneFree 58,Grasa,"Avena Coloidal, Ceramidas",192.61
6438,NightCare 133,Seca,"Ácido Ferúlico, Peptidos, Niacinamida",40.13
6439,SkinPure 199,Normal,"Avena Coloidal, Aceite de Jojoba, Ceramidas, Peptidos",159.55
6440,AcneFree 33,Madura,"Ácido Láctico, Aloe Vera, Extracto de Té Verde, Urea",118.3
6441,AcneFree 211,Grasa,"Vitamina C, Glicerina, Ácido Láctico, Aloe Vera",49.64
6442,AgeDefy 12,Normal,"Retinol, Pantenol, Ácido Láctico, Ácido Hialurónico",101.12
6443,OilControl 165,Madura,"Ácido Ferúlico, Peptidos, Extracto de Té Verde, Vitamina C",66.21
6444,RegenX 201,Acneica,"Zinc, Peptidos",104.31
6445,Hydra Boost 154,Grasa,"Urea, Aloe Vera, Extracto de Té Verde, Zinc",18.97
6446,Fresh Dew 41,Seca,"Manteca de Karité, Ácido Hialurónico, Urea, Niacinamida",74.63
6447,BrightFix 44,Madura,"Glicerina, Agua Termal, Ácido Salicílico, Ácido Láctico",81.55
6448,AgeDefy 141,Normal,"Extracto de Té Verde, Agua Termal, Ácido Láctico, Niacinamida",56.42
6449,UltraSmooth 170,Acneica,"Manteca de Karité, Aloe Vera, Niacinamida, Ácido Láctico",156.56
6450,NutriGlow 57,Grasa,"Avena Coloidal, Ácido Ferúlico, Niacinamida",189.95
6451,UltraSmooth 101,Madura,"Zinc, Avena Coloidal, Extracto de Té Verde",101.99
6452,OilControl 108,Madura,"Pantenol, Agua Termal",141.37
6453,AgeDefy 284,Seca,"Aceite de Jojoba, Extracto de Té Verde, Manteca de Karité, Ácido Ferúlico",107.15
6454,OilControl 195,Mixta,"Manteca de Karité, Aceite de Jojoba, Avena Coloidal",109.11
6455,BrightFix 273,Mixta,"Vitamina C, Ácido Hialurónico, Ácido Salicílico",139.19
6456,Silky Touch 197,Todo tipo,"Ácido Hialurónico, Aloe Vera, Peptidos, Ceramidas",130.48
6457,Daily Moist 55,Normal,"Manteca de Karité, Niacinamida, Agua Termal",10.05
6458,SunShield 172,Mixta,"Zinc, Niacinamida, Extracto de Té Verde",170.28
6459,SkinPure 269,Sensible,"Aloe Vera, Ácido Ferúlico",76.01
6460,Radiant Day 126,Grasa,"Niacinamida, Ácido Hialurónico, Peptidos, Vitamina C",13.08
6461,AcneFree 6,Mixta,"Ácido Hialurónico, Urea, Aceite de Jojoba, Vitamina C",83.08
6462,Silky Touch 255,Mixta,"Peptidos, Urea, Glicerina, Ácido Ferúlico",88.24
6463,Hydra Boost 108,Acneica,"Extracto de Té Verde, Ácido Salicílico",63.55
6464,Radiant Day 28,Seca,"Niacinamida, Vitamina C",6.81
6465,Glow Serum 253,Sensible,"Zinc, Ácido Hialurónico, Manteca de Karité",96.77
6466,NightCare 72,Sensible,"Manteca de Karité, Ácido Ferúlico, Urea, Ácido Salicílico",114.4
6467,AcneFree 89,Mixta,"Vitamina C, Aloe Vera, Agua Termal",110.62
6468,CeraPlus 151,Sensible,"Vitamina C, Ceramidas, Avena Coloidal",61.01
6469,NutriGlow 194,Normal,"Vitamina C, Avena Coloidal",84.51
6470,DermaFix 220,Mixta,"Extracto de Té Verde, Ácido Salicílico, Peptidos, Ácido Hialurónico",197.51
6471,OilControl 58,Todo tipo,"Manteca de Karité, Vitamina C, Niacinamida, Avena Coloidal",92.4
6472,Radiant Day 45,Normal,"Aloe Vera, Peptidos, Ácido Hialurónico",76.19
6473,BrightFix 265,Sensible,"Ácido Hialurónico, Manteca de Karité, Agua Termal",46.65
6474,CeraPlus 109,Madura,"Ceramidas, Ácido Hialurónico",81.12
6475,Hydra Boost 161,Grasa,"Aloe Vera, Peptidos, Urea, Niacinamida",26.05
6476,SunShield 297,Mixta,"Aceite de Jojoba, Ácido Hialurónico",43.95
6477,Aqua Balm 164,Seca,"Glicerina, Niacinamida, Urea, Pantenol",69.81
6478,SkinPure 236,Todo tipo,"Glicerina, Ácido Láctico, Vitamina C, Urea",31.07
6479,BrightFix 269,Sensible,"Niacinamida, Urea, Peptidos, Glicerina",86.31
6480,SkinPure 197,Madura,"Ácido Ferúlico, Urea, Aceite de Jojoba, Peptidos",50.35
6481,Aqua Balm 57,Todo tipo,"Retinol, Manteca de Karité, Ácido Hialurónico",12.94
6482,SunShield 72,Mixta,"Pantenol, Ácido Salicílico, Ceramidas",102.63
6483,AgeDefy 280,Grasa,"Ácido Láctico, Manteca de Karité, Ácido Ferúlico, Vitamina C",184.8
6484,Radiant Day 166,Sensible,"Aceite de Jojoba, Ácido Salicílico",42.59
6485,Radiant Day 207,Grasa,"Zinc, Aloe Vera",174.09
6486,SunShield 113,Todo tipo,"Ceramidas, Glicerina, Avena Coloidal",130.49
6487,CeraPlus 277,Mixta,"Zinc, Aceite de Jojoba, Manteca de Karité, Agua Termal",141.82
6488,AcneFree 135,Mixta,"Pantenol, Ceramidas, Extracto de Té Verde, Retinol",80.57
6489,DermaFix 208,Acneica,"Avena Coloidal, Ácido Ferúlico",76.33
6490,SunShield 81,Acneica,"Glicerina, Pantenol, Ácido Láctico",52.52
6491,Hydra Boost 97,Mixta,"Aceite de Jojoba, Ácido Ferúlico, Ácido Salicílico, Ceramidas",68.13
6492,OilControl 210,Todo tipo,"Peptidos, Ceramidas",76.64
6493,Silky Touch 259,Mixta,"Vitamina C, Avena Coloidal, Aloe Vera, Manteca de Karité",71.69
6494,SunShield 113,Grasa,"Avena Coloidal, Aceite de Jojoba, Glicerina, Ácido Ferúlico",136.03
6495,Daily Moist 226,Acneica,"Vitamina C, Urea, Avena Coloidal",27.53
6496,SunShield 141,Seca,"Agua Termal, Aceite de Jojoba",161.17
6497,Radiant Day 198,Madura,"Peptidos, Urea, Glicerina",140.4
6498,OilControl 158,Madura,"Urea, Ceramidas, Glicerina",161.56
6499,NutriGlow 206,Grasa,"Pantenol, Extracto de Té Verde",23.34
6500,RegenX 116,Seca,"Peptidos, Extracto de Té Verde, Retinol",139.38
6501,NutriGlow 218,Acneica,"Manteca de Karité, Pantenol, Ácido Salicílico",54.8
6502,AcneFree 192,Acneica,"Retinol, Extracto de Té Verde, Ceramidas, Agua Termal",151.91
6503,Radiant Day 122,Madura,"Ceramidas, Aloe Vera",133.53
6504,DermaFix 152,Seca,"Aloe Vera, Niacinamida, Retinol",17.11
6505,AcneFree 145,Todo tipo,"Retinol, Ácido Ferúlico, Niacinamida",68.37
6506,SkinPure 140,Seca,"Ácido Hialurónico, Ácido Láctico",165.67
6507,BrightFix 77,Mixta,"Manteca de Karité, Ácido Ferúlico",95.78
6508,Clear Skin 95,Sensible,"Ácido Láctico, Vitamina C",182.89
6509,Clear Skin 295,Madura,"Ácido Láctico, Agua Termal, Ceramidas, Urea",157.34
6510,OilControl 42,Normal,"Niacinamida, Ácido Hialurónico",120.59
6511,Clear Skin 188,Madura,"Pantenol, Manteca de Karité",124.5
6512,SkinPure 87,Normal,"Aceite de Jojoba, Pantenol, Aloe Vera, Manteca de Karité",132.87
6513,Aqua Balm 217,Todo tipo,"Ácido Láctico, Agua Termal, Zinc",69.1
6514,AgeDefy 263,Grasa,"Pantenol, Agua Termal",128.52
6515,AgeDefy 252,Sensible,"Zinc, Vitamina C, Urea, Pantenol",146.18
6516,CeraPlus 92,Sensible,"Ácido Salicílico, Ácido Láctico, Ácido Ferúlico, Retinol",157.26
6517,NightCare 85,Grasa,"Extracto de Té Verde, Ceramidas",94.26
6518,Glow Serum 297,Mixta,"Ácido Salicílico, Agua Termal",43.67
6519,AcneFree 265,Grasa,"Urea, Retinol, Ácido Láctico",164.83
6520,Silky Touch 46,Mixta,"Niacinamida, Peptidos",22.03
6521,Glow Serum 34,Acneica,"Zinc, Ácido Ferúlico, Aloe Vera",172.99
6522,UltraSmooth 29,Todo tipo,"Extracto de Té Verde, Manteca de Karité, Agua Termal, Ceramidas",91.75
6523,OilControl 22,Todo tipo,"Vitamina C, Glicerina, Pantenol",41.91
6524,RegenX 22,Madura,"Pantenol, Avena Coloidal, Ácido Láctico, Ceramidas",114.77
6525,NutriGlow 276,Normal,"Pantenol, Extracto de Té Verde, Vitamina C",14.79
6526,Fresh Dew 168,Normal,"Agua Termal, Avena Coloidal, Ácido Ferúlico",121.89
6527,DermaFix 107,Normal,"Ácido Ferúlico, Avena Coloidal, Aloe Vera, Ceramidas",110.92
6528,Aqua Balm 198,Todo tipo,"Retinol, Niacinamida, Glicerina, Aloe Vera",63.66
6529,Aqua Balm 274,Mixta,"Aloe Vera, Pantenol, Zinc",34.5
6530,RegenX 254,Acneica,"Retinol, Glicerina",88.34
6531,RegenX 160,Acneica,"Pantenol, Urea, Ácido Hialurónico",158.88
6532,SkinPure 289,Normal,"Avena Coloidal, Pantenol",178.24
6533,Aqua Balm 128,Madura,"Vitamina C, Agua Termal, Avena Coloidal, Ácido Láctico",112.56
6534,Hydra Boost 219,Grasa,"Aceite de Jojoba, Peptidos",94.22
6535,SkinPure 172,Todo tipo,"Aceite de Jojoba, Ácido Hialurónico, Ácido Salicílico, Zinc",149.03
6536,BrightFix 111,Madura,"Aloe Vera, Glicerina, Ceramidas, Avena Coloidal",194.02
6537,Silky Touch 255,Mixta,"Retinol, Peptidos",139.75
6538,UltraSmooth 1,Normal,"Aloe Vera, Zinc",190.71
6539,OilControl 163,Madura,"Ácido Salicílico, Vitamina C, Ácido Hialurónico",183.98
6540,OilControl 167,Normal,"Ácido Ferúlico, Peptidos",160.89
6541,OilControl 102,Todo tipo,"Ceramidas, Peptidos",90.82
6542,AcneFree 169,Sensible,"Extracto de Té Verde, Avena Coloidal",189.09
6543,Hydra Boost 114,Normal,"Pantenol, Zinc",197.68
6544,OilControl 137,Mixta,"Urea, Aceite de Jojoba, Avena Coloidal, Ceramidas",27.35
6545,Silky Touch 148,Todo tipo,"Agua Termal, Urea, Aloe Vera, Ácido Ferúlico",60.26
6546,Aqua Balm 191,Mixta,"Glicerina, Pantenol",99.75
6547,CeraPlus 255,Grasa,"Glicerina, Ácido Salicílico, Avena Coloidal, Ácido Hialurónico",140.91
6548,RegenX 254,Sensible,"Ácido Salicílico, Ácido Ferúlico, Niacinamida",73.17
6549,SunShield 291,Todo tipo,"Glicerina, Avena Coloidal",108.05
6550,UltraSmooth 216,Normal,"Agua Termal, Niacinamida",28.01
6551,Glow Serum 269,Seca,"Zinc, Ácido Hialurónico, Vitamina C",123.91
6552,SkinPure 82,Grasa,"Ácido Hialurónico, Retinol, Vitamina C, Urea",94.16
6553,Radiant Day 265,Madura,"Urea, Aceite de Jojoba, Ácido Láctico, Manteca de Karité",167.19
6554,Radiant Day 189,Normal,"Retinol, Agua Termal",40.19
6555,Glow Serum 208,Mixta,"Extracto de Té Verde, Ácido Ferúlico",105.03
6556,RegenX 56,Todo tipo,"Avena Coloidal, Pantenol, Manteca de Karité",85.0
6557,AgeDefy 171,Normal,"Manteca de Karité, Glicerina, Urea, Vitamina C",22.49
6558,DermaFix 280,Todo tipo,"Aloe Vera, Ácido Hialurónico, Aceite de Jojoba, Ácido Ferúlico",19.21
6559,Silky Touch 225,Seca,"Zinc, Glicerina, Extracto de Té Verde",38.53
6560,Glow Serum 20,Mixta,"Vitamina C, Glicerina",135.97
6561,UltraSmooth 107,Madura,"Urea, Ácido Hialurónico, Ceramidas",44.03
6562,RegenX 104,Sensible,"Manteca de Karité, Ácido Salicílico, Peptidos, Agua Termal",57.87
6563,DermaFix 185,Madura,"Urea, Vitamina C",36.12
6564,Radiant Day 14,Grasa,"Urea, Ceramidas, Ácido Salicílico, Aceite de Jojoba",64.85
6565,Fresh Dew 48,Mixta,"Peptidos, Ácido Ferúlico",146.57
6566,OilControl 135,Seca,"Zinc, Urea, Aloe Vera",60.33
6567,SkinPure 181,Grasa,"Niacinamida, Vitamina C",115.77
6568,SunShield 23,Grasa,"Retinol, Glicerina, Ácido Láctico",126.12
6569,SkinPure 230,Normal,"Peptidos, Pantenol, Ácido Ferúlico, Glicerina",84.02
6570,UltraSmooth 7,Grasa,"Peptidos, Pantenol",15.32
6571,AcneFree 238,Sensible,"Urea, Niacinamida, Ácido Ferúlico, Extracto de Té Verde",47.13
6572,DermaFix 85,Normal,"Peptidos, Aceite de Jojoba, Ácido Salicílico, Retinol",16.97
6573,Daily Moist 156,Grasa,"Niacinamida, Ácido Salicílico",115.66
6574,UltraSmooth 106,Grasa,"Vitamina C, Manteca de Karité, Zinc",108.53
6575,AcneFree 231,Seca,"Extracto de Té Verde, Avena Coloidal, Ácido Hialurónico, Pantenol",28.89
6576,BrightFix 206,Todo tipo,"Avena Coloidal, Glicerina, Niacinamida, Pantenol",59.44
6577,NightCare 199,Madura,"Zinc, Extracto de Té Verde",30.8
6578,UltraSmooth 89,Madura,"Aceite de Jojoba, Niacinamida, Zinc, Manteca de Karité",23.31
6579,UltraSmooth 116,Acneica,"Avena Coloidal, Zinc, Peptidos",99.98
6580,NutriGlow 288,Mixta,"Ácido Hialurónico, Urea, Ceramidas",8.61
6581,Hydra Boost 265,Mixta,"Avena Coloidal, Agua Termal, Peptidos",53.86
6582,Aqua Balm 206,Acneica,"Niacinamida, Extracto de Té Verde, Agua Termal, Glicerina",196.75
6583,Hydra Boost 275,Sensible,"Agua Termal, Avena Coloidal, Zinc",174.96
6584,OilControl 75,Acneica,"Retinol, Avena Coloidal",148.53
6585,AcneFree 38,Mixta,"Aceite de Jojoba, Ceramidas, Peptidos",61.78
6586,Daily Moist 147,Todo tipo,"Manteca de Karité, Urea, Peptidos",184.02
6587,NutriGlow 73,Seca,"Agua Termal, Manteca de Karité, Ácido Hialurónico, Vitamina C",159.14
6588,AcneFree 50,Mixta,"Avena Coloidal, Ácido Ferúlico, Niacinamida",170.76
6589,AcneFree 229,Madura,"Aceite de Jojoba, Glicerina",22.55
6590,NightCare 107,Acneica,"Ácido Hialurónico, Ácido Ferúlico",79.69
6591,Radiant Day 121,Todo tipo,"Manteca de Karité, Aloe Vera, Ácido Ferúlico, Pantenol",128.93
6592,Silky Touch 241,Mixta,"Extracto de Té Verde, Peptidos, Retinol, Urea",62.28
6593,Glow Serum 196,Acneica,"Retinol, Pantenol, Ácido Láctico",81.2
6594,Radiant Day 69,Todo tipo,"Aceite de Jojoba, Glicerina, Urea",8.87
6595,Daily Moist 151,Normal,"Zinc, Avena Coloidal",115.9
6596,AgeDefy 41,Seca,"Retinol, Peptidos, Urea, Aceite de Jojoba",154.22
6597,DermaFix 257,Sensible,"Ceramidas, Ácido Ferúlico",160.78
6598,Aqua Balm 92,Normal,"Ceramidas, Ácido Hialurónico",157.51
6599,SunShield 113,Acneica,"Niacinamida, Vitamina C, Aloe Vera, Ácido Láctico",27.28
6600,NutriGlow 132,Seca,"Agua Termal, Manteca de Karité, Retinol, Ácido Salicílico",40.02
6601,RegenX 243,Acneica,"Extracto de Té Verde, Ácido Ferúlico, Pantenol",69.37
6602,Hydra Boost 190,Grasa,"Avena Coloidal, Agua Termal",133.75
6603,Glow Serum 48,Sensible,"Avena Coloidal, Ácido Salicílico, Zinc",67.26
6604,Aqua Balm 174,Todo tipo,"Ácido Láctico, Aceite de Jojoba",163.83
6605,AgeDefy 258,Acneica,"Agua Termal, Pantenol, Ácido Salicílico, Niacinamida",60.76
6606,Aqua Balm 108,Normal,"Peptidos, Niacinamida",165.14
6607,Aqua Balm 205,Acneica,"Pantenol, Agua Termal",191.76
6608,BrightFix 236,Grasa,"Aloe Vera, Vitamina C",41.72
6609,AcneFree 272,Sensible,"Ácido Ferúlico, Aloe Vera",89.94
6610,SunShield 176,Acneica,"Aceite de Jojoba, Avena Coloidal, Extracto de Té Verde, Retinol",116.68
6611,Clear Skin 191,Seca,"Peptidos, Glicerina, Aloe Vera, Ácido Láctico",146.18
6612,NightCare 159,Todo tipo,"Ácido Láctico, Extracto de Té Verde, Glicerina",85.74
6613,NightCare 103,Normal,"Glicerina, Vitamina C",160.63
6614,Hydra Boost 228,Grasa,"Peptidos, Vitamina C, Ácido Salicílico, Aloe Vera",177.86
6615,SkinPure 85,Mixta,"Aloe Vera, Ceramidas, Retinol",116.66
6616,CeraPlus 139,Grasa,"Aceite de Jojoba, Avena Coloidal, Manteca de Karité, Aloe Vera",125.2
6617,AgeDefy 62,Acneica,"Zinc, Urea",181.85
6618,OilControl 79,Madura,"Peptidos, Retinol",76.36
6619,Glow Serum 9,Todo tipo,"Peptidos, Vitamina C, Zinc",154.1
6620,DermaFix 111,Sensible,"Vitamina C, Ceramidas, Ácido Salicílico, Glicerina",22.4
6621,AgeDefy 43,Normal,"Ceramidas, Ácido Láctico, Extracto de Té Verde",60.05
6622,Silky Touch 92,Mixta,"Ácido Salicílico, Manteca de Karité",15.25
6623,AgeDefy 273,Seca,"Avena Coloidal, Ácido Hialurónico",39.96
6624,UltraSmooth 279,Acneica,"Glicerina, Manteca de Karité, Niacinamida",12.7
6625,Aqua Balm 70,Todo tipo,"Agua Termal, Peptidos, Aceite de Jojoba, Vitamina C",153.09
6626,NutriGlow 161,Mixta,"Agua Termal, Ácido Salicílico",130.03
6627,Fresh Dew 129,Sensible,"Ácido Ferúlico, Avena Coloidal, Ácido Salicílico, Aceite de Jojoba",36.03
6628,UltraSmooth 205,Mixta,"Ácido Ferúlico, Ácido Láctico, Pantenol, Ácido Salicílico",46.19
6629,NutriGlow 234,Sensible,"Ácido Láctico, Pantenol, Ceramidas",126.17
6630,OilControl 107,Grasa,"Zinc, Ácido Hialurónico, Manteca de Karité",160.31
6631,RegenX 65,Todo tipo,"Pantenol, Ácido Ferúlico, Niacinamida, Retinol",38.09
6632,SkinPure 118,Mixta,"Extracto de Té Verde, Ceramidas, Aloe Vera",20.11
6633,AgeDefy 100,Grasa,"Avena Coloidal, Niacinamida, Urea, Aloe Vera",62.31
6634,Silky Touch 26,Madura,"Ácido Láctico, Ácido Hialurónico, Urea",148.13
6635,NightCare 37,Acneica,"Ácido Láctico, Zinc, Manteca de Karité, Urea",52.8
6636,Aqua Balm 125,Madura,"Ceramidas, Retinol",171.24
6637,Silky Touch 165,Grasa,"Zinc, Ácido Salicílico, Agua Termal, Retinol",52.43
6638,SkinPure 84,Normal,"Zinc, Urea, Retinol, Manteca de Karité",168.77
6639,SunShield 260,Seca,"Avena Coloidal, Vitamina C",134.63
6640,AgeDefy 13,Normal,"Pantenol, Zinc, Peptidos",163.6
6641,BrightFix 200,Todo tipo,"Vitamina C, Manteca de Karité, Ácido Láctico, Pantenol",40.98
6642,Clear Skin 220,Sensible,"Zinc, Niacinamida, Agua Termal, Manteca de Karité",162.32
6643,OilControl 43,Madura,"Peptidos, Extracto de Té Verde, Aceite de Jojoba, Zinc",197.36
6644,Hydra Boost 219,Mixta,"Ácido Salicílico, Avena Coloidal",113.3
6645,SunShield 150,Grasa,"Ácido Láctico, Peptidos, Ácido Hialurónico, Urea",101.34
6646,Glow Serum 289,Seca,"Pantenol, Vitamina C, Avena Coloidal",55.13
6647,OilControl 263,Acneica,"Glicerina, Agua Termal, Zinc, Vitamina C",71.35
6648,NutriGlow 229,Normal,"Niacinamida, Vitamina C, Urea, Retinol",178.19
6649,NightCare 270,Normal,"Ceramidas, Extracto de Té Verde, Retinol, Niacinamida",86.45
6650,Silky Touch 64,Todo tipo,"Pantenol, Ácido Ferúlico, Ácido Láctico",85.88
6651,BrightFix 298,Normal,"Agua Termal, Ácido Láctico",6.66
6652,Daily Moist 177,Acneica,"Ácido Láctico, Zinc, Agua Termal, Ácido Ferúlico",30.81
6653,SunShield 91,Madura,"Retinol, Ceramidas",33.02
6654,AcneFree 222,Mixta,"Urea, Niacinamida, Manteca de Karité, Extracto de Té Verde",124.01
6655,Clear Skin 137,Todo tipo,"Extracto de Té Verde, Ácido Hialurónico, Peptidos",115.31
6656,Silky Touch 74,Acneica,"Ácido Láctico, Zinc, Ácido Ferúlico, Aloe Vera",28.11
6657,Daily Moist 224,Sensible,"Zinc, Agua Termal, Ácido Láctico",152.68
6658,SkinPure 122,Normal,"Ácido Salicílico, Niacinamida, Agua Termal",109.72
6659,SkinPure 296,Acneica,"Ceramidas, Ácido Hialurónico, Peptidos",50.96
6660,Glow Serum 52,Sensible,"Ceramidas, Niacinamida, Aloe Vera",152.5
6661,NutriGlow 142,Grasa,"Aceite de Jojoba, Glicerina, Avena Coloidal",118.75
6662,AgeDefy 130,Grasa,"Urea, Aceite de Jojoba",95.26
6663,DermaFix 245,Todo tipo,"Ceramidas, Ácido Ferúlico",198.21
6664,NightCare 28,Mixta,"Urea, Ácido Hialurónico",139.02
6665,AcneFree 103,Todo tipo,"Aceite de Jojoba, Vitamina C, Extracto de Té Verde",104.22
6666,Fresh Dew 28,Acneica,"Niacinamida, Agua Termal, Ácido Láctico, Zinc",27.5
6667,Daily Moist 256,Grasa,"Extracto de Té Verde, Ácido Hialurónico",103.96
6668,NightCare 169,Grasa,"Extracto de Té Verde, Peptidos, Zinc",106.11
6669,UltraSmooth 67,Normal,"Aceite de Jojoba, Ácido Láctico, Agua Termal",102.07
6670,UltraSmooth 256,Seca,"Ácido Láctico, Retinol",111.7
6671,AgeDefy 95,Normal,"Extracto de Té Verde, Ácido Hialurónico",120.2
6672,Silky Touch 80,Mixta,"Ácido Hialurónico, Manteca de Karité",150.67
6673,AcneFree 84,Todo tipo,"Ceramidas, Extracto de Té Verde, Ácido Hialurónico",56.8
6674,UltraSmooth 75,Sensible,"Ácido Láctico, Niacinamida",125.5
6675,NutriGlow 32,Grasa,"Urea, Vitamina C, Peptidos",45.21
6676,SkinPure 172,Grasa,"Aceite de Jojoba, Agua Termal",77.06
6677,Daily Moist 125,Normal,"Pantenol, Avena Coloidal, Extracto de Té Verde, Agua Termal",199.57
6678,BrightFix 70,Normal,"Peptidos, Urea, Niacinamida, Extracto de Té Verde",180.2
6679,NightCare 133,Sensible,"Retinol, Aceite de Jojoba",165.57
6680,NightCare 114,Normal,"Ácido Hialurónico, Aloe Vera, Pantenol, Glicerina",54.35
6681,SkinPure 40,Madura,"Ácido Hialurónico, Ácido Ferúlico",84.64
6682,Fresh Dew 284,Madura,"Peptidos, Zinc, Ácido Salicílico",42.23
6683,Fresh Dew 65,Madura,"Aceite de Jojoba, Retinol",42.54
6684,SunShield 14,Acneica,"Ácido Hialurónico, Retinol, Ceramidas",28.72
6685,Radiant Day 64,Seca,"Ácido Salicílico, Extracto de Té Verde, Ácido Hialurónico, Peptidos",25.36
6686,AcneFree 234,Todo tipo,"Extracto de Té Verde, Niacinamida",135.79
6687,Clear Skin 57,Acneica,"Ácido Láctico, Urea, Ácido Salicílico, Ácido Ferúlico",132.68
6688,UltraSmooth 199,Acneica,"Zinc, Ácido Salicílico, Urea, Ceramidas",58.12
6689,Fresh Dew 51,Seca,"Niacinamida, Manteca de Karité, Urea",81.74
6690,SkinPure 237,Normal,"Ácido Salicílico, Aceite de Jojoba",137.36
6691,Hydra Boost 15,Grasa,"Manteca de Karité, Avena Coloidal",58.0
6692,NutriGlow 75,Grasa,"Ceramidas, Ácido Ferúlico, Ácido Salicílico, Avena Coloidal",12.9
6693,Clear Skin 246,Mixta,"Ácido Salicílico, Urea, Ácido Láctico, Agua Termal",199.52
6694,BrightFix 24,Mixta,"Urea, Ácido Ferúlico, Ácido Salicílico, Pantenol",42.04
6695,Fresh Dew 176,Mixta,"Avena Coloidal, Ácido Salicílico, Manteca de Karité, Ácido Ferúlico",157.4
6696,Glow Serum 19,Grasa,"Vitamina C, Ácido Láctico",198.33
6697,Aqua Balm 17,Madura,"Urea, Ácido Salicílico, Extracto de Té Verde",124.52
6698,SunShield 93,Sensible,"Pantenol, Aceite de Jojoba, Ácido Salicílico, Niacinamida",149.16
6699,DermaFix 142,Acneica,"Urea, Retinol",43.46
6700,AgeDefy 203,Acneica,"Ácido Hialurónico, Urea, Ácido Láctico, Zinc",150.47
6701,BrightFix 180,Acneica,"Ácido Hialurónico, Extracto de Té Verde, Avena Coloidal, Glicerina",141.32
6702,NightCare 35,Acneica,"Agua Termal, Aloe Vera, Glicerina",72.6
6703,CeraPlus 247,Normal,"Ácido Láctico, Urea, Pantenol",116.16
6704,Hydra Boost 130,Seca,"Peptidos, Ceramidas, Avena Coloidal",133.7
6705,Silky Touch 108,Mixta,"Aceite de Jojoba, Agua Termal, Ceramidas",99.06
6706,UltraSmooth 209,Madura,"Ácido Láctico, Glicerina",22.63
6707,Fresh Dew 288,Madura,"Ácido Ferúlico, Aceite de Jojoba, Agua Termal",86.36
6708,NightCare 15,Seca,"Aceite de Jojoba, Ceramidas, Niacinamida",199.51
6709,SkinPure 164,Mixta,"Avena Coloidal, Aloe Vera, Glicerina, Vitamina C",186.77
6710,UltraSmooth 292,Mixta,"Avena Coloidal, Ácido Ferúlico, Ácido Láctico, Peptidos",73.18
6711,OilControl 124,Grasa,"Vitamina C, Pantenol, Glicerina",81.73
6712,AgeDefy 179,Normal,"Aloe Vera, Niacinamida, Ceramidas",27.31
6713,RegenX 77,Acneica,"Aceite de Jojoba, Niacinamida",131.22
6714,CeraPlus 152,Todo tipo,"Aloe Vera, Pantenol, Retinol, Agua Termal",195.46
6715,Hydra Boost 161,Madura,"Niacinamida, Ácido Salicílico, Aloe Vera, Glicerina",199.3
6716,SunShield 135,Madura,"Ácido Hialurónico, Pantenol, Ácido Láctico, Agua Termal",24.04
6717,Radiant Day 74,Madura,"Aceite de Jojoba, Aloe Vera",63.52
6718,Fresh Dew 148,Todo tipo,"Aceite de Jojoba, Pantenol, Aloe Vera",130.23
6719,Fresh Dew 102,Grasa,"Ácido Salicílico, Vitamina C, Peptidos, Ceramidas",134.2
6720,OilControl 241,Normal,"Peptidos, Retinol, Aceite de Jojoba, Agua Termal",176.06
6721,Aqua Balm 146,Grasa,"Pantenol, Ácido Hialurónico",163.79
6722,Glow Serum 40,Normal,"Retinol, Aceite de Jojoba, Ácido Láctico, Zinc",47.48
6723,AgeDefy 79,Madura,"Avena Coloidal, Vitamina C, Glicerina",24.92
6724,SkinPure 17,Todo tipo,"Glicerina, Ácido Salicílico, Zinc",151.35
6725,Glow Serum 222,Madura,"Aceite de Jojoba, Ácido Salicílico, Retinol, Ácido Ferúlico",177.43
6726,SunShield 146,Seca,"Aloe Vera, Vitamina C",121.63
6727,SunShield 62,Grasa,"Ácido Ferúlico, Retinol, Ácido Láctico",174.43
6728,Silky Touch 248,Seca,"Urea, Aceite de Jojoba, Pantenol, Avena Coloidal",165.63
6729,AcneFree 91,Mixta,"Ácido Hialurónico, Aloe Vera, Retinol, Zinc",169.6
6730,NightCare 28,Todo tipo,"Manteca de Karité, Niacinamida, Pantenol",69.82
6731,Daily Moist 1,Grasa,"Ácido Láctico, Vitamina C, Ceramidas, Glicerina",125.48
6732,Silky Touch 80,Todo tipo,"Retinol, Vitamina C",143.53
6733,NightCare 285,Mixta,"Pantenol, Urea, Ácido Láctico, Ceramidas",57.72
6734,CeraPlus 289,Madura,"Ácido Ferúlico, Aceite de Jojoba",72.75
6735,CeraPlus 270,Acneica,"Avena Coloidal, Ácido Ferúlico, Ácido Salicílico",178.6
6736,Aqua Balm 221,Mixta,"Pantenol, Manteca de Karité, Urea",61.8
6737,Glow Serum 93,Sensible,"Ácido Láctico, Extracto de Té Verde, Manteca de Karité, Zinc",107.76
6738,Aqua Balm 294,Sensible,"Retinol, Ácido Ferúlico",17.19
6739,CeraPlus 215,Grasa,"Avena Coloidal, Aceite de Jojoba, Aloe Vera",84.88
6740,OilControl 126,Grasa,"Retinol, Niacinamida",109.9
6741,Glow Serum 22,Grasa,"Retinol, Ácido Ferúlico, Urea",17.54
6742,NutriGlow 109,Acneica,"Ácido Ferúlico, Glicerina, Aceite de Jojoba, Ácido Salicílico",100.17
6743,UltraSmooth 61,Normal,"Retinol, Zinc",40.94
6744,Silky Touch 76,Madura,"Ceramidas, Ácido Hialurónico, Vitamina C",145.78
6745,BrightFix 151,Madura,"Glicerina, Ceramidas",92.57
6746,Fresh Dew 156,Mixta,"Ácido Ferúlico, Zinc",32.06
6747,NutriGlow 142,Todo tipo,"Ácido Salicílico, Retinol, Ácido Láctico, Manteca de Karité",85.74
6748,Clear Skin 266,Sensible,"Extracto de Té Verde, Retinol, Zinc",77.39
6749,UltraSmooth 166,Grasa,"Agua Termal, Avena Coloidal, Niacinamida, Urea",168.53
6750,AgeDefy 157,Seca,"Ácido Hialurónico, Urea, Zinc",190.28
6751,Aqua Balm 68,Seca,"Peptidos, Vitamina C, Agua Termal, Ceramidas",96.67
6752,SunShield 289,Todo tipo,"Vitamina C, Ácido Hialurónico",181.31
6753,Glow Serum 95,Todo tipo,"Peptidos, Ácido Salicílico, Manteca de Karité, Aloe Vera",25.74
6754,Aqua Balm 25,Seca,"Ceramidas, Extracto de Té Verde",155.42
6755,Daily Moist 221,Acneica,"Ceramidas, Niacinamida, Pantenol",122.74
6756,DermaFix 278,Madura,"Ácido Láctico, Ácido Hialurónico, Peptidos",108.91
6757,AcneFree 18,Todo tipo,"Aloe Vera, Ácido Salicílico, Extracto de Té Verde, Ácido Ferúlico",128.61
6758,CeraPlus 155,Mixta,"Zinc, Ácido Láctico",192.5
6759,Fresh Dew 144,Todo tipo,"Vitamina C, Agua Termal, Retinol",100.47
6760,SunShield 299,Grasa,"Peptidos, Niacinamida",148.47
6761,DermaFix 228,Acneica,"Ácido Hialurónico, Agua Termal, Peptidos, Urea",185.12
6762,DermaFix 213,Grasa,"Ceramidas, Niacinamida",116.73
6763,Hydra Boost 204,Grasa,"Avena Coloidal, Peptidos, Manteca de Karité, Aloe Vera",31.54
6764,Silky Touch 96,Todo tipo,"Ceramidas, Ácido Láctico, Ácido Salicílico",117.27
6765,BrightFix 62,Grasa,"Ácido Hialurónico, Manteca de Karité, Vitamina C",5.01
6766,Aqua Balm 107,Seca,"Urea, Manteca de Karité, Vitamina C",183.25
6767,Clear Skin 16,Grasa,"Ceramidas, Manteca de Karité",163.76
6768,AcneFree 217,Seca,"Glicerina, Ceramidas",5.25
6769,BrightFix 255,Normal,"Retinol, Glicerina",74.98
6770,SunShield 8,Todo tipo,"Zinc, Retinol",24.59
6771,NutriGlow 144,Mixta,"Manteca de Karité, Agua Termal, Pantenol",90.98
6772,RegenX 92,Normal,"Peptidos, Vitamina C",160.68
6773,Daily Moist 284,Seca,"Peptidos, Manteca de Karité, Ácido Ferúlico, Niacinamida",113.37
6774,CeraPlus 208,Acneica,"Extracto de Té Verde, Ácido Ferúlico, Ácido Salicílico, Avena Coloidal",175.94
6775,Aqua Balm 155,Sensible,"Aloe Vera, Retinol, Avena Coloidal",96.92
6776,Fresh Dew 135,Madura,"Peptidos, Pantenol, Avena Coloidal",154.44
6777,OilControl 92,Madura,"Aloe Vera, Zinc, Niacinamida, Agua Termal",47.06
6778,DermaFix 79,Acneica,"Ácido Hialurónico, Aceite de Jojoba",39.13
6779,Glow Serum 65,Sensible,"Pantenol, Peptidos",146.98
6780,Radiant Day 45,Seca,"Manteca de Karité, Vitamina C",177.31
6781,Fresh Dew 59,Normal,"Aloe Vera, Niacinamida",186.14
6782,AcneFree 97,Normal,"Urea, Ácido Salicílico",52.78
6783,Glow Serum 298,Grasa,"Manteca de Karité, Glicerina, Ácido Hialurónico",24.28
6784,SkinPure 245,Sensible,"Extracto de Té Verde, Glicerina, Niacinamida, Ácido Salicílico",66.9
6785,OilControl 164,Grasa,"Ácido Salicílico, Retinol, Aloe Vera",127.84
6786,BrightFix 28,Acneica,"Niacinamida, Ácido Hialurónico",45.15
6787,OilControl 20,Seca,"Niacinamida, Ácido Salicílico",184.88
6788,RegenX 249,Mixta,"Ácido Láctico, Avena Coloidal",77.61
6789,SkinPure 4,Todo tipo,"Manteca de Karité, Extracto de Té Verde, Ácido Salicílico, Niacinamida",181.66
6790,CeraPlus 109,Seca,"Niacinamida, Ceramidas, Extracto de Té Verde",175.73
6791,SkinPure 103,Seca,"Ceramidas, Pantenol, Ácido Ferúlico, Agua Termal",70.84
6792,Daily Moist 1,Acneica,"Ácido Láctico, Retinol",55.02
6793,RegenX 221,Todo tipo,"Aceite de Jojoba, Ácido Salicílico, Niacinamida, Aloe Vera",140.2
6794,Daily Moist 204,Acneica,"Ácido Hialurónico, Zinc, Ceramidas",120.68
6795,Radiant Day 110,Mixta,"Zinc, Aloe Vera, Pantenol",77.42
6796,Hydra Boost 159,Mixta,"Aloe Vera, Ácido Ferúlico, Manteca de Karité",134.47
6797,Radiant Day 71,Sensible,"Aceite de Jojoba, Ceramidas, Extracto de Té Verde",154.55
6798,CeraPlus 94,Madura,"Niacinamida, Aloe Vera, Agua Termal",147.45
6799,Daily Moist 119,Mixta,"Peptidos, Glicerina",165.04
6800,Clear Skin 177,Seca,"Vitamina C, Manteca de Karité",86.78
6801,BrightFix 190,Normal,"Pantenol, Ceramidas, Ácido Salicílico, Peptidos",152.41
6802,BrightFix 163,Mixta,"Avena Coloidal, Aceite de Jojoba, Retinol, Glicerina",36.1
6803,Glow Serum 187,Normal,"Ceramidas, Aloe Vera, Pantenol, Aceite de Jojoba",155.12
6804,Fresh Dew 151,Madura,"Extracto de Té Verde, Urea",127.86
6805,AgeDefy 269,Madura,"Zinc, Pantenol, Ácido Hialurónico",10.35
6806,DermaFix 19,Acneica,"Ácido Láctico, Glicerina, Aloe Vera, Ácido Hialurónico",54.17
6807,UltraSmooth 81,Sensible,"Pantenol, Ceramidas, Ácido Hialurónico",123.49
6808,Glow Serum 130,Acneica,"Niacinamida, Ácido Láctico, Ácido Salicílico",10.09
6809,OilControl 229,Seca,"Aloe Vera, Ceramidas, Urea, Ácido Salicílico",100.04
6810,DermaFix 294,Sensible,"Ceramidas, Aceite de Jojoba, Zinc",70.96
6811,Glow Serum 78,Mixta,"Ácido Ferúlico, Ácido Salicílico, Avena Coloidal, Ácido Hialurónico",15.88
6812,Glow Serum 217,Normal,"Zinc, Ácido Salicílico, Extracto de Té Verde",35.17
6813,Clear Skin 272,Grasa,"Niacinamida, Peptidos, Aloe Vera, Retinol",162.67
6814,AgeDefy 208,Normal,"Peptidos, Niacinamida",32.27
6815,AgeDefy 259,Normal,"Vitamina C, Peptidos, Aceite de Jojoba",49.75
6816,RegenX 160,Normal,"Pantenol, Ácido Ferúlico, Agua Termal",101.28
6817,Glow Serum 280,Madura,"Urea, Extracto de Té Verde, Avena Coloidal",190.2
6818,OilControl 255,Seca,"Manteca de Karité, Urea",188.0
6819,Silky Touch 48,Todo tipo,"Niacinamida, Avena Coloidal",144.41
6820,AcneFree 80,Mixta,"Ácido Salicílico, Urea",23.5
6821,Hydra Boost 250,Mixta,"Aloe Vera, Retinol, Urea",157.87
6822,RegenX 187,Todo tipo,"Retinol, Aloe Vera, Urea, Aceite de Jojoba",89.38
6823,Hydra Boost 223,Sensible,"Avena Coloidal, Ácido Salicílico",194.11
6824,UltraSmooth 138,Mixta,"Avena Coloidal, Aceite de Jojoba",136.21
6825,CeraPlus 138,Madura,"Ácido Láctico, Vitamina C, Avena Coloidal, Peptidos",117.85
6826,NightCare 182,Mixta,"Niacinamida, Avena Coloidal, Retinol",87.77
6827,Radiant Day 2,Mixta,"Urea, Glicerina, Ácido Láctico",119.53
6828,NutriGlow 165,Seca,"Urea, Manteca de Karité",100.63
6829,SkinPure 162,Normal,"Urea, Ácido Láctico, Ácido Ferúlico, Vitamina C",57.76
6830,CeraPlus 186,Todo tipo,"Aceite de Jojoba, Niacinamida",182.69
6831,Hydra Boost 26,Sensible,"Vitamina C, Aloe Vera",159.33
6832,CeraPlus 76,Todo tipo,"Manteca de Karité, Glicerina, Ácido Salicílico, Aceite de Jojoba",25.85
6833,Radiant Day 87,Acneica,"Retinol, Avena Coloidal, Agua Termal, Aloe Vera",112.77
6834,SunShield 262,Mixta,"Ácido Láctico, Aloe Vera, Zinc, Manteca de Karité",81.45
6835,Glow Serum 45,Grasa,"Aceite de Jojoba, Zinc",16.9
6836,UltraSmooth 11,Seca,"Ceramidas, Ácido Salicílico",23.93
6837,OilControl 34,Acneica,"Manteca de Karité, Ácido Hialurónico, Peptidos",26.96
6838,Glow Serum 80,Grasa,"Niacinamida, Glicerina, Aloe Vera, Extracto de Té Verde",64.96
6839,BrightFix 165,Acneica,"Niacinamida, Agua Termal, Ácido Hialurónico",30.14
6840,DermaFix 170,Normal,"Pantenol, Extracto de Té Verde, Ácido Hialurónico, Aloe Vera",170.79
6841,NutriGlow 112,Normal,"Ácido Láctico, Peptidos",55.66
6842,Silky Touch 214,Grasa,"Ácido Hialurónico, Aceite de Jojoba",124.29
6843,SkinPure 153,Madura,"Avena Coloidal, Ácido Salicílico, Ácido Ferúlico",49.4
6844,NutriGlow 161,Normal,"Agua Termal, Glicerina",183.16
6845,BrightFix 264,Mixta,"Vitamina C, Ácido Láctico, Urea, Peptidos",161.3
6846,AcneFree 49,Grasa,"Urea, Avena Coloidal",28.45
6847,SkinPure 21,Todo tipo,"Extracto de Té Verde, Ácido Ferúlico, Avena Coloidal",198.28
6848,NightCare 132,Seca,"Ácido Láctico, Ácido Salicílico",152.71
6849,OilControl 206,Todo tipo,"Ácido Ferúlico, Vitamina C",144.58
6850,Daily Moist 135,Todo tipo,"Glicerina, Ácido Salicílico",159.58
6851,SkinPure 299,Madura,"Agua Termal, Ácido Láctico, Glicerina",162.24
6852,Hydra Boost 174,Madura,"Ácido Salicílico, Extracto de Té Verde, Aloe Vera",105.96
6853,Silky Touch 159,Acneica,"Ácido Ferúlico, Niacinamida",182.4
6854,AcneFree 99,Sensible,"Manteca de Karité, Aloe Vera, Ácido Ferúlico",91.99
6855,Aqua Balm 181,Acneica,"Ácido Hialurónico, Niacinamida",26.02
6856,UltraSmooth 201,Seca,"Ácido Hialurónico, Ácido Salicílico, Agua Termal",16.99
6857,UltraSmooth 268,Sensible,"Avena Coloidal, Ácido Láctico",98.52
6858,RegenX 32,Madura,"Zinc, Peptidos, Vitamina C",165.58
6859,Silky Touch 258,Todo tipo,"Retinol, Urea",8.52
6860,AgeDefy 230,Sensible,"Agua Termal, Zinc",118.73
6861,Glow Serum 198,Normal,"Urea, Manteca de Karité, Zinc",198.58
6862,Fresh Dew 40,Acneica,"Ácido Salicílico, Pantenol, Ácido Hialurónico",71.08
6863,AgeDefy 72,Mixta,"Retinol, Glicerina, Niacinamida",54.37
6864,SkinPure 5,Normal,"Niacinamida, Avena Coloidal",63.91
6865,Glow Serum 299,Acneica,"Manteca de Karité, Agua Termal, Peptidos, Niacinamida",147.2
6866,CeraPlus 118,Sensible,"Vitamina C, Aceite de Jojoba",19.19
6867,Aqua Balm 130,Normal,"Ácido Hialurónico, Pantenol",150.57
6868,RegenX 109,Normal,"Glicerina, Ácido Salicílico",177.28
6869,SunShield 124,Mixta,"Agua Termal, Ácido Hialurónico, Ácido Ferúlico",52.16
6870,Glow Serum 57,Normal,"Vitamina C, Glicerina, Aloe Vera",79.14
6871,Hydra Boost 163,Grasa,"Agua Termal, Avena Coloidal",136.33
6872,CeraPlus 110,Todo tipo,"Niacinamida, Ácido Hialurónico, Aloe Vera",41.88
6873,SunShield 31,Normal,"Ceramidas, Ácido Láctico",110.54
6874,SunShield 130,Mixta,"Ácido Ferúlico, Glicerina",188.96
6875,NutriGlow 6,Normal,"Avena Coloidal, Aloe Vera",50.47
6876,OilControl 186,Sensible,"Manteca de Karité, Extracto de Té Verde, Zinc, Peptidos",144.64
6877,Fresh Dew 54,Mixta,"Manteca de Karité, Aceite de Jojoba",127.28
6878,Glow Serum 101,Acneica,"Glicerina, Ácido Ferúlico",52.87
6879,Aqua Balm 82,Grasa,"Pantenol, Avena Coloidal, Glicerina",12.4
6880,Fresh Dew 267,Mixta,"Urea, Ceramidas, Ácido Ferúlico, Peptidos",51.17
6881,Clear Skin 284,Madura,"Ácido Hialurónico, Ácido Salicílico, Vitamina C, Avena Coloidal",103.38
6882,NutriGlow 101,Acneica,"Ceramidas, Ácido Láctico",24.82
6883,Hydra Boost 49,Seca,"Agua Termal, Pantenol, Ácido Hialurónico",167.82
6884,NightCare 256,Acneica,"Zinc, Ácido Láctico",133.92
6885,AcneFree 95,Grasa,"Aloe Vera, Glicerina, Niacinamida",151.08
6886,Silky Touch 48,Acneica,"Aceite de Jojoba, Pantenol",151.16
6887,NightCare 259,Acneica,"Vitamina C, Ácido Hialurónico, Retinol",41.72
6888,Hydra Boost 113,Madura,"Zinc, Aloe Vera",23.13
6889,Clear Skin 91,Normal,"Ácido Hialurónico, Manteca de Karité, Niacinamida, Peptidos",38.44
6890,Aqua Balm 239,Grasa,"Extracto de Té Verde, Vitamina C, Ácido Láctico",48.13
6891,AcneFree 180,Seca,"Peptidos, Ácido Hialurónico",33.19
6892,OilControl 31,Seca,"Agua Termal, Pantenol",7.69
6893,Radiant Day 120,Seca,"Ácido Hialurónico, Ácido Salicílico, Glicerina",171.25
6894,UltraSmooth 182,Acneica,"Vitamina C, Ácido Láctico, Extracto de Té Verde, Avena Coloidal",154.55
6895,Clear Skin 59,Grasa,"Peptidos, Avena Coloidal, Manteca de Karité",18.21
6896,UltraSmooth 71,Todo tipo,"Manteca de Karité, Ácido Salicílico",33.67
6897,Radiant Day 178,Seca,"Agua Termal, Retinol, Pantenol, Manteca de Karité",135.22
6898,Fresh Dew 257,Sensible,"Ceramidas, Agua Termal, Ácido Salicílico, Peptidos",167.77
6899,Clear Skin 161,Acneica,"Retinol, Agua Termal",26.65
6900,DermaFix 212,Mixta,"Pantenol, Vitamina C",41.9
6901,Fresh Dew 251,Sensible,"Ácido Láctico, Agua Termal, Ácido Ferúlico",177.43
6902,AgeDefy 256,Sensible,"Zinc, Ácido Hialurónico, Aloe Vera, Ácido Ferúlico",14.32
6903,Clear Skin 242,Acneica,"Vitamina C, Aloe Vera",115.96
6904,Daily Moist 280,Acneica,"Zinc, Vitamina C",88.93
6905,RegenX 230,Normal,"Ácido Ferúlico, Ácido Hialurónico, Niacinamida, Manteca de Karité",129.37
6906,Clear Skin 240,Acneica,"Avena Coloidal, Extracto de Té Verde",122.54
6907,NightCare 210,Todo tipo,"Ácido Ferúlico, Peptidos, Glicerina, Ácido Salicílico",112.41
6908,Aqua Balm 166,Seca,"Peptidos, Ácido Láctico",47.19
6909,AcneFree 179,Todo tipo,"Ácido Ferúlico, Pantenol",55.52
6910,SunShield 152,Mixta,"Ácido Hialurónico, Peptidos, Niacinamida, Urea",121.04
6911,Glow Serum 207,Seca,"Ácido Salicílico, Avena Coloidal, Pantenol, Extracto de Té Verde",172.01
6912,DermaFix 39,Normal,"Glicerina, Vitamina C",138.18
6913,OilControl 199,Seca,"Ácido Hialurónico, Ácido Láctico, Ceramidas",164.67
6914,SkinPure 109,Sensible,"Aloe Vera, Ácido Hialurónico, Pantenol",28.87
6915,AgeDefy 197,Todo tipo,"Manteca de Karité, Urea, Ácido Hialurónico",104.34
6916,Fresh Dew 81,Madura,"Extracto de Té Verde, Agua Termal",20.91
6917,NightCare 188,Seca,"Extracto de Té Verde, Retinol, Glicerina",129.92
6918,Glow Serum 4,Todo tipo,"Peptidos, Manteca de Karité, Ácido Salicílico",110.75
6919,RegenX 133,Sensible,"Aloe Vera, Ácido Salicílico, Vitamina C, Manteca de Karité",96.38
6920,Radiant Day 279,Sensible,"Extracto de Té Verde, Niacinamida",131.03
6921,OilControl 89,Acneica,"Glicerina, Avena Coloidal, Niacinamida, Ceramidas",26.0
6922,SkinPure 178,Mixta,"Ácido Ferúlico, Ceramidas, Aceite de Jojoba",132.76
6923,Radiant Day 171,Todo tipo,"Zinc, Ácido Hialurónico",81.73
6924,NutriGlow 242,Todo tipo,"Avena Coloidal, Ácido Láctico, Retinol",41.18
6925,Daily Moist 92,Grasa,"Retinol, Ácido Salicílico",143.28
6926,UltraSmooth 245,Mixta,"Ácido Hialurónico, Extracto de Té Verde, Pantenol, Manteca de Karité",35.19
6927,Hydra Boost 282,Normal,"Ácido Hialurónico, Retinol, Extracto de Té Verde, Zinc",178.71
6928,BrightFix 280,Normal,"Glicerina, Aceite de Jojoba, Ácido Ferúlico",140.75
6929,DermaFix 122,Madura,"Ácido Láctico, Manteca de Karité, Zinc",80.4
6930,RegenX 202,Todo tipo,"Agua Termal, Glicerina, Zinc",147.91
6931,Glow Serum 253,Acneica,"Agua Termal, Ácido Láctico, Ácido Ferúlico, Ácido Salicílico",72.23
6932,UltraSmooth 154,Grasa,"Ácido Láctico, Aloe Vera, Vitamina C, Ácido Ferúlico",12.54
6933,Clear Skin 212,Grasa,"Ácido Ferúlico, Aloe Vera",84.45
6934,SunShield 263,Sensible,"Urea, Manteca de Karité",137.95
6935,Fresh Dew 7,Acneica,"Manteca de Karité, Avena Coloidal, Zinc, Ácido Láctico",118.16
6936,Clear Skin 151,Acneica,"Ácido Hialurónico, Vitamina C",197.74
6937,Clear Skin 260,Madura,"Retinol, Ácido Hialurónico",143.96
6938,Clear Skin 42,Normal,"Zinc, Ácido Ferúlico, Ácido Hialurónico, Peptidos",92.95
6939,Clear Skin 98,Sensible,"Avena Coloidal, Pantenol, Vitamina C, Retinol",147.7
6940,SunShield 243,Madura,"Niacinamida, Ceramidas, Zinc, Ácido Láctico",77.67
6941,NightCare 130,Todo tipo,"Urea, Pantenol, Aloe Vera",182.1
6942,Silky Touch 153,Sensible,"Zinc, Ácido Ferúlico",173.93
6943,CeraPlus 237,Madura,"Retinol, Ácido Hialurónico, Pantenol",126.73
6944,Radiant Day 166,Seca,"Ácido Salicílico, Avena Coloidal, Zinc",113.59
6945,Aqua Balm 286,Madura,"Zinc, Vitamina C, Ácido Ferúlico",84.88
6946,DermaFix 146,Acneica,"Ácido Láctico, Retinol",18.97
6947,AcneFree 124,Acneica,"Ácido Ferúlico, Extracto de Té Verde, Ácido Láctico, Manteca de Karité",45.29
6948,Clear Skin 265,Seca,"Vitamina C, Urea, Ácido Ferúlico",197.45
6949,NightCare 260,Madura,"Ácido Hialurónico, Extracto de Té Verde",67.05
6950,OilControl 250,Sensible,"Aloe Vera, Avena Coloidal",186.22
6951,SkinPure 256,Seca,"Aceite de Jojoba, Retinol, Urea, Agua Termal",97.69
6952,NutriGlow 153,Normal,"Ácido Hialurónico, Vitamina C, Glicerina, Ácido Salicílico",194.2
6953,Silky Touch 184,Grasa,"Ácido Hialurónico, Avena Coloidal, Retinol",96.65
6954,OilControl 284,Acneica,"Aceite de Jojoba, Peptidos, Agua Termal",178.22
6955,Fresh Dew 155,Acneica,"Zinc, Glicerina, Aloe Vera, Urea",72.15
6956,UltraSmooth 237,Sensible,"Retinol, Ceramidas",165.99
6957,SunShield 27,Todo tipo,"Agua Termal, Aceite de Jojoba, Ácido Ferúlico",146.35
6958,CeraPlus 85,Sensible,"Glicerina, Extracto de Té Verde, Avena Coloidal, Retinol",8.42
6959,OilControl 105,Normal,"Vitamina C, Extracto de Té Verde",170.38
6960,SkinPure 116,Todo tipo,"Retinol, Pantenol, Ácido Salicílico, Aloe Vera",157.84
6961,NightCare 232,Acneica,"Avena Coloidal, Glicerina",181.56
6962,Aqua Balm 6,Seca,"Niacinamida, Pantenol, Aceite de Jojoba",192.94
6963,NightCare 62,Grasa,"Ácido Láctico, Glicerina, Niacinamida, Ceramidas",29.09
6964,Hydra Boost 140,Madura,"Ácido Ferúlico, Aceite de Jojoba",167.55
6965,SkinPure 223,Acneica,"Extracto de Té Verde, Glicerina",122.53
6966,Silky Touch 228,Madura,"Aloe Vera, Avena Coloidal",160.1
6967,NightCare 292,Madura,"Pantenol, Retinol",34.16
6968,Clear Skin 106,Grasa,"Aloe Vera, Ácido Salicílico",36.42
6969,NightCare 52,Todo tipo,"Pantenol, Peptidos, Ácido Hialurónico",131.0
6970,SkinPure 223,Sensible,"Avena Coloidal, Agua Termal, Niacinamida, Urea",133.3
6971,Silky Touch 22,Grasa,"Agua Termal, Extracto de Té Verde, Niacinamida",103.08
6972,SkinPure 141,Sensible,"Agua Termal, Ácido Láctico, Vitamina C",54.09
6973,Aqua Balm 34,Todo tipo,"Ácido Salicílico, Niacinamida, Pantenol",137.41
6974,DermaFix 216,Mixta,"Ceramidas, Avena Coloidal, Ácido Láctico",61.74
6975,Radiant Day 26,Normal,"Pantenol, Ácido Ferúlico, Glicerina",42.25
6976,OilControl 272,Todo tipo,"Avena Coloidal, Peptidos",139.63
6977,Aqua Balm 170,Seca,"Zinc, Ceramidas, Glicerina, Peptidos",63.53
6978,OilControl 218,Seca,"Zinc, Agua Termal",46.18
6979,AcneFree 3,Grasa,"Glicerina, Retinol",72.04
6980,UltraSmooth 113,Todo tipo,"Ácido Salicílico, Agua Termal",58.88
6981,DermaFix 38,Todo tipo,"Peptidos, Aceite de Jojoba, Agua Termal",27.84
6982,AcneFree 127,Acneica,"Aceite de Jojoba, Avena Coloidal, Ácido Ferúlico",89.78
6983,Radiant Day 47,Normal,"Aceite de Jojoba, Glicerina, Zinc, Aloe Vera",107.64
6984,Daily Moist 87,Grasa,"Extracto de Té Verde, Pantenol",93.71
6985,UltraSmooth 57,Mixta,"Manteca de Karité, Retinol, Vitamina C, Extracto de Té Verde",103.08
6986,Clear Skin 255,Madura,"Ácido Hialurónico, Niacinamida, Zinc",165.67
6987,SkinPure 157,Madura,"Ácido Hialurónico, Pantenol, Aceite de Jojoba, Vitamina C",67.72
6988,UltraSmooth 129,Mixta,"Avena Coloidal, Niacinamida, Agua Termal",157.19
6989,SkinPure 142,Normal,"Manteca de Karité, Glicerina, Aloe Vera, Ácido Ferúlico",159.48
6990,NightCare 79,Madura,"Zinc, Ácido Ferúlico, Aloe Vera, Retinol",97.8
6991,AcneFree 288,Grasa,"Niacinamida, Agua Termal, Avena Coloidal",162.59
6992,BrightFix 50,Normal,"Manteca de Karité, Ceramidas, Agua Termal, Urea",146.37
6993,Fresh Dew 10,Normal,"Manteca de Karité, Ácido Hialurónico, Aceite de Jojoba, Glicerina",186.11
6994,SunShield 204,Todo tipo,"Manteca de Karité, Extracto de Té Verde, Avena Coloidal",73.65
6995,DermaFix 34,Seca,"Glicerina, Zinc, Aloe Vera, Niacinamida",154.04
6996,DermaFix 211,Normal,"Agua Termal, Ácido Salicílico",42.95
6997,Aqua Balm 121,Todo tipo,"Glicerina, Niacinamida, Aloe Vera",131.79
6998,OilControl 138,Normal,"Agua Termal, Ácido Ferúlico",177.74
6999,OilControl 28,Sensible,"Pantenol, Extracto de Té Verde",130.71
7000,Aqua Balm 250,Seca,"Manteca de Karité, Glicerina, Aloe Vera, Pantenol",38.52
7001,DermaFix 63,Sensible,"Ácido Salicílico, Agua Termal, Aceite de Jojoba",182.67
7002,Fresh Dew 201,Sensible,"Retinol, Urea, Ácido Hialurónico",153.49
7003,RegenX 184,Sensible,"Ácido Ferúlico, Retinol, Aloe Vera, Glicerina",84.73
7004,RegenX 34,Madura,"Aceite de Jojoba, Pantenol",53.11
7005,Radiant Day 276,Madura,"Pantenol, Zinc, Ácido Salicílico, Ácido Láctico",99.84
7006,Hydra Boost 41,Madura,"Ceramidas, Ácido Hialurónico",30.09
7007,NightCare 26,Acneica,"Ácido Láctico, Glicerina, Peptidos",72.49
7008,Glow Serum 175,Seca,"Ácido Ferúlico, Ácido Hialurónico, Retinol, Aloe Vera",47.88
7009,BrightFix 296,Normal,"Ácido Láctico, Ácido Hialurónico",67.07
7010,Hydra Boost 27,Sensible,"Extracto de Té Verde, Niacinamida, Ácido Hialurónico, Ceramidas",75.25
7011,Clear Skin 6,Mixta,"Peptidos, Manteca de Karité, Urea",115.49
7012,Clear Skin 299,Seca,"Aceite de Jojoba, Ácido Hialurónico",11.62
7013,DermaFix 134,Normal,"Avena Coloidal, Zinc, Ceramidas, Ácido Hialurónico",61.41
7014,Clear Skin 226,Normal,"Aloe Vera, Peptidos, Avena Coloidal",10.33
7015,Daily Moist 171,Acneica,"Peptidos, Ceramidas, Vitamina C, Ácido Salicílico",5.55
7016,OilControl 218,Seca,"Ceramidas, Avena Coloidal, Vitamina C",83.49
7017,UltraSmooth 255,Sensible,"Vitamina C, Peptidos, Zinc",127.96
7018,Hydra Boost 87,Acneica,"Extracto de Té Verde, Aceite de Jojoba",117.75
7019,Glow Serum 25,Madura,"Ácido Hialurónico, Aloe Vera, Urea",147.85
7020,Fresh Dew 53,Seca,"Agua Termal, Ceramidas",89.92
7021,SkinPure 119,Normal,"Manteca de Karité, Ácido Ferúlico, Ácido Hialurónico",21.99
7022,BrightFix 151,Acneica,"Ácido Hialurónico, Ácido Láctico, Vitamina C, Extracto de Té Verde",125.66
7023,Glow Serum 51,Madura,"Manteca de Karité, Ácido Salicílico, Aloe Vera, Ácido Hialurónico",69.74
7024,Aqua Balm 286,Mixta,"Retinol, Ácido Láctico, Glicerina, Aloe Vera",141.3
7025,CeraPlus 254,Seca,"Niacinamida, Peptidos",92.99
7026,Silky Touch 295,Seca,"Pantenol, Extracto de Té Verde, Aloe Vera, Ceramidas",57.12
7027,OilControl 187,Mixta,"Niacinamida, Glicerina, Ácido Láctico, Vitamina C",98.57
7028,CeraPlus 168,Grasa,"Avena Coloidal, Ácido Hialurónico, Agua Termal",174.85
7029,SunShield 297,Normal,"Aloe Vera, Ácido Salicílico",173.0
7030,Daily Moist 257,Madura,"Niacinamida, Manteca de Karité",28.6
7031,BrightFix 122,Mixta,"Urea, Aloe Vera",176.44
7032,SkinPure 181,Sensible,"Ácido Láctico, Ceramidas, Aceite de Jojoba",192.99
7033,Aqua Balm 217,Mixta,"Ácido Salicílico, Ácido Ferúlico",101.68
7034,Hydra Boost 277,Todo tipo,"Avena Coloidal, Niacinamida, Agua Termal",21.69
7035,Fresh Dew 109,Seca,"Glicerina, Urea, Extracto de Té Verde",95.89
7036,Radiant Day 300,Madura,"Glicerina, Vitamina C, Zinc",116.44
7037,Glow Serum 289,Todo tipo,"Urea, Ceramidas, Glicerina",159.2
7038,CeraPlus 64,Grasa,"Peptidos, Vitamina C",123.03
7039,Glow Serum 245,Normal,"Ácido Hialurónico, Vitamina C, Avena Coloidal",180.77
7040,DermaFix 106,Madura,"Manteca de Karité, Ceramidas, Ácido Hialurónico",100.82
7041,Hydra Boost 157,Madura,"Avena Coloidal, Glicerina, Extracto de Té Verde",65.97
7042,SunShield 154,Acneica,"Agua Termal, Ácido Hialurónico, Zinc, Aceite de Jojoba",109.45
7043,Daily Moist 213,Mixta,"Ácido Salicílico, Ácido Ferúlico, Niacinamida",127.22
7044,OilControl 194,Normal,"Manteca de Karité, Ceramidas, Agua Termal",151.93
7045,RegenX 12,Grasa,"Avena Coloidal, Aloe Vera, Zinc",91.69
7046,CeraPlus 50,Todo tipo,"Urea, Retinol",81.25
7047,Clear Skin 12,Normal,"Zinc, Retinol",165.79
7048,Fresh Dew 179,Grasa,"Manteca de Karité, Ceramidas, Peptidos",60.42
7049,CeraPlus 212,Grasa,"Ceramidas, Niacinamida, Extracto de Té Verde",37.74
7050,Clear Skin 84,Acneica,"Extracto de Té Verde, Ácido Salicílico",72.41
7051,Fresh Dew 120,Sensible,"Vitamina C, Avena Coloidal, Glicerina",41.54
7052,OilControl 270,Mixta,"Aceite de Jojoba, Glicerina, Ácido Salicílico",128.29
7053,Hydra Boost 273,Todo tipo,"Pantenol, Zinc, Glicerina",131.61
7054,AgeDefy 249,Mixta,"Retinol, Glicerina",147.42
7055,Radiant Day 219,Mixta,"Agua Termal, Urea",31.39
7056,AgeDefy 294,Seca,"Urea, Avena Coloidal, Retinol, Ácido Salicílico",58.06
7057,SkinPure 267,Todo tipo,"Manteca de Karité, Aceite de Jojoba, Ácido Ferúlico",66.53
7058,Daily Moist 84,Grasa,"Peptidos, Retinol, Ácido Salicílico",12.23
7059,Hydra Boost 73,Grasa,"Glicerina, Zinc",185.39
7060,Aqua Balm 39,Todo tipo,"Avena Coloidal, Peptidos, Glicerina, Pantenol",69.47
7061,AcneFree 116,Seca,"Glicerina, Niacinamida, Vitamina C",164.49
7062,Daily Moist 88,Grasa,"Extracto de Té Verde, Ácido Láctico, Urea",173.69
7063,Clear Skin 221,Sensible,"Zinc, Pantenol",105.13
7064,BrightFix 282,Acneica,"Manteca de Karité, Ceramidas, Aloe Vera",124.11
7065,Hydra Boost 182,Normal,"Urea, Avena Coloidal",88.71
7066,Radiant Day 269,Todo tipo,"Ácido Láctico, Avena Coloidal",27.27
7067,Daily Moist 254,Mixta,"Pantenol, Aceite de Jojoba, Manteca de Karité, Ácido Láctico",199.76
7068,OilControl 268,Todo tipo,"Avena Coloidal, Vitamina C, Ceramidas",25.74
7069,Hydra Boost 62,Grasa,"Ácido Salicílico, Urea, Zinc",168.73
7070,BrightFix 111,Grasa,"Vitamina C, Extracto de Té Verde, Manteca de Karité",122.22
7071,UltraSmooth 83,Grasa,"Ácido Salicílico, Agua Termal, Avena Coloidal, Glicerina",116.9
7072,SunShield 3,Seca,"Manteca de Karité, Ácido Láctico, Ácido Ferúlico, Agua Termal",94.68
7073,Clear Skin 214,Todo tipo,"Aceite de Jojoba, Ácido Salicílico, Avena Coloidal, Manteca de Karité",110.36
7074,AgeDefy 32,Madura,"Retinol, Ácido Láctico, Ácido Ferúlico",166.78
7075,Daily Moist 221,Acneica,"Aloe Vera, Glicerina, Pantenol, Niacinamida",178.62
7076,BrightFix 71,Seca,"Ácido Láctico, Ácido Hialurónico, Avena Coloidal",53.92
7077,SkinPure 163,Seca,"Niacinamida, Retinol, Manteca de Karité",89.83
7078,OilControl 82,Mixta,"Ácido Hialurónico, Ceramidas",50.99
7079,Daily Moist 190,Todo tipo,"Ceramidas, Retinol, Avena Coloidal",199.39
7080,SkinPure 293,Acneica,"Zinc, Ácido Ferúlico, Pantenol, Vitamina C",181.16
7081,Glow Serum 158,Madura,"Aloe Vera, Ácido Ferúlico",136.5
7082,Glow Serum 229,Grasa,"Retinol, Glicerina",79.72
7083,Glow Serum 37,Madura,"Ácido Láctico, Pantenol",190.51
7084,Aqua Balm 89,Grasa,"Extracto de Té Verde, Ceramidas, Peptidos, Agua Termal",183.93
7085,AcneFree 135,Seca,"Zinc, Ceramidas",120.18
7086,CeraPlus 56,Seca,"Peptidos, Ácido Láctico, Retinol",43.49
7087,AgeDefy 39,Acneica,"Peptidos, Aloe Vera",42.89
7088,Glow Serum 239,Mixta,"Ácido Ferúlico, Urea, Pantenol, Agua Termal",176.16
7089,Glow Serum 265,Seca,"Urea, Zinc, Glicerina",132.72
7090,NutriGlow 96,Madura,"Ácido Hialurónico, Ácido Ferúlico",174.2
7091,RegenX 265,Normal,"Zinc, Urea, Aloe Vera",140.64
7092,Aqua Balm 173,Mixta,"Aloe Vera, Vitamina C, Urea",37.57
7093,DermaFix 76,Acneica,"Ácido Hialurónico, Urea",26.07
7094,SunShield 287,Grasa,"Glicerina, Ácido Salicílico, Ácido Láctico",186.83
7095,Silky Touch 266,Normal,"Agua Termal, Aloe Vera, Glicerina",30.98
7096,Fresh Dew 137,Sensible,"Glicerina, Manteca de Karité",140.1
7097,OilControl 245,Acneica,"Glicerina, Ceramidas, Pantenol",43.01
7098,DermaFix 209,Sensible,"Retinol, Aceite de Jojoba",173.11
7099,Glow Serum 221,Normal,"Extracto de Té Verde, Zinc, Avena Coloidal",180.85
7100,RegenX 157,Sensible,"Zinc, Ceramidas",113.17
7101,Glow Serum 181,Mixta,"Agua Termal, Ceramidas, Peptidos, Ácido Hialurónico",27.32
7102,SunShield 189,Mixta,"Ácido Hialurónico, Niacinamida, Urea",126.6
7103,Aqua Balm 13,Normal,"Ceramidas, Aceite de Jojoba",65.45
7104,SkinPure 272,Madura,"Agua Termal, Manteca de Karité, Pantenol",35.11
7105,AcneFree 57,Acneica,"Vitamina C, Ácido Salicílico, Glicerina, Agua Termal",62.66
7106,RegenX 143,Mixta,"Agua Termal, Pantenol, Retinol",170.23
7107,Radiant Day 195,Sensible,"Avena Coloidal, Ácido Ferúlico, Retinol, Urea",192.4
7108,Silky Touch 56,Grasa,"Pantenol, Aloe Vera",185.63
7109,DermaFix 100,Seca,"Ácido Ferúlico, Extracto de Té Verde",172.64
7110,OilControl 122,Grasa,"Manteca de Karité, Zinc, Avena Coloidal, Ácido Salicílico",172.11
7111,DermaFix 104,Mixta,"Extracto de Té Verde, Avena Coloidal",96.77
7112,NutriGlow 172,Acneica,"Ceramidas, Pantenol, Ácido Láctico",137.52
7113,Hydra Boost 190,Mixta,"Peptidos, Extracto de Té Verde, Aloe Vera, Glicerina",5.19
7114,OilControl 197,Mixta,"Extracto de Té Verde, Pantenol",47.06
7115,NightCare 249,Acneica,"Ácido Láctico, Extracto de Té Verde",136.6
7116,Fresh Dew 2,Normal,"Avena Coloidal, Zinc, Glicerina, Ácido Ferúlico",188.1
7117,RegenX 259,Seca,"Aceite de Jojoba, Agua Termal, Aloe Vera",138.58
7118,AcneFree 145,Seca,"Aloe Vera, Niacinamida",120.36
7119,NutriGlow 186,Mixta,"Zinc, Niacinamida, Urea, Vitamina C",45.99
7120,CeraPlus 179,Todo tipo,"Avena Coloidal, Ácido Ferúlico",105.61
7121,UltraSmooth 93,Normal,"Avena Coloidal, Aceite de Jojoba, Ácido Salicílico",21.15
7122,RegenX 76,Todo tipo,"Urea, Niacinamida",166.2
7123,AcneFree 75,Normal,"Peptidos, Vitamina C, Niacinamida, Agua Termal",45.23
7124,Silky Touch 61,Mixta,"Retinol, Extracto de Té Verde, Zinc",23.71
7125,RegenX 30,Mixta,"Zinc, Urea",177.73
7126,CeraPlus 231,Mixta,"Glicerina, Peptidos, Aloe Vera",75.7
7127,Radiant Day 296,Mixta,"Ácido Ferúlico, Ácido Láctico, Ácido Hialurónico, Manteca de Karité",150.46
7128,Radiant Day 31,Sensible,"Ceramidas, Agua Termal",169.63
7129,RegenX 227,Seca,"Avena Coloidal, Ácido Hialurónico, Retinol, Agua Termal",38.0
7130,NutriGlow 175,Mixta,"Vitamina C, Niacinamida",11.58
7131,OilControl 114,Madura,"Pantenol, Extracto de Té Verde",39.15
7132,CeraPlus 26,Todo tipo,"Retinol, Glicerina, Ceramidas, Ácido Salicílico",16.96
7133,Radiant Day 7,Seca,"Avena Coloidal, Ácido Láctico",33.65
7134,RegenX 239,Seca,"Urea, Avena Coloidal, Ceramidas, Vitamina C",181.27
7135,AcneFree 112,Madura,"Aceite de Jojoba, Pantenol, Ácido Hialurónico, Ácido Ferúlico",148.8
7136,NightCare 34,Madura,"Avena Coloidal, Ácido Láctico, Vitamina C, Ácido Ferúlico",172.87
7137,BrightFix 139,Madura,"Agua Termal, Niacinamida",81.62
7138,Glow Serum 181,Sensible,"Niacinamida, Ácido Láctico, Vitamina C",7.19
7139,SkinPure 40,Grasa,"Ceramidas, Ácido Hialurónico",68.73
7140,OilControl 214,Sensible,"Ácido Láctico, Urea, Niacinamida, Zinc",161.05
7141,OilControl 33,Mixta,"Avena Coloidal, Ácido Salicílico, Extracto de Té Verde, Ácido Láctico",114.6
7142,Hydra Boost 175,Todo tipo,"Aceite de Jojoba, Ácido Ferúlico, Niacinamida",89.23
7143,UltraSmooth 46,Sensible,"Urea, Retinol, Ácido Hialurónico, Aceite de Jojoba",27.99
7144,NutriGlow 238,Madura,"Ácido Salicílico, Glicerina, Aloe Vera, Retinol",100.86
7145,SkinPure 162,Acneica,"Agua Termal, Aloe Vera, Pantenol",126.88
7146,AgeDefy 25,Acneica,"Avena Coloidal, Ácido Láctico",156.07
7147,BrightFix 69,Mixta,"Avena Coloidal, Niacinamida, Retinol, Extracto de Té Verde",108.79
7148,AcneFree 40,Acneica,"Niacinamida, Ceramidas",108.72
7149,Glow Serum 27,Todo tipo,"Extracto de Té Verde, Glicerina, Avena Coloidal",135.62
7150,DermaFix 31,Mixta,"Agua Termal, Ácido Láctico",169.35
7151,Fresh Dew 107,Mixta,"Ácido Ferúlico, Vitamina C, Zinc",14.43
7152,OilControl 62,Sensible,"Ácido Láctico, Ácido Hialurónico",134.45
7153,Fresh Dew 219,Acneica,"Glicerina, Extracto de Té Verde, Peptidos, Vitamina C",32.93
7154,BrightFix 16,Acneica,"Ácido Láctico, Retinol",113.14
7155,AcneFree 213,Mixta,"Aceite de Jojoba, Peptidos, Avena Coloidal, Extracto de Té Verde",167.66
7156,Fresh Dew 263,Todo tipo,"Pantenol, Agua Termal",77.89
7157,AcneFree 14,Sensible,"Aceite de Jojoba, Vitamina C, Ceramidas",85.37
7158,Clear Skin 224,Sensible,"Aceite de Jojoba, Agua Termal, Aloe Vera",42.98
7159,SkinPure 47,Mixta,"Ácido Láctico, Ácido Hialurónico, Peptidos",58.9
7160,OilControl 38,Grasa,"Retinol, Extracto de Té Verde, Avena Coloidal",123.15
7161,DermaFix 217,Sensible,"Vitamina C, Ácido Salicílico, Avena Coloidal, Aloe Vera",48.05
7162,OilControl 272,Todo tipo,"Ácido Salicílico, Retinol, Extracto de Té Verde",131.68
7163,RegenX 162,Normal,"Niacinamida, Avena Coloidal, Extracto de Té Verde, Ácido Láctico",117.18
7164,Fresh Dew 178,Madura,"Ceramidas, Peptidos",139.85
7165,AcneFree 73,Normal,"Avena Coloidal, Ácido Salicílico",41.4
7166,OilControl 146,Seca,"Ceramidas, Manteca de Karité",92.3
7167,Glow Serum 107,Sensible,"Aceite de Jojoba, Agua Termal",157.5
7168,SunShield 122,Acneica,"Glicerina, Ácido Salicílico, Vitamina C, Ácido Ferúlico",170.62
7169,UltraSmooth 278,Normal,"Ceramidas, Ácido Láctico, Pantenol, Ácido Hialurónico",145.03
7170,Fresh Dew 192,Seca,"Ácido Salicílico, Vitamina C, Retinol, Ceramidas",144.02
7171,AcneFree 139,Sensible,"Avena Coloidal, Ceramidas, Urea, Ácido Láctico",128.76
7172,SunShield 20,Sensible,"Aceite de Jojoba, Peptidos, Ácido Salicílico",169.84
7173,AgeDefy 258,Todo tipo,"Aceite de Jojoba, Vitamina C, Pantenol, Agua Termal",160.04
7174,Daily Moist 113,Todo tipo,"Ácido Láctico, Glicerina, Urea, Ceramidas",180.12
7175,Daily Moist 74,Mixta,"Ácido Salicílico, Aceite de Jojoba",92.43
7176,CeraPlus 94,Sensible,"Peptidos, Zinc",140.33
7177,NutriGlow 35,Mixta,"Ácido Ferúlico, Aceite de Jojoba",18.48
7178,Aqua Balm 187,Todo tipo,"Glicerina, Urea, Agua Termal",157.69
7179,Clear Skin 57,Todo tipo,"Agua Termal, Urea",144.79
7180,SkinPure 162,Acneica,"Vitamina C, Retinol, Ácido Láctico, Aloe Vera",125.07
7181,OilControl 126,Normal,"Peptidos, Vitamina C",66.43
7182,SunShield 290,Madura,"Extracto de Té Verde, Pantenol, Ácido Láctico",62.1
7183,BrightFix 44,Mixta,"Glicerina, Zinc, Peptidos, Ácido Láctico",94.8
7184,Daily Moist 22,Seca,"Glicerina, Extracto de Té Verde, Aloe Vera, Niacinamida",150.45
7185,Aqua Balm 109,Grasa,"Peptidos, Ácido Láctico, Retinol",14.89
7186,AgeDefy 109,Grasa,"Urea, Ácido Ferúlico, Extracto de Té Verde, Vitamina C",82.19
7187,NutriGlow 257,Todo tipo,"Avena Coloidal, Ácido Salicílico, Agua Termal, Aloe Vera",18.05
7188,Fresh Dew 155,Acneica,"Manteca de Karité, Avena Coloidal, Extracto de Té Verde",77.8
7189,NightCare 171,Grasa,"Ácido Ferúlico, Retinol, Ceramidas",22.29
7190,CeraPlus 86,Todo tipo,"Aceite de Jojoba, Ácido Hialurónico",53.59
7191,NightCare 19,Todo tipo,"Peptidos, Agua Termal",101.54
7192,RegenX 51,Seca,"Ácido Láctico, Niacinamida",39.23
7193,CeraPlus 231,Normal,"Zinc, Urea, Manteca de Karité",155.52
7194,Clear Skin 115,Grasa,"Aceite de Jojoba, Vitamina C",152.49
7195,DermaFix 167,Todo tipo,"Manteca de Karité, Ácido Hialurónico, Retinol",161.65
7196,Aqua Balm 65,Normal,"Peptidos, Retinol, Ácido Salicílico",197.89
7197,Aqua Balm 160,Seca,"Extracto de Té Verde, Ácido Salicílico, Ceramidas, Retinol",76.13
7198,OilControl 230,Grasa,"Niacinamida, Peptidos, Ácido Ferúlico",175.56
7199,UltraSmooth 182,Seca,"Agua Termal, Aloe Vera",114.88
7200,NutriGlow 80,Grasa,"Glicerina, Aloe Vera",107.81
7201,AcneFree 58,Acneica,"Agua Termal, Aloe Vera, Pantenol",146.93
7202,UltraSmooth 155,Normal,"Avena Coloidal, Retinol, Manteca de Karité, Agua Termal",150.36
7203,SkinPure 282,Grasa,"Aloe Vera, Zinc",100.18
7204,NightCare 192,Acneica,"Ácido Salicílico, Vitamina C, Urea, Avena Coloidal",50.72
7205,Hydra Boost 263,Madura,"Niacinamida, Aceite de Jojoba, Extracto de Té Verde",93.94
7206,NutriGlow 84,Grasa,"Manteca de Karité, Peptidos",192.67
7207,DermaFix 174,Normal,"Glicerina, Agua Termal",77.88
7208,Daily Moist 148,Seca,"Pantenol, Avena Coloidal",26.41
7209,SkinPure 185,Madura,"Vitamina C, Extracto de Té Verde",153.23
7210,SunShield 116,Grasa,"Aceite de Jojoba, Ceramidas, Vitamina C, Ácido Hialurónico",99.03
7211,DermaFix 14,Grasa,"Retinol, Urea, Manteca de Karité, Pantenol",15.95
7212,AcneFree 165,Normal,"Manteca de Karité, Ácido Ferúlico, Glicerina",81.67
7213,CeraPlus 119,Grasa,"Urea, Pantenol, Ceramidas",44.47
7214,Aqua Balm 26,Mixta,"Ácido Láctico, Pantenol",85.07
7215,UltraSmooth 274,Acneica,"Ácido Hialurónico, Niacinamida, Urea, Ácido Ferúlico",45.96
7216,SunShield 110,Sensible,"Peptidos, Vitamina C",47.39
7217,NutriGlow 94,Seca,"Peptidos, Aceite de Jojoba, Aloe Vera, Avena Coloidal",118.06
7218,SkinPure 232,Madura,"Aceite de Jojoba, Ácido Salicílico",148.42
7219,SunShield 195,Madura,"Aceite de Jojoba, Zinc, Ácido Láctico",191.51
7220,Aqua Balm 144,Madura,"Urea, Retinol, Aloe Vera",30.47
7221,UltraSmooth 284,Normal,"Extracto de Té Verde, Retinol",61.74
7222,AgeDefy 149,Mixta,"Avena Coloidal, Aceite de Jojoba, Peptidos, Retinol",180.38
7223,Hydra Boost 23,Grasa,"Retinol, Zinc, Peptidos",162.57
7224,Fresh Dew 141,Grasa,"Ácido Ferúlico, Niacinamida, Pantenol",45.72
7225,OilControl 244,Grasa,"Pantenol, Peptidos, Zinc, Extracto de Té Verde",51.97
7226,CeraPlus 230,Acneica,"Ceramidas, Peptidos, Niacinamida, Zinc",78.95
7227,OilControl 201,Normal,"Zinc, Urea, Avena Coloidal",183.1
7228,CeraPlus 60,Grasa,"Vitamina C, Avena Coloidal, Niacinamida, Retinol",10.55
7229,UltraSmooth 272,Madura,"Ceramidas, Aceite de Jojoba, Zinc, Glicerina",188.55
7230,RegenX 102,Acneica,"Aloe Vera, Ácido Hialurónico, Glicerina, Zinc",93.17
7231,SunShield 287,Acneica,"Extracto de Té Verde, Zinc, Ceramidas",154.92
7232,Daily Moist 127,Todo tipo,"Zinc, Vitamina C, Ácido Ferúlico, Extracto de Té Verde",48.15
7233,Clear Skin 22,Seca,"Glicerina, Vitamina C",157.86
7234,Fresh Dew 163,Mixta,"Zinc, Pantenol",114.17
7235,NightCare 147,Mixta,"Peptidos, Retinol, Aceite de Jojoba, Ácido Láctico",135.77
7236,NutriGlow 229,Sensible,"Pantenol, Niacinamida",44.79
7237,Fresh Dew 293,Normal,"Glicerina, Niacinamida, Peptidos",31.04
7238,DermaFix 113,Sensible,"Ceramidas, Vitamina C",40.99
7239,Glow Serum 45,Sensible,"Aceite de Jojoba, Avena Coloidal, Glicerina",112.91
7240,Daily Moist 288,Grasa,"Avena Coloidal, Vitamina C, Pantenol",24.84
7241,BrightFix 71,Normal,"Vitamina C, Pantenol, Ácido Salicílico, Ceramidas",70.72
7242,Aqua Balm 98,Seca,"Avena Coloidal, Peptidos, Extracto de Té Verde",123.84
7243,DermaFix 21,Grasa,"Aceite de Jojoba, Retinol, Glicerina, Ácido Ferúlico",61.66
7244,Radiant Day 47,Normal,"Aloe Vera, Agua Termal, Extracto de Té Verde",39.18
7245,Hydra Boost 149,Grasa,"Vitamina C, Avena Coloidal, Ceramidas, Ácido Láctico",68.13
7246,UltraSmooth 150,Mixta,"Ceramidas, Ácido Salicílico, Niacinamida",137.47
7247,SkinPure 249,Sensible,"Aceite de Jojoba, Ácido Ferúlico, Manteca de Karité, Pantenol",197.37
7248,Clear Skin 203,Grasa,"Ceramidas, Vitamina C, Aloe Vera",118.67
7249,CeraPlus 82,Madura,"Agua Termal, Aceite de Jojoba, Manteca de Karité, Urea",40.85
7250,AcneFree 22,Todo tipo,"Urea, Zinc, Peptidos",55.17
7251,Fresh Dew 13,Normal,"Urea, Peptidos",87.53
7252,UltraSmooth 108,Grasa,"Ácido Láctico, Manteca de Karité, Retinol",94.63
7253,AcneFree 156,Madura,"Vitamina C, Avena Coloidal, Aloe Vera, Niacinamida",86.92
7254,Fresh Dew 25,Todo tipo,"Zinc, Manteca de Karité",56.53
7255,AcneFree 111,Madura,"Aloe Vera, Ácido Láctico, Ceramidas, Manteca de Karité",160.58
7256,Glow Serum 97,Madura,"Extracto de Té Verde, Manteca de Karité, Zinc, Ácido Láctico",179.05
7257,Glow Serum 132,Normal,"Manteca de Karité, Ácido Ferúlico",86.68
7258,Daily Moist 188,Normal,"Pantenol, Urea, Ácido Láctico, Glicerina",173.39
7259,BrightFix 207,Acneica,"Peptidos, Zinc, Manteca de Karité, Avena Coloidal",180.01
7260,Hydra Boost 77,Grasa,"Manteca de Karité, Extracto de Té Verde, Glicerina",21.29
7261,AgeDefy 80,Acneica,"Retinol, Ceramidas, Ácido Salicílico",178.19
7262,DermaFix 242,Seca,"Extracto de Té Verde, Retinol, Aceite de Jojoba, Avena Coloidal",168.13
7263,SkinPure 166,Acneica,"Aceite de Jojoba, Ceramidas, Ácido Ferúlico, Retinol",81.86
7264,SkinPure 249,Todo tipo,"Glicerina, Extracto de Té Verde, Avena Coloidal",33.69
7265,UltraSmooth 86,Seca,"Ácido Hialurónico, Glicerina, Zinc, Avena Coloidal",71.25
7266,DermaFix 54,Sensible,"Ácido Hialurónico, Agua Termal",144.72
7267,DermaFix 223,Sensible,"Peptidos, Ácido Hialurónico",6.87
7268,CeraPlus 104,Mixta,"Ácido Ferúlico, Ceramidas",121.49
7269,NightCare 230,Acneica,"Pantenol, Aloe Vera, Ácido Hialurónico",30.62
7270,Hydra Boost 270,Todo tipo,"Extracto de Té Verde, Peptidos",131.7
7271,NightCare 187,Madura,"Vitamina C, Peptidos, Ácido Hialurónico",34.79
7272,Silky Touch 214,Sensible,"Ácido Láctico, Ácido Hialurónico, Peptidos, Ceramidas",69.36
7273,AcneFree 144,Acneica,"Aloe Vera, Ácido Láctico, Extracto de Té Verde, Peptidos",179.93
7274,Fresh Dew 120,Normal,"Ácido Láctico, Ácido Hialurónico, Vitamina C",122.95
7275,OilControl 295,Grasa,"Aceite de Jojoba, Ácido Hialurónico, Aloe Vera",7.26
7276,BrightFix 115,Madura,"Urea, Niacinamida",115.18
7277,Radiant Day 276,Sensible,"Extracto de Té Verde, Pantenol, Retinol",61.62
7278,Fresh Dew 64,Todo tipo,"Avena Coloidal, Glicerina",152.56
7279,Silky Touch 209,Seca,"Ceramidas, Ácido Láctico, Pantenol, Manteca de Karité",19.5
7280,AcneFree 204,Acneica,"Extracto de Té Verde, Ácido Hialurónico, Ácido Láctico",185.61
7281,AcneFree 267,Grasa,"Urea, Retinol, Pantenol",122.89
7282,DermaFix 136,Acneica,"Ceramidas, Ácido Salicílico",164.97
7283,Silky Touch 179,Todo tipo,"Aceite de Jojoba, Ácido Ferúlico",40.5
7284,Aqua Balm 172,Todo tipo,"Manteca de Karité, Aloe Vera",64.36
7285,SkinPure 1,Mixta,"Ácido Hialurónico, Avena Coloidal, Zinc, Peptidos",48.37
7286,AgeDefy 297,Seca,"Peptidos, Urea, Aceite de Jojoba",182.96
7287,CeraPlus 70,Madura,"Pantenol, Glicerina",21.57
7288,Hydra Boost 188,Mixta,"Pantenol, Agua Termal, Peptidos, Manteca de Karité",158.95
7289,Fresh Dew 280,Madura,"Extracto de Té Verde, Niacinamida, Ácido Ferúlico, Ácido Láctico",26.96
7290,AcneFree 233,Seca,"Ácido Ferúlico, Vitamina C",79.67
7291,BrightFix 274,Seca,"Manteca de Karité, Extracto de Té Verde, Agua Termal",135.6
7292,Hydra Boost 266,Grasa,"Zinc, Ceramidas",160.2
7293,DermaFix 17,Mixta,"Peptidos, Urea, Ácido Hialurónico, Vitamina C",24.73
7294,DermaFix 272,Grasa,"Glicerina, Extracto de Té Verde",129.92
7295,Radiant Day 180,Normal,"Aloe Vera, Niacinamida, Retinol, Glicerina",71.62
7296,SkinPure 96,Sensible,"Ácido Hialurónico, Extracto de Té Verde, Zinc, Agua Termal",62.06
7297,Radiant Day 213,Madura,"Pantenol, Ceramidas",190.54
7298,Clear Skin 152,Seca,"Glicerina, Retinol",11.68
7299,UltraSmooth 126,Madura,"Ácido Láctico, Aloe Vera",78.66
7300,Aqua Balm 73,Todo tipo,"Pantenol, Manteca de Karité, Aceite de Jojoba",186.51
7301,NightCare 91,Grasa,"Niacinamida, Agua Termal",92.71
7302,AcneFree 44,Madura,"Retinol, Ceramidas, Niacinamida, Aceite de Jojoba",53.7
7303,OilControl 115,Mixta,"Manteca de Karité, Pantenol, Ácido Hialurónico, Extracto de Té Verde",40.39
7304,OilControl 169,Mixta,"Zinc, Avena Coloidal, Ceramidas",157.52
7305,CeraPlus 113,Acneica,"Ácido Hialurónico, Avena Coloidal",100.75
7306,Daily Moist 216,Mixta,"Ácido Ferúlico, Ceramidas, Extracto de Té Verde, Manteca de Karité",47.35
7307,Clear Skin 242,Acneica,"Extracto de Té Verde, Vitamina C",162.02
7308,Glow Serum 5,Todo tipo,"Avena Coloidal, Peptidos, Aloe Vera, Extracto de Té Verde",124.84
7309,Aqua Balm 202,Grasa,"Urea, Agua Termal, Manteca de Karité",76.9
7310,Silky Touch 132,Sensible,"Ácido Salicílico, Ceramidas",9.4
7311,Aqua Balm 156,Seca,"Ácido Hialurónico, Ácido Láctico, Aloe Vera, Retinol",71.98
7312,Daily Moist 121,Mixta,"Ácido Hialurónico, Retinol, Pantenol, Vitamina C",42.81
7313,AgeDefy 179,Grasa,"Zinc, Retinol",180.06
7314,Daily Moist 86,Mixta,"Agua Termal, Ácido Salicílico, Ácido Ferúlico, Retinol",59.22
7315,NightCare 272,Normal,"Avena Coloidal, Ácido Ferúlico, Manteca de Karité",191.53
7316,Radiant Day 1,Todo tipo,"Glicerina, Zinc, Vitamina C, Ácido Láctico",199.37
7317,BrightFix 266,Mixta,"Niacinamida, Ácido Ferúlico, Aloe Vera, Glicerina",175.29
7318,Daily Moist 239,Mixta,"Urea, Peptidos, Ácido Ferúlico, Ceramidas",75.61
7319,NightCare 68,Grasa,"Ácido Láctico, Retinol, Niacinamida, Vitamina C",66.16
7320,Glow Serum 166,Madura,"Manteca de Karité, Niacinamida, Agua Termal, Pantenol",155.94
7321,Aqua Balm 226,Mixta,"Urea, Aloe Vera",129.48
7322,CeraPlus 16,Acneica,"Agua Termal, Zinc, Ácido Hialurónico, Urea",86.88
7323,SunShield 277,Acneica,"Peptidos, Manteca de Karité, Pantenol, Ácido Hialurónico",165.59
7324,Fresh Dew 46,Grasa,"Aceite de Jojoba, Retinol, Ácido Hialurónico",165.13
7325,CeraPlus 13,Sensible,"Peptidos, Agua Termal, Zinc",43.93
7326,BrightFix 172,Grasa,"Ácido Hialurónico, Ácido Láctico, Aloe Vera",197.53
7327,Aqua Balm 27,Acneica,"Ácido Ferúlico, Ácido Salicílico, Ácido Hialurónico, Manteca de Karité",145.02
7328,Daily Moist 78,Acneica,"Zinc, Pantenol",58.08
7329,NutriGlow 10,Todo tipo,"Avena Coloidal, Manteca de Karité, Ácido Hialurónico",24.64
7330,AgeDefy 73,Mixta,"Peptidos, Ácido Hialurónico, Manteca de Karité",173.27
7331,NightCare 272,Mixta,"Ácido Salicílico, Peptidos",189.82
7332,SunShield 191,Mixta,"Aloe Vera, Peptidos, Agua Termal",21.81
7333,Daily Moist 97,Todo tipo,"Urea, Peptidos, Ácido Ferúlico",169.52
7334,NightCare 148,Acneica,"Ácido Hialurónico, Manteca de Karité",87.38
7335,BrightFix 59,Todo tipo,"Glicerina, Pantenol, Ácido Salicílico, Urea",107.82
7336,OilControl 4,Normal,"Zinc, Agua Termal, Niacinamida",84.63
7337,Aqua Balm 86,Grasa,"Niacinamida, Urea",188.72
7338,Clear Skin 186,Seca,"Ácido Láctico, Retinol, Urea, Ácido Hialurónico",199.72
7339,Daily Moist 71,Seca,"Manteca de Karité, Ácido Salicílico, Ácido Hialurónico, Aloe Vera",41.43
7340,SkinPure 206,Grasa,"Agua Termal, Vitamina C, Retinol",16.77
7341,Glow Serum 179,Todo tipo,"Pantenol, Ácido Hialurónico, Glicerina, Ácido Salicílico",71.35
7342,SkinPure 134,Mixta,"Ácido Salicílico, Aloe Vera, Retinol, Niacinamida",151.5
7343,AgeDefy 291,Acneica,"Manteca de Karité, Ácido Salicílico",73.52
7344,UltraSmooth 122,Normal,"Aceite de Jojoba, Avena Coloidal, Pantenol",52.73
7345,NutriGlow 270,Normal,"Agua Termal, Aloe Vera",156.52
7346,AcneFree 280,Madura,"Ceramidas, Peptidos",8.73
7347,DermaFix 165,Sensible,"Ácido Salicílico, Agua Termal, Retinol, Ceramidas",52.91
7348,Aqua Balm 154,Madura,"Urea, Ácido Hialurónico, Pantenol, Aloe Vera",171.43
7349,SkinPure 14,Seca,"Pantenol, Avena Coloidal",162.54
7350,AgeDefy 58,Todo tipo,"Ácido Hialurónico, Pantenol, Ácido Láctico, Ceramidas",194.6
7351,SkinPure 265,Madura,"Ceramidas, Ácido Láctico",146.66
7352,Glow Serum 213,Mixta,"Zinc, Niacinamida, Avena Coloidal, Peptidos",77.49
7353,NutriGlow 61,Seca,"Ácido Ferúlico, Urea",14.73
7354,NightCare 209,Madura,"Aloe Vera, Retinol, Ceramidas, Zinc",113.38
7355,UltraSmooth 189,Normal,"Niacinamida, Ácido Hialurónico, Avena Coloidal, Zinc",115.94
7356,SkinPure 61,Madura,"Aloe Vera, Vitamina C",101.62
7357,Hydra Boost 96,Grasa,"Vitamina C, Avena Coloidal, Urea",139.1
7358,CeraPlus 252,Seca,"Ceramidas, Ácido Hialurónico",196.16
7359,RegenX 76,Normal,"Aloe Vera, Ácido Hialurónico, Avena Coloidal",89.31
7360,AgeDefy 143,Acneica,"Avena Coloidal, Ácido Ferúlico",83.72
7361,NightCare 66,Normal,"Avena Coloidal, Ceramidas, Niacinamida, Ácido Láctico",54.22
7362,SkinPure 72,Normal,"Ácido Hialurónico, Ácido Láctico",157.38
7363,AcneFree 211,Grasa,"Vitamina C, Ceramidas, Niacinamida",175.82
7364,Radiant Day 55,Todo tipo,"Urea, Aceite de Jojoba, Aloe Vera, Pantenol",194.04
7365,NutriGlow 180,Todo tipo,"Ácido Láctico, Niacinamida, Agua Termal",106.66
7366,SunShield 38,Mixta,"Ácido Hialurónico, Peptidos",8.04
7367,AgeDefy 234,Seca,"Peptidos, Agua Termal, Extracto de Té Verde",20.32
7368,SunShield 68,Sensible,"Agua Termal, Zinc",111.74
7369,CeraPlus 241,Sensible,"Retinol, Extracto de Té Verde",175.76
7370,NightCare 70,Madura,"Aloe Vera, Agua Termal, Zinc, Urea",156.68
7371,Radiant Day 145,Grasa,"Aceite de Jojoba, Pantenol",67.4
7372,SkinPure 162,Seca,"Pantenol, Aceite de Jojoba, Retinol, Ácido Láctico",186.22
7373,UltraSmooth 24,Mixta,"Agua Termal, Urea, Glicerina, Ácido Ferúlico",196.06
7374,SunShield 64,Sensible,"Ácido Ferúlico, Aloe Vera, Extracto de Té Verde, Vitamina C",83.1
7375,Daily Moist 239,Mixta,"Retinol, Urea, Aloe Vera",186.24
7376,Glow Serum 196,Todo tipo,"Retinol, Ácido Ferúlico",104.29
7377,Clear Skin 178,Seca,"Retinol, Extracto de Té Verde, Aceite de Jojoba",65.96
7378,UltraSmooth 73,Seca,"Ácido Hialurónico, Urea, Ceramidas",65.5
7379,Glow Serum 95,Madura,"Ceramidas, Aloe Vera, Zinc, Extracto de Té Verde",152.81
7380,Fresh Dew 185,Grasa,"Ácido Ferúlico, Avena Coloidal",176.97
7381,Aqua Balm 224,Seca,"Glicerina, Retinol, Niacinamida, Peptidos",21.82
7382,Glow Serum 118,Todo tipo,"Ácido Láctico, Niacinamida, Retinol, Aceite de Jojoba",53.03
7383,Silky Touch 242,Grasa,"Manteca de Karité, Pantenol, Vitamina C, Avena Coloidal",22.25
7384,Glow Serum 36,Normal,"Ácido Hialurónico, Ácido Ferúlico",148.41
7385,SunShield 17,Acneica,"Vitamina C, Manteca de Karité, Extracto de Té Verde, Avena Coloidal",115.42
7386,RegenX 69,Todo tipo,"Vitamina C, Urea, Aloe Vera, Extracto de Té Verde",105.9
7387,Hydra Boost 162,Seca,"Extracto de Té Verde, Ácido Láctico",112.03
7388,AcneFree 226,Grasa,"Manteca de Karité, Vitamina C, Zinc",12.39
7389,Hydra Boost 272,Acneica,"Avena Coloidal, Ceramidas",94.97
7390,Silky Touch 109,Acneica,"Pantenol, Ácido Ferúlico, Niacinamida",150.59
7391,Glow Serum 104,Mixta,"Ácido Ferúlico, Extracto de Té Verde",176.83
7392,BrightFix 248,Mixta,"Aloe Vera, Ceramidas",53.29
7393,Fresh Dew 4,Sensible,"Pantenol, Ácido Salicílico, Manteca de Karité, Urea",174.15
7394,Clear Skin 198,Sensible,"Vitamina C, Ácido Salicílico",86.1
7395,Silky Touch 210,Normal,"Retinol, Zinc",97.61
7396,DermaFix 287,Todo tipo,"Zinc, Extracto de Té Verde, Ácido Salicílico",123.71
7397,RegenX 35,Sensible,"Pantenol, Extracto de Té Verde",41.73
7398,RegenX 281,Grasa,"Glicerina, Avena Coloidal, Aceite de Jojoba, Pantenol",60.61
7399,Fresh Dew 113,Sensible,"Ácido Salicílico, Ácido Láctico, Aloe Vera",197.39
7400,BrightFix 53,Madura,"Pantenol, Aceite de Jojoba, Urea, Zinc",177.68
7401,BrightFix 51,Acneica,"Zinc, Avena Coloidal, Aloe Vera",47.47
7402,DermaFix 8,Seca,"Aloe Vera, Vitamina C, Extracto de Té Verde",196.46
7403,DermaFix 41,Normal,"Ceramidas, Ácido Ferúlico, Ácido Salicílico",169.84
7404,AcneFree 256,Sensible,"Ácido Ferúlico, Extracto de Té Verde, Peptidos",12.74
7405,NightCare 66,Acneica,"Pantenol, Vitamina C, Ceramidas, Niacinamida",18.05
7406,NightCare 138,Mixta,"Niacinamida, Ácido Hialurónico, Ácido Láctico",184.31
7407,BrightFix 159,Seca,"Peptidos, Ácido Ferúlico, Zinc, Niacinamida",146.18
7408,NutriGlow 79,Acneica,"Retinol, Aceite de Jojoba",64.59
7409,RegenX 250,Mixta,"Ceramidas, Aloe Vera, Manteca de Karité",56.74
7410,NightCare 28,Madura,"Ácido Láctico, Extracto de Té Verde",149.23
7411,Daily Moist 30,Grasa,"Ácido Salicílico, Aloe Vera",169.37
7412,NightCare 190,Acneica,"Glicerina, Extracto de Té Verde, Aloe Vera",137.95
7413,AgeDefy 210,Mixta,"Zinc, Pantenol",13.68
7414,OilControl 84,Sensible,"Ceramidas, Aloe Vera, Manteca de Karité, Ácido Hialurónico",70.43
7415,CeraPlus 109,Grasa,"Urea, Pantenol, Aceite de Jojoba, Aloe Vera",82.1
7416,RegenX 128,Acneica,"Ceramidas, Ácido Ferúlico, Aloe Vera",33.49
7417,SkinPure 298,Todo tipo,"Urea, Glicerina, Ácido Ferúlico",195.1
7418,RegenX 179,Sensible,"Vitamina C, Urea, Avena Coloidal, Pantenol",76.0
7419,Clear Skin 99,Todo tipo,"Ceramidas, Agua Termal",177.72
7420,NutriGlow 98,Seca,"Aceite de Jojoba, Manteca de Karité, Glicerina, Avena Coloidal",164.36
7421,SkinPure 284,Madura,"Vitamina C, Zinc",149.07
7422,Fresh Dew 209,Mixta,"Aloe Vera, Ceramidas, Retinol",62.66
7423,Hydra Boost 222,Mixta,"Ácido Láctico, Vitamina C, Glicerina",52.37
7424,CeraPlus 185,Sensible,"Aloe Vera, Niacinamida, Vitamina C",47.46
7425,OilControl 238,Normal,"Manteca de Karité, Agua Termal, Avena Coloidal, Niacinamida",34.75
7426,Silky Touch 50,Sensible,"Zinc, Ácido Salicílico, Agua Termal, Avena Coloidal",183.9
7427,RegenX 238,Seca,"Agua Termal, Ácido Láctico, Ácido Salicílico, Glicerina",60.2
7428,RegenX 183,Grasa,"Manteca de Karité, Peptidos",175.38
7429,AgeDefy 227,Acneica,"Zinc, Ceramidas, Urea",89.06
7430,Fresh Dew 8,Mixta,"Pantenol, Peptidos, Agua Termal, Ceramidas",160.88
7431,Hydra Boost 298,Sensible,"Aloe Vera, Vitamina C, Ácido Láctico",103.35
7432,NightCare 237,Mixta,"Peptidos, Manteca de Karité, Pantenol, Extracto de Té Verde",183.16
7433,OilControl 37,Madura,"Ácido Ferúlico, Ácido Hialurónico",182.1
7434,NightCare 267,Grasa,"Peptidos, Zinc",93.94
7435,Silky Touch 141,Seca,"Extracto de Té Verde, Glicerina, Peptidos, Ceramidas",81.17
7436,BrightFix 106,Madura,"Ceramidas, Pantenol, Peptidos, Glicerina",168.71
7437,OilControl 169,Acneica,"Urea, Pantenol, Ácido Salicílico, Ácido Ferúlico",98.74
7438,RegenX 2,Sensible,"Ácido Hialurónico, Ácido Salicílico, Pantenol, Ceramidas",90.74
7439,UltraSmooth 121,Mixta,"Ceramidas, Urea, Avena Coloidal",139.08
7440,OilControl 61,Acneica,"Urea, Aceite de Jojoba, Pantenol, Niacinamida",79.02
7441,DermaFix 113,Madura,"Zinc, Niacinamida",180.64
7442,Silky Touch 10,Madura,"Ácido Hialurónico, Ácido Ferúlico",14.36
7443,Daily Moist 193,Acneica,"Ácido Láctico, Glicerina, Extracto de Té Verde",69.05
7444,NightCare 200,Mixta,"Pantenol, Niacinamida, Retinol, Ácido Hialurónico",58.29
7445,AgeDefy 229,Madura,"Ácido Láctico, Niacinamida, Peptidos",150.99
7446,AgeDefy 76,Mixta,"Ácido Ferúlico, Niacinamida, Peptidos, Ceramidas",131.04
7447,SunShield 193,Madura,"Ácido Láctico, Avena Coloidal, Ceramidas, Aloe Vera",5.27
7448,Fresh Dew 145,Mixta,"Ácido Ferúlico, Agua Termal, Ceramidas, Zinc",8.87
7449,UltraSmooth 230,Seca,"Extracto de Té Verde, Peptidos, Zinc, Vitamina C",34.66
7450,Glow Serum 220,Sensible,"Ácido Hialurónico, Retinol, Ácido Láctico",168.91
7451,Aqua Balm 24,Seca,"Glicerina, Zinc",193.85
7452,Hydra Boost 259,Madura,"Niacinamida, Ácido Hialurónico",7.05
7453,Daily Moist 218,Sensible,"Ácido Láctico, Glicerina, Ácido Hialurónico",51.05
7454,Silky Touch 44,Acneica,"Ceramidas, Ácido Ferúlico",45.12
7455,Daily Moist 152,Madura,"Agua Termal, Urea, Pantenol",120.83
7456,AcneFree 41,Todo tipo,"Retinol, Aloe Vera, Glicerina, Extracto de Té Verde",170.73
7457,AgeDefy 49,Madura,"Vitamina C, Ácido Láctico, Ácido Hialurónico, Manteca de Karité",6.88
7458,Silky Touch 283,Seca,"Pantenol, Zinc, Niacinamida, Urea",188.93
7459,OilControl 31,Madura,"Ceramidas, Urea, Vitamina C, Zinc",79.18
7460,SunShield 255,Mixta,"Avena Coloidal, Ceramidas, Urea",10.72
7461,Fresh Dew 51,Sensible,"Glicerina, Ácido Láctico",193.54
7462,Glow Serum 259,Acneica,"Ácido Salicílico, Extracto de Té Verde, Avena Coloidal",108.88
7463,Aqua Balm 153,Seca,"Glicerina, Aloe Vera, Pantenol, Vitamina C",87.1
7464,Aqua Balm 33,Todo tipo,"Ácido Salicílico, Agua Termal",60.88
7465,BrightFix 178,Grasa,"Aceite de Jojoba, Retinol",23.39
7466,Fresh Dew 40,Normal,"Zinc, Urea, Aloe Vera",37.45
7467,NutriGlow 26,Mixta,"Extracto de Té Verde, Ácido Salicílico, Zinc, Avena Coloidal",167.67
7468,Clear Skin 92,Acneica,"Vitamina C, Urea",129.5
7469,RegenX 32,Sensible,"Extracto de Té Verde, Vitamina C, Ácido Hialurónico, Pantenol",87.94
7470,Daily Moist 13,Normal,"Agua Termal, Ácido Salicílico, Pantenol",186.58
7471,SkinPure 284,Grasa,"Ácido Hialurónico, Vitamina C, Ácido Láctico",8.73
7472,Daily Moist 32,Madura,"Peptidos, Niacinamida, Aceite de Jojoba, Agua Termal",170.21
7473,BrightFix 156,Seca,"Retinol, Aloe Vera, Zinc",126.9
7474,Silky Touch 149,Normal,"Peptidos, Aceite de Jojoba, Avena Coloidal, Vitamina C",193.42
7475,Clear Skin 100,Todo tipo,"Ceramidas, Ácido Salicílico, Manteca de Karité, Urea",145.86
7476,NutriGlow 187,Acneica,"Glicerina, Ácido Ferúlico, Ceramidas, Ácido Salicílico",83.83
7477,NightCare 271,Mixta,"Avena Coloidal, Ácido Láctico, Manteca de Karité, Ácido Salicílico",13.67
7478,UltraSmooth 105,Seca,"Zinc, Pantenol, Ceramidas",55.45
7479,DermaFix 272,Mixta,"Ácido Láctico, Retinol, Ácido Salicílico, Peptidos",151.93
7480,Glow Serum 119,Sensible,"Avena Coloidal, Agua Termal, Urea, Retinol",191.57
7481,RegenX 178,Grasa,"Ácido Salicílico, Vitamina C",106.0
7482,NutriGlow 297,Todo tipo,"Vitamina C, Extracto de Té Verde, Ceramidas",156.88
7483,SkinPure 98,Seca,"Zinc, Ácido Salicílico, Retinol, Niacinamida",193.1
7484,UltraSmooth 116,Grasa,"Urea, Ácido Salicílico",60.93
7485,Silky Touch 128,Madura,"Ácido Salicílico, Agua Termal",35.44
7486,SunShield 4,Grasa,"Urea, Retinol",99.4
7487,Clear Skin 52,Grasa,"Peptidos, Ácido Láctico",188.84
7488,NutriGlow 87,Mixta,"Aloe Vera, Extracto de Té Verde, Ácido Láctico, Zinc",21.92
7489,BrightFix 221,Normal,"Pantenol, Aceite de Jojoba, Aloe Vera, Agua Termal",64.68
7490,OilControl 77,Grasa,"Avena Coloidal, Aceite de Jojoba, Manteca de Karité",117.95
7491,CeraPlus 75,Acneica,"Ácido Salicílico, Urea, Ceramidas",52.26
7492,NightCare 157,Sensible,"Ceramidas, Ácido Ferúlico, Glicerina",110.11
7493,SunShield 56,Sensible,"Manteca de Karité, Retinol, Agua Termal, Aceite de Jojoba",108.9
7494,Silky Touch 82,Grasa,"Avena Coloidal, Zinc",98.45
7495,RegenX 128,Sensible,"Ceramidas, Niacinamida, Aceite de Jojoba",118.02
7496,UltraSmooth 280,Grasa,"Extracto de Té Verde, Glicerina, Peptidos",51.86
7497,Daily Moist 35,Madura,"Pantenol, Peptidos, Ácido Hialurónico",61.21
7498,SunShield 162,Normal,"Ácido Ferúlico, Ceramidas, Agua Termal, Glicerina",8.81
7499,Aqua Balm 74,Todo tipo,"Zinc, Urea, Vitamina C, Ácido Láctico",117.64
7500,AgeDefy 115,Mixta,"Peptidos, Zinc, Aceite de Jojoba, Urea",23.07
7501,DermaFix 161,Normal,"Agua Termal, Niacinamida",39.62
7502,Fresh Dew 154,Todo tipo,"Pantenol, Agua Termal",109.79
7503,UltraSmooth 16,Grasa,"Agua Termal, Ácido Salicílico, Vitamina C, Aceite de Jojoba",136.62
7504,DermaFix 84,Todo tipo,"Extracto de Té Verde, Zinc, Urea, Ácido Láctico",113.24
7505,NightCare 196,Normal,"Urea, Aceite de Jojoba",11.56
7506,CeraPlus 256,Madura,"Aloe Vera, Ácido Salicílico",159.28
7507,Hydra Boost 277,Madura,"Ceramidas, Ácido Láctico, Aceite de Jojoba",134.9
7508,CeraPlus 30,Normal,"Avena Coloidal, Ácido Salicílico, Zinc, Ácido Hialurónico",195.85
7509,DermaFix 16,Normal,"Aloe Vera, Vitamina C, Agua Termal",178.78
7510,Hydra Boost 173,Seca,"Ácido Salicílico, Ácido Hialurónico, Avena Coloidal",66.45
7511,NightCare 18,Mixta,"Urea, Zinc",7.17
7512,NutriGlow 50,Acneica,"Ácido Hialurónico, Vitamina C",143.53
7513,Aqua Balm 262,Normal,"Ácido Láctico, Ácido Hialurónico, Retinol, Pantenol",118.06
7514,Aqua Balm 5,Sensible,"Ácido Hialurónico, Aceite de Jojoba",183.54
7515,UltraSmooth 129,Seca,"Extracto de Té Verde, Peptidos, Niacinamida",103.1
7516,SkinPure 249,Mixta,"Pantenol, Ácido Salicílico, Ceramidas, Urea",10.07
7517,Glow Serum 146,Normal,"Pantenol, Ácido Hialurónico, Retinol, Agua Termal",88.91
7518,BrightFix 230,Mixta,"Aceite de Jojoba, Pantenol",168.84
7519,OilControl 53,Acneica,"Ácido Hialurónico, Extracto de Té Verde",192.62
7520,OilControl 117,Todo tipo,"Vitamina C, Glicerina",134.18
7521,Glow Serum 50,Sensible,"Manteca de Karité, Ácido Ferúlico",76.04
7522,Clear Skin 2,Sensible,"Aceite de Jojoba, Niacinamida",38.82
7523,BrightFix 115,Todo tipo,"Ácido Hialurónico, Ceramidas, Aceite de Jojoba, Manteca de Karité",142.62
7524,Silky Touch 227,Seca,"Vitamina C, Agua Termal",8.94
7525,NightCare 23,Sensible,"Urea, Vitamina C, Ceramidas, Aceite de Jojoba",39.67
7526,Hydra Boost 76,Sensible,"Urea, Aloe Vera",92.48
7527,AgeDefy 177,Acneica,"Manteca de Karité, Aceite de Jojoba, Pantenol",199.73
7528,Fresh Dew 81,Madura,"Pantenol, Glicerina, Vitamina C",159.76
7529,RegenX 201,Grasa,"Aloe Vera, Ácido Salicílico",131.2
7530,CeraPlus 97,Madura,"Ácido Salicílico, Aloe Vera, Agua Termal",8.92
7531,SunShield 175,Grasa,"Urea, Aceite de Jojoba, Avena Coloidal",191.24
7532,CeraPlus 102,Grasa,"Glicerina, Agua Termal, Manteca de Karité",115.58
7533,SunShield 159,Mixta,"Ceramidas, Vitamina C",78.0
7534,AgeDefy 251,Seca,"Ácido Láctico, Ácido Salicílico, Zinc, Agua Termal",12.56
7535,SunShield 10,Mixta,"Ácido Salicílico, Ácido Láctico, Ácido Ferúlico, Niacinamida",147.22
7536,NutriGlow 231,Seca,"Glicerina, Aceite de Jojoba, Ácido Láctico, Urea",144.36
7537,Hydra Boost 156,Sensible,"Aloe Vera, Ácido Salicílico, Vitamina C",128.13
7538,Silky Touch 53,Mixta,"Ácido Ferúlico, Niacinamida",24.5
7539,SunShield 99,Sensible,"Ceramidas, Vitamina C, Niacinamida",145.0
7540,AgeDefy 274,Grasa,"Niacinamida, Peptidos",144.68
7541,Silky Touch 148,Acneica,"Ácido Salicílico, Manteca de Karité, Pantenol, Aloe Vera",116.38
7542,NutriGlow 153,Acneica,"Pantenol, Ácido Ferúlico, Urea",164.9
7543,Radiant Day 73,Sensible,"Manteca de Karité, Ácido Hialurónico, Ácido Ferúlico, Aceite de Jojoba",64.33
7544,Silky Touch 217,Todo tipo,"Ácido Salicílico, Extracto de Té Verde",153.45
7545,BrightFix 148,Mixta,"Ácido Láctico, Zinc, Pantenol, Ceramidas",133.4
7546,Daily Moist 149,Madura,"Ácido Hialurónico, Aloe Vera, Manteca de Karité, Ácido Láctico",117.64
7547,Clear Skin 204,Normal,"Retinol, Manteca de Karité, Aceite de Jojoba, Agua Termal",27.26
7548,Radiant Day 150,Normal,"Avena Coloidal, Extracto de Té Verde",144.29
7549,CeraPlus 124,Madura,"Ácido Ferúlico, Retinol",20.92
7550,NutriGlow 234,Seca,"Aceite de Jojoba, Pantenol",181.73
7551,BrightFix 251,Madura,"Ácido Ferúlico, Ceramidas",113.49
7552,Silky Touch 262,Todo tipo,"Ceramidas, Ácido Ferúlico",76.48
7553,OilControl 175,Mixta,"Ácido Láctico, Ceramidas, Manteca de Karité, Pantenol",46.56
7554,Hydra Boost 64,Normal,"Ácido Salicílico, Agua Termal",164.1
7555,DermaFix 149,Seca,"Retinol, Zinc, Niacinamida",168.65
7556,Silky Touch 38,Normal,"Aceite de Jojoba, Ácido Láctico",165.21
7557,SkinPure 227,Grasa,"Niacinamida, Pantenol",30.83
7558,Hydra Boost 40,Grasa,"Ácido Salicílico, Peptidos, Ceramidas",37.79
7559,Hydra Boost 192,Todo tipo,"Retinol, Ácido Láctico",7.56
7560,Aqua Balm 70,Normal,"Agua Termal, Retinol, Niacinamida",160.07
7561,Hydra Boost 58,Normal,"Peptidos, Pantenol, Retinol, Ácido Salicílico",68.18
7562,Radiant Day 119,Grasa,"Aloe Vera, Extracto de Té Verde, Avena Coloidal, Retinol",38.91
7563,CeraPlus 200,Madura,"Ácido Láctico, Ceramidas",101.62
7564,Glow Serum 281,Mixta,"Retinol, Avena Coloidal, Agua Termal",27.86
7565,Aqua Balm 161,Seca,"Agua Termal, Manteca de Karité, Ácido Hialurónico",106.58
7566,Daily Moist 224,Sensible,"Vitamina C, Avena Coloidal, Aceite de Jojoba",176.19
7567,Radiant Day 31,Grasa,"Pantenol, Manteca de Karité",8.48
7568,OilControl 43,Seca,"Pantenol, Aceite de Jojoba",11.56
7569,NightCare 28,Normal,"Vitamina C, Urea, Zinc",81.04
7570,BrightFix 79,Sensible,"Zinc, Urea, Agua Termal",105.75
7571,Fresh Dew 6,Normal,"Urea, Niacinamida, Aceite de Jojoba",186.63
7572,OilControl 266,Sensible,"Pantenol, Aloe Vera, Aceite de Jojoba",124.47
7573,OilControl 274,Todo tipo,"Retinol, Aloe Vera, Vitamina C",148.7
7574,Glow Serum 250,Todo tipo,"Aloe Vera, Retinol",159.2
7575,NightCare 292,Seca,"Agua Termal, Vitamina C, Ácido Salicílico",139.01
7576,Glow Serum 251,Grasa,"Zinc, Aloe Vera, Peptidos",87.22
7577,Silky Touch 58,Mixta,"Ácido Ferúlico, Agua Termal, Ceramidas",19.63
7578,NightCare 115,Acneica,"Ceramidas, Aceite de Jojoba",19.72
7579,AcneFree 294,Acneica,"Aceite de Jojoba, Peptidos",161.83
7580,AcneFree 252,Mixta,"Retinol, Peptidos, Ácido Hialurónico, Glicerina",38.73
7581,BrightFix 99,Acneica,"Glicerina, Aloe Vera",53.83
7582,Daily Moist 35,Sensible,"Pantenol, Niacinamida",95.81
7583,Clear Skin 290,Sensible,"Agua Termal, Avena Coloidal, Peptidos",11.51
7584,NightCare 106,Mixta,"Ceramidas, Extracto de Té Verde, Niacinamida",7.78
7585,RegenX 63,Sensible,"Ceramidas, Vitamina C, Agua Termal, Zinc",138.08
7586,Fresh Dew 207,Normal,"Pantenol, Urea",126.25
7587,CeraPlus 194,Sensible,"Glicerina, Agua Termal",94.05
7588,DermaFix 85,Madura,"Agua Termal, Pantenol, Vitamina C",137.15
7589,SkinPure 39,Seca,"Zinc, Ácido Ferúlico, Avena Coloidal, Agua Termal",180.52
7590,SkinPure 79,Normal,"Agua Termal, Ácido Láctico",196.02
7591,RegenX 44,Seca,"Glicerina, Niacinamida, Retinol",121.89
7592,Radiant Day 247,Normal,"Ceramidas, Ácido Hialurónico",18.6
7593,NutriGlow 136,Grasa,"Ceramidas, Aloe Vera",80.45
7594,RegenX 226,Acneica,"Aloe Vera, Zinc, Extracto de Té Verde, Aceite de Jojoba",82.67
7595,RegenX 21,Normal,"Pantenol, Zinc",48.87
7596,Glow Serum 86,Acneica,"Ácido Hialurónico, Urea, Ceramidas",124.99
7597,Fresh Dew 64,Seca,"Ácido Ferúlico, Glicerina, Niacinamida, Zinc",160.08
7598,DermaFix 198,Normal,"Ceramidas, Retinol, Peptidos, Aloe Vera",158.88
7599,Glow Serum 68,Todo tipo,"Urea, Ácido Hialurónico, Aceite de Jojoba",144.46
7600,Fresh Dew 70,Todo tipo,"Aceite de Jojoba, Urea, Agua Termal, Retinol",46.67
7601,Daily Moist 226,Seca,"Aloe Vera, Ceramidas, Avena Coloidal",177.44
7602,AcneFree 299,Acneica,"Peptidos, Zinc, Vitamina C",184.78
7603,Radiant Day 44,Madura,"Avena Coloidal, Niacinamida, Ácido Láctico, Ácido Hialurónico",76.42
7604,AcneFree 123,Normal,"Zinc, Aceite de Jojoba",138.0
7605,Fresh Dew 178,Sensible,"Avena Coloidal, Ácido Láctico",163.2
7606,Aqua Balm 166,Normal,"Agua Termal, Pantenol",128.28
7607,UltraSmooth 48,Madura,"Zinc, Ceramidas",111.7
7608,SunShield 246,Mixta,"Avena Coloidal, Vitamina C, Ácido Ferúlico",133.2
7609,Fresh Dew 64,Grasa,"Peptidos, Urea",73.02
7610,RegenX 146,Madura,"Ceramidas, Glicerina, Agua Termal",63.35
7611,AcneFree 40,Normal,"Ácido Láctico, Urea",166.3
7612,AgeDefy 167,Todo tipo,"Ácido Láctico, Manteca de Karité, Vitamina C, Ácido Ferúlico",149.99
7613,SkinPure 32,Seca,"Ácido Hialurónico, Ácido Láctico, Ácido Salicílico",92.95
7614,DermaFix 120,Todo tipo,"Ceramidas, Pantenol, Aloe Vera",157.89
7615,SkinPure 127,Normal,"Agua Termal, Aceite de Jojoba, Ceramidas, Vitamina C",103.94
7616,Silky Touch 267,Madura,"Peptidos, Extracto de Té Verde",189.11
7617,Hydra Boost 94,Grasa,"Ácido Salicílico, Agua Termal, Extracto de Té Verde",76.4
7618,Radiant Day 93,Grasa,"Extracto de Té Verde, Peptidos",133.32
7619,Hydra Boost 157,Acneica,"Ácido Ferúlico, Aceite de Jojoba",146.25
7620,Silky Touch 165,Normal,"Manteca de Karité, Ceramidas, Ácido Ferúlico",47.35
7621,Hydra Boost 104,Mixta,"Glicerina, Pantenol, Peptidos, Zinc",123.58
7622,OilControl 41,Acneica,"Peptidos, Avena Coloidal, Niacinamida",48.72
7623,NightCare 176,Sensible,"Glicerina, Ácido Salicílico, Zinc",23.52
7624,CeraPlus 97,Seca,"Retinol, Niacinamida, Manteca de Karité",125.58
7625,Hydra Boost 128,Normal,"Retinol, Ácido Láctico",117.3
7626,DermaFix 274,Mixta,"Ácido Ferúlico, Retinol, Ácido Láctico",152.15
7627,AcneFree 100,Seca,"Manteca de Karité, Ácido Láctico",149.2
7628,BrightFix 180,Sensible,"Aloe Vera, Niacinamida, Aceite de Jojoba, Ácido Láctico",152.35
7629,AgeDefy 106,Grasa,"Agua Termal, Ceramidas",100.7
7630,UltraSmooth 18,Mixta,"Glicerina, Ácido Hialurónico",129.93
7631,DermaFix 144,Sensible,"Agua Termal, Extracto de Té Verde, Ácido Láctico",44.62
7632,UltraSmooth 46,Madura,"Peptidos, Zinc",29.28
7633,BrightFix 118,Todo tipo,"Aloe Vera, Peptidos",152.61
7634,RegenX 142,Madura,"Agua Termal, Pantenol, Zinc, Ceramidas",78.91
7635,BrightFix 57,Sensible,"Retinol, Vitamina C",63.33
7636,SunShield 273,Seca,"Ácido Láctico, Retinol",181.99
7637,Aqua Balm 287,Acneica,"Vitamina C, Glicerina, Avena Coloidal, Niacinamida",166.59
7638,OilControl 102,Todo tipo,"Ácido Ferúlico, Manteca de Karité, Retinol, Urea",133.71
7639,NightCare 230,Madura,"Niacinamida, Extracto de Té Verde, Ceramidas",20.57
7640,Clear Skin 44,Todo tipo,"Glicerina, Aloe Vera",86.81
7641,NutriGlow 109,Sensible,"Zinc, Agua Termal, Glicerina, Peptidos",86.66
7642,Glow Serum 146,Madura,"Vitamina C, Niacinamida",77.86
7643,Silky Touch 69,Grasa,"Vitamina C, Pantenol, Peptidos, Extracto de Té Verde",114.43
7644,SkinPure 162,Acneica,"Ácido Salicílico, Peptidos, Ácido Ferúlico",180.46
7645,Clear Skin 210,Madura,"Zinc, Aceite de Jojoba, Ácido Salicílico",186.03
7646,AcneFree 294,Grasa,"Urea, Avena Coloidal, Ácido Salicílico",17.23
7647,BrightFix 12,Sensible,"Glicerina, Vitamina C",107.17
7648,AcneFree 42,Normal,"Retinol, Pantenol, Ácido Salicílico, Manteca de Karité",189.96
7649,SunShield 39,Acneica,"Manteca de Karité, Agua Termal, Ácido Hialurónico",122.63
7650,OilControl 31,Todo tipo,"Retinol, Ácido Salicílico, Vitamina C",119.26
7651,NightCare 36,Sensible,"Urea, Pantenol",103.37
7652,Daily Moist 187,Madura,"Extracto de Té Verde, Pantenol, Urea, Ceramidas",144.01
7653,DermaFix 269,Sensible,"Retinol, Extracto de Té Verde",109.19
7654,CeraPlus 134,Normal,"Urea, Ácido Hialurónico, Ácido Láctico, Zinc",61.64
7655,Aqua Balm 8,Todo tipo,"Pantenol, Zinc",24.37
7656,Fresh Dew 203,Madura,"Ácido Hialurónico, Vitamina C, Ceramidas",35.78
7657,DermaFix 183,Todo tipo,"Retinol, Ácido Láctico, Pantenol, Aloe Vera",108.16
7658,SkinPure 65,Mixta,"Agua Termal, Zinc",46.84
7659,DermaFix 295,Madura,"Glicerina, Agua Termal",50.84
7660,SkinPure 50,Seca,"Manteca de Karité, Retinol, Aloe Vera",24.37
7661,Clear Skin 167,Grasa,"Pantenol, Extracto de Té Verde, Ceramidas, Zinc",103.44
7662,DermaFix 278,Seca,"Ceramidas, Aloe Vera, Peptidos, Glicerina",159.2
7663,RegenX 135,Mixta,"Ácido Salicílico, Zinc",47.73
7664,Aqua Balm 8,Sensible,"Ceramidas, Extracto de Té Verde, Aceite de Jojoba",119.59
7665,AgeDefy 15,Sensible,"Ceramidas, Glicerina, Ácido Hialurónico",131.01
7666,Silky Touch 14,Acneica,"Niacinamida, Pantenol, Ácido Ferúlico, Peptidos",101.95
7667,BrightFix 153,Madura,"Glicerina, Ceramidas, Ácido Salicílico",57.23
7668,BrightFix 145,Todo tipo,"Vitamina C, Ácido Salicílico",19.82
7669,OilControl 131,Todo tipo,"Ácido Salicílico, Zinc, Ácido Hialurónico",38.45
7670,BrightFix 151,Normal,"Pantenol, Aloe Vera, Ácido Ferúlico",31.27
7671,OilControl 63,Normal,"Zinc, Ácido Hialurónico, Ácido Salicílico",87.34
7672,NutriGlow 236,Normal,"Ácido Láctico, Glicerina, Avena Coloidal",22.24
7673,BrightFix 51,Acneica,"Ácido Salicílico, Avena Coloidal, Retinol, Agua Termal",109.23
7674,CeraPlus 93,Todo tipo,"Urea, Vitamina C",75.79
7675,RegenX 3,Todo tipo,"Niacinamida, Zinc",122.96
7676,Radiant Day 97,Todo tipo,"Avena Coloidal, Extracto de Té Verde, Urea",97.96
7677,Silky Touch 254,Grasa,"Avena Coloidal, Ceramidas, Peptidos",88.01
7678,UltraSmooth 1,Acneica,"Aloe Vera, Glicerina, Urea, Niacinamida",97.38
7679,AcneFree 136,Madura,"Zinc, Pantenol, Retinol, Ácido Hialurónico",43.51
7680,CeraPlus 162,Mixta,"Niacinamida, Ácido Salicílico",145.46
7681,SkinPure 194,Grasa,"Glicerina, Ceramidas",164.05
7682,DermaFix 186,Seca,"Ácido Salicílico, Ácido Hialurónico, Ácido Ferúlico, Urea",157.62
7683,NutriGlow 181,Normal,"Aloe Vera, Zinc, Ácido Salicílico",73.8
7684,Hydra Boost 33,Grasa,"Aceite de Jojoba, Glicerina",161.22
7685,UltraSmooth 207,Seca,"Ceramidas, Ácido Salicílico, Aloe Vera, Zinc",170.66
7686,BrightFix 173,Acneica,"Extracto de Té Verde, Ácido Hialurónico, Agua Termal, Ceramidas",111.67
7687,AcneFree 128,Seca,"Avena Coloidal, Ácido Salicílico, Aloe Vera",92.83
7688,NightCare 280,Mixta,"Retinol, Ácido Láctico, Niacinamida",59.29
7689,UltraSmooth 265,Madura,"Ácido Ferúlico, Peptidos, Avena Coloidal",173.39
7690,OilControl 65,Grasa,"Extracto de Té Verde, Peptidos",76.31
7691,NutriGlow 119,Normal,"Extracto de Té Verde, Urea",117.44
7692,Clear Skin 210,Normal,"Agua Termal, Aceite de Jojoba",186.25
7693,AgeDefy 81,Acneica,"Aceite de Jojoba, Ácido Ferúlico",77.95
7694,AgeDefy 268,Seca,"Extracto de Té Verde, Retinol, Zinc",77.18
7695,Hydra Boost 14,Sensible,"Aceite de Jojoba, Glicerina, Retinol",61.18
7696,RegenX 220,Acneica,"Extracto de Té Verde, Ceramidas, Pantenol, Ácido Láctico",43.44
7697,Aqua Balm 77,Grasa,"Aceite de Jojoba, Ácido Láctico, Vitamina C",191.96
7698,Daily Moist 23,Todo tipo,"Aceite de Jojoba, Pantenol, Ceramidas",106.42
7699,Silky Touch 272,Acneica,"Avena Coloidal, Glicerina",12.45
7700,CeraPlus 130,Todo tipo,"Ácido Ferúlico, Retinol, Vitamina C, Pantenol",170.7
7701,OilControl 121,Madura,"Ácido Ferúlico, Glicerina",89.22
7702,Daily Moist 217,Acneica,"Ácido Ferúlico, Glicerina, Pantenol, Peptidos",179.68
7703,NightCare 204,Mixta,"Ácido Ferúlico, Vitamina C",64.83
7704,Daily Moist 40,Grasa,"Ceramidas, Peptidos",32.58
7705,BrightFix 120,Sensible,"Vitamina C, Ácido Salicílico, Glicerina, Niacinamida",77.33
7706,Silky Touch 241,Normal,"Urea, Peptidos",33.88
7707,Radiant Day 246,Todo tipo,"Ceramidas, Aloe Vera, Aceite de Jojoba, Ácido Salicílico",87.31
7708,Fresh Dew 163,Acneica,"Ácido Ferúlico, Extracto de Té Verde, Urea, Pantenol",49.94
7709,Daily Moist 170,Seca,"Ácido Hialurónico, Agua Termal",45.95
7710,NutriGlow 74,Mixta,"Peptidos, Ácido Ferúlico, Zinc, Ácido Hialurónico",51.23
7711,Aqua Balm 27,Grasa,"Retinol, Manteca de Karité, Glicerina, Ácido Ferúlico",117.32
7712,Hydra Boost 98,Acneica,"Niacinamida, Pantenol, Ácido Ferúlico",58.22
7713,OilControl 233,Seca,"Aceite de Jojoba, Vitamina C",186.5
7714,CeraPlus 243,Seca,"Peptidos, Pantenol, Ácido Ferúlico",111.1
7715,Hydra Boost 211,Todo tipo,"Vitamina C, Agua Termal, Ácido Hialurónico",175.25
7716,NutriGlow 253,Sensible,"Aceite de Jojoba, Pantenol, Extracto de Té Verde, Peptidos",87.48
7717,BrightFix 143,Acneica,"Ácido Ferúlico, Extracto de Té Verde, Aceite de Jojoba",72.38
7718,CeraPlus 188,Madura,"Aloe Vera, Manteca de Karité, Ácido Láctico, Glicerina",64.61
7719,DermaFix 10,Acneica,"Glicerina, Extracto de Té Verde",165.75
7720,SkinPure 187,Grasa,"Zinc, Ácido Láctico, Extracto de Té Verde, Manteca de Karité",73.25
7721,Fresh Dew 72,Grasa,"Zinc, Aceite de Jojoba, Ceramidas, Ácido Láctico",127.11
7722,Radiant Day 109,Mixta,"Ácido Salicílico, Agua Termal, Aceite de Jojoba",28.35
7723,Aqua Balm 293,Madura,"Pantenol, Agua Termal",28.09
7724,Silky Touch 45,Acneica,"Avena Coloidal, Vitamina C",59.97
7725,RegenX 90,Todo tipo,"Aceite de Jojoba, Ácido Láctico, Pantenol, Glicerina",102.21
7726,Glow Serum 163,Sensible,"Peptidos, Zinc",93.84
7727,SunShield 249,Seca,"Urea, Ácido Salicílico, Manteca de Karité, Aceite de Jojoba",175.65
7728,Glow Serum 293,Acneica,"Avena Coloidal, Aloe Vera",36.55
7729,Aqua Balm 145,Mixta,"Zinc, Pantenol, Ácido Láctico",110.15
7730,RegenX 163,Madura,"Avena Coloidal, Zinc, Pantenol",9.44
7731,UltraSmooth 255,Todo tipo,"Ácido Hialurónico, Agua Termal, Aloe Vera",25.96
7732,Hydra Boost 226,Madura,"Ácido Láctico, Ácido Ferúlico, Agua Termal, Aceite de Jojoba",27.44
7733,RegenX 132,Todo tipo,"Ácido Ferúlico, Vitamina C, Zinc, Extracto de Té Verde",117.8
7734,Radiant Day 32,Sensible,"Ácido Láctico, Peptidos, Ácido Ferúlico",194.19
7735,Silky Touch 24,Todo tipo,"Ácido Láctico, Agua Termal",39.76
7736,NightCare 259,Todo tipo,"Aloe Vera, Manteca de Karité",98.9
7737,RegenX 181,Acneica,"Aceite de Jojoba, Niacinamida",31.11
7738,NutriGlow 132,Grasa,"Aloe Vera, Niacinamida, Pantenol",196.71
7739,BrightFix 51,Sensible,"Ácido Hialurónico, Manteca de Karité",18.97
7740,AgeDefy 201,Sensible,"Peptidos, Extracto de Té Verde",124.93
7741,Hydra Boost 67,Normal,"Urea, Retinol, Peptidos, Ceramidas",158.22
7742,RegenX 94,Todo tipo,"Ácido Salicílico, Extracto de Té Verde, Vitamina C, Peptidos",123.91
7743,SunShield 223,Sensible,"Ceramidas, Aloe Vera",102.96
7744,NightCare 23,Madura,"Ácido Salicílico, Glicerina, Pantenol",173.6
7745,CeraPlus 250,Acneica,"Niacinamida, Agua Termal, Glicerina, Ceramidas",31.21
7746,Clear Skin 108,Madura,"Glicerina, Pantenol, Ácido Láctico, Urea",144.97
7747,Fresh Dew 245,Todo tipo,"Peptidos, Vitamina C, Ácido Ferúlico, Ceramidas",13.04
7748,Fresh Dew 186,Acneica,"Ácido Salicílico, Agua Termal",186.64
7749,Radiant Day 177,Normal,"Vitamina C, Aloe Vera, Glicerina, Ceramidas",197.38
7750,BrightFix 84,Normal,"Manteca de Karité, Pantenol, Aceite de Jojoba, Peptidos",120.37
7751,NutriGlow 56,Madura,"Ácido Salicílico, Retinol",190.16
7752,BrightFix 103,Grasa,"Avena Coloidal, Pantenol, Ceramidas",194.65
7753,Hydra Boost 182,Mixta,"Extracto de Té Verde, Urea, Niacinamida",80.42
7754,Fresh Dew 131,Sensible,"Urea, Peptidos, Zinc, Ácido Salicílico",163.74
7755,Fresh Dew 295,Mixta,"Ácido Láctico, Ácido Hialurónico",133.54
7756,Silky Touch 272,Todo tipo,"Peptidos, Zinc, Agua Termal, Ácido Láctico",138.42
7757,Daily Moist 76,Grasa,"Ceramidas, Peptidos",147.08
7758,Aqua Balm 44,Acneica,"Agua Termal, Ceramidas, Ácido Hialurónico, Aceite de Jojoba",98.7
7759,RegenX 199,Grasa,"Zinc, Urea",88.09
7760,Glow Serum 100,Sensible,"Extracto de Té Verde, Aloe Vera",165.27
7761,Clear Skin 34,Acneica,"Vitamina C, Peptidos, Niacinamida",54.48
7762,DermaFix 108,Normal,"Avena Coloidal, Urea, Vitamina C",65.04
7763,Hydra Boost 11,Sensible,"Avena Coloidal, Ácido Láctico",158.61
7764,Radiant Day 295,Sensible,"Agua Termal, Peptidos, Urea, Ácido Salicílico",160.91
7765,AcneFree 109,Madura,"Manteca de Karité, Ácido Láctico, Ácido Ferúlico, Retinol",51.78
7766,DermaFix 63,Normal,"Manteca de Karité, Pantenol, Glicerina, Peptidos",78.41
7767,DermaFix 214,Mixta,"Ácido Hialurónico, Zinc, Pantenol, Aloe Vera",191.48
7768,Fresh Dew 218,Normal,"Manteca de Karité, Ácido Ferúlico, Niacinamida",121.49
7769,Radiant Day 48,Sensible,"Pantenol, Ácido Hialurónico, Extracto de Té Verde",18.62
7770,Daily Moist 183,Grasa,"Aloe Vera, Peptidos, Ácido Ferúlico, Extracto de Té Verde",173.36
7771,Clear Skin 227,Mixta,"Ceramidas, Agua Termal, Avena Coloidal, Urea",151.08
7772,SkinPure 37,Normal,"Ceramidas, Avena Coloidal, Niacinamida, Vitamina C",189.87
7773,Daily Moist 18,Todo tipo,"Aceite de Jojoba, Ácido Hialurónico, Ácido Láctico",132.79
7774,Silky Touch 202,Seca,"Glicerina, Ácido Hialurónico",165.25
7775,SunShield 118,Acneica,"Avena Coloidal, Ácido Salicílico, Retinol",86.92
7776,RegenX 87,Grasa,"Ácido Salicílico, Ácido Ferúlico",169.71
7777,DermaFix 58,Madura,"Ceramidas, Avena Coloidal",76.98
7778,Radiant Day 167,Sensible,"Aceite de Jojoba, Aloe Vera, Pantenol",102.77
7779,Hydra Boost 193,Todo tipo,"Ácido Láctico, Aceite de Jojoba, Extracto de Té Verde",60.19
7780,UltraSmooth 254,Todo tipo,"Extracto de Té Verde, Niacinamida",62.11
7781,NightCare 226,Madura,"Peptidos, Niacinamida, Agua Termal",43.29
7782,DermaFix 244,Mixta,"Vitamina C, Retinol",61.44
7783,SkinPure 87,Mixta,"Ceramidas, Ácido Láctico, Zinc, Niacinamida",154.41
7784,SkinPure 24,Mixta,"Niacinamida, Ceramidas, Ácido Ferúlico",86.31
7785,NightCare 84,Madura,"Aloe Vera, Agua Termal, Peptidos, Retinol",81.96
7786,Radiant Day 225,Normal,"Ácido Láctico, Retinol, Ceramidas, Ácido Hialurónico",77.46
7787,RegenX 161,Grasa,"Urea, Niacinamida",117.53
7788,Clear Skin 224,Sensible,"Glicerina, Retinol, Niacinamida",173.57
7789,Silky Touch 229,Mixta,"Retinol, Extracto de Té Verde, Niacinamida",123.77
7790,UltraSmooth 137,Mixta,"Avena Coloidal, Ácido Hialurónico",93.06
7791,NightCare 35,Grasa,"Glicerina, Pantenol, Aceite de Jojoba",50.65
7792,Clear Skin 239,Normal,"Aloe Vera, Ácido Ferúlico, Ceramidas",145.12
7793,RegenX 169,Normal,"Zinc, Ácido Láctico, Avena Coloidal, Agua Termal",114.22
7794,Fresh Dew 78,Seca,"Ácido Ferúlico, Pantenol",108.33
7795,Aqua Balm 273,Acneica,"Glicerina, Extracto de Té Verde",142.9
7796,Silky Touch 123,Seca,"Urea, Pantenol",87.46
7797,NightCare 9,Grasa,"Aceite de Jojoba, Extracto de Té Verde, Avena Coloidal",58.39
7798,OilControl 20,Mixta,"Manteca de Karité, Zinc, Pantenol",26.27
7799,Aqua Balm 233,Madura,"Ácido Láctico, Ácido Salicílico",138.05
7800,UltraSmooth 294,Grasa,"Retinol, Aceite de Jojoba",34.77
7801,NightCare 177,Todo tipo,"Zinc, Ácido Hialurónico, Extracto de Té Verde",5.5
7802,AgeDefy 165,Sensible,"Avena Coloidal, Ácido Salicílico, Aceite de Jojoba, Niacinamida",54.77
7803,NightCare 118,Sensible,"Ácido Hialurónico, Ácido Salicílico, Urea",112.68
7804,Daily Moist 225,Mixta,"Ácido Salicílico, Zinc, Agua Termal",56.33
7805,RegenX 261,Seca,"Ceramidas, Ácido Salicílico, Avena Coloidal, Retinol",131.0
7806,Aqua Balm 274,Mixta,"Urea, Retinol, Vitamina C",149.53
7807,DermaFix 278,Acneica,"Aceite de Jojoba, Pantenol, Glicerina, Peptidos",53.47
7808,NightCare 24,Todo tipo,"Avena Coloidal, Urea",146.53
7809,Daily Moist 125,Mixta,"Agua Termal, Avena Coloidal, Glicerina",54.43
7810,AgeDefy 157,Madura,"Niacinamida, Vitamina C",12.39
7811,AgeDefy 192,Normal,"Extracto de Té Verde, Glicerina, Ceramidas",189.35
7812,RegenX 128,Acneica,"Agua Termal, Aloe Vera",151.81
7813,BrightFix 73,Todo tipo,"Ácido Ferúlico, Ceramidas, Retinol, Urea",188.22
7814,CeraPlus 262,Sensible,"Ácido Láctico, Peptidos, Agua Termal, Retinol",10.92
7815,Hydra Boost 95,Grasa,"Ácido Ferúlico, Aloe Vera, Ácido Hialurónico",153.36
7816,Hydra Boost 111,Mixta,"Urea, Ácido Ferúlico",148.58
7817,Silky Touch 226,Mixta,"Ácido Ferúlico, Avena Coloidal, Aloe Vera",147.69
7818,OilControl 296,Seca,"Ácido Salicílico, Aloe Vera, Ácido Hialurónico",62.46
7819,Silky Touch 157,Grasa,"Extracto de Té Verde, Glicerina",136.78
7820,CeraPlus 292,Sensible,"Extracto de Té Verde, Ácido Hialurónico, Agua Termal, Ácido Salicílico",170.21
7821,NutriGlow 254,Grasa,"Ácido Hialurónico, Pantenol, Zinc, Retinol",92.98
7822,AgeDefy 255,Madura,"Niacinamida, Aloe Vera",156.22
7823,Silky Touch 121,Madura,"Vitamina C, Agua Termal",100.36
7824,RegenX 25,Mixta,"Ácido Ferúlico, Ácido Láctico",15.61
7825,Clear Skin 90,Todo tipo,"Avena Coloidal, Niacinamida, Glicerina",35.16
7826,Hydra Boost 46,Grasa,"Ácido Hialurónico, Avena Coloidal, Ácido Ferúlico, Vitamina C",165.69
7827,Clear Skin 299,Grasa,"Ceramidas, Aloe Vera, Ácido Hialurónico",188.04
7828,CeraPlus 88,Todo tipo,"Agua Termal, Pantenol",194.42
7829,Clear Skin 91,Seca,"Pantenol, Aceite de Jojoba, Ceramidas, Vitamina C",164.46
7830,Glow Serum 249,Mixta,"Agua Termal, Ácido Ferúlico, Ácido Hialurónico, Pantenol",27.18
7831,RegenX 173,Mixta,"Zinc, Extracto de Té Verde, Ácido Hialurónico, Avena Coloidal",104.56
7832,RegenX 239,Normal,"Ácido Hialurónico, Agua Termal",66.8
7833,Daily Moist 27,Madura,"Extracto de Té Verde, Zinc, Aloe Vera",129.46
7834,SunShield 99,Todo tipo,"Ácido Láctico, Pantenol",57.82
7835,UltraSmooth 4,Acneica,"Peptidos, Ceramidas",58.17
7836,Fresh Dew 136,Seca,"Avena Coloidal, Ácido Hialurónico, Retinol, Vitamina C",17.61
7837,Clear Skin 169,Todo tipo,"Ácido Hialurónico, Zinc, Aloe Vera",22.4
7838,AgeDefy 240,Acneica,"Aceite de Jojoba, Manteca de Karité",196.5
7839,AgeDefy 178,Seca,"Ácido Láctico, Retinol, Agua Termal",22.59
7840,NutriGlow 190,Grasa,"Aloe Vera, Ácido Ferúlico, Niacinamida, Zinc",94.29
7841,AcneFree 94,Todo tipo,"Niacinamida, Urea, Manteca de Karité, Glicerina",147.68
7842,Glow Serum 77,Normal,"Aloe Vera, Ácido Salicílico, Avena Coloidal",160.54
7843,SkinPure 224,Seca,"Pantenol, Manteca de Karité, Urea, Glicerina",179.13
7844,Radiant Day 132,Grasa,"Ácido Láctico, Avena Coloidal",139.42
7845,NightCare 291,Sensible,"Ácido Láctico, Vitamina C",99.07
7846,Radiant Day 234,Todo tipo,"Glicerina, Extracto de Té Verde, Ácido Salicílico, Vitamina C",127.12
7847,NightCare 267,Normal,"Extracto de Té Verde, Manteca de Karité, Vitamina C",146.42
7848,AgeDefy 251,Todo tipo,"Glicerina, Aloe Vera, Niacinamida",175.03
7849,Clear Skin 255,Todo tipo,"Ceramidas, Agua Termal",84.12
7850,Glow Serum 174,Seca,"Extracto de Té Verde, Vitamina C",134.43
7851,OilControl 24,Grasa,"Pantenol, Peptidos, Ácido Hialurónico",171.82
7852,NightCare 261,Mixta,"Agua Termal, Ceramidas, Ácido Hialurónico, Avena Coloidal",107.35
7853,NutriGlow 245,Normal,"Ácido Salicílico, Manteca de Karité, Ácido Láctico, Pantenol",97.49
7854,Glow Serum 159,Normal,"Aloe Vera, Retinol",192.05
7855,Silky Touch 152,Madura,"Peptidos, Glicerina, Retinol, Niacinamida",76.39
7856,Silky Touch 241,Mixta,"Peptidos, Glicerina, Pantenol, Ácido Hialurónico",46.2
7857,NightCare 200,Grasa,"Ácido Ferúlico, Ácido Salicílico, Aceite de Jojoba, Zinc",192.04
7858,Glow Serum 109,Normal,"Zinc, Aloe Vera, Ceramidas",179.93
7859,NightCare 221,Seca,"Ácido Ferúlico, Pantenol, Avena Coloidal",182.68
7860,Radiant Day 298,Normal,"Zinc, Aloe Vera",120.39
7861,Clear Skin 39,Mixta,"Ácido Hialurónico, Aceite de Jojoba",36.95
7862,Silky Touch 232,Madura,"Manteca de Karité, Niacinamida",154.97
7863,Silky Touch 193,Sensible,"Ácido Láctico, Avena Coloidal, Ácido Hialurónico, Glicerina",52.93
7864,Silky Touch 47,Mixta,"Aceite de Jojoba, Niacinamida, Pantenol, Ácido Hialurónico",15.94
7865,BrightFix 112,Seca,"Niacinamida, Ceramidas, Avena Coloidal, Agua Termal",61.17
7866,DermaFix 28,Sensible,"Ácido Ferúlico, Ácido Láctico, Avena Coloidal",194.52
7867,Glow Serum 166,Mixta,"Vitamina C, Aceite de Jojoba, Ácido Salicílico, Pantenol",34.44
7868,AcneFree 48,Acneica,"Ácido Láctico, Ceramidas",91.6
7869,Daily Moist 55,Grasa,"Manteca de Karité, Aceite de Jojoba",178.4
7870,CeraPlus 28,Acneica,"Agua Termal, Ácido Ferúlico, Niacinamida, Extracto de Té Verde",12.4
7871,DermaFix 86,Grasa,"Extracto de Té Verde, Pantenol, Aceite de Jojoba, Agua Termal",42.3
7872,AcneFree 266,Normal,"Ácido Láctico, Manteca de Karité, Urea, Ácido Salicílico",138.78
7873,Radiant Day 210,Grasa,"Urea, Ácido Ferúlico",196.61
7874,UltraSmooth 14,Todo tipo,"Ácido Salicílico, Vitamina C",180.23
7875,SkinPure 191,Grasa,"Niacinamida, Ácido Hialurónico, Agua Termal, Glicerina",88.1
7876,AgeDefy 130,Seca,"Ácido Salicílico, Pantenol",157.55
7877,NutriGlow 130,Madura,"Ceramidas, Manteca de Karité",120.79
7878,Fresh Dew 177,Acneica,"Agua Termal, Ácido Láctico",116.95
7879,Radiant Day 93,Sensible,"Ácido Salicílico, Pantenol, Peptidos, Niacinamida",136.16
7880,Hydra Boost 267,Normal,"Extracto de Té Verde, Agua Termal, Ácido Hialurónico, Ácido Ferúlico",152.87
7881,NutriGlow 12,Acneica,"Manteca de Karité, Niacinamida, Zinc, Pantenol",51.87
7882,Silky Touch 265,Sensible,"Ceramidas, Urea",49.65
7883,AcneFree 181,Madura,"Zinc, Retinol, Agua Termal, Aceite de Jojoba",149.7
7884,UltraSmooth 233,Sensible,"Ácido Ferúlico, Ácido Hialurónico",59.65
7885,SkinPure 242,Normal,"Niacinamida, Aceite de Jojoba",179.61
7886,SunShield 10,Seca,"Aceite de Jojoba, Zinc, Ceramidas",67.87
7887,UltraSmooth 39,Seca,"Extracto de Té Verde, Vitamina C",93.1
7888,CeraPlus 50,Grasa,"Ácido Salicílico, Urea",129.23
7889,Daily Moist 24,Todo tipo,"Retinol, Ácido Salicílico, Extracto de Té Verde",137.77
7890,Hydra Boost 296,Normal,"Aloe Vera, Ácido Hialurónico, Ácido Láctico, Retinol",167.62
7891,AcneFree 189,Seca,"Ácido Láctico, Ácido Ferúlico, Urea, Aceite de Jojoba",48.14
7892,Fresh Dew 298,Todo tipo,"Ácido Salicílico, Ceramidas",148.48
7893,Daily Moist 245,Seca,"Ácido Ferúlico, Avena Coloidal, Agua Termal",58.83
7894,Hydra Boost 26,Seca,"Urea, Ácido Hialurónico, Ácido Ferúlico",27.32
7895,Glow Serum 283,Normal,"Aceite de Jojoba, Ácido Láctico, Ácido Salicílico, Retinol",116.22
7896,NutriGlow 239,Mixta,"Avena Coloidal, Aceite de Jojoba, Ácido Láctico",99.08
7897,NutriGlow 48,Mixta,"Manteca de Karité, Agua Termal, Ácido Láctico",184.9
7898,Glow Serum 201,Mixta,"Avena Coloidal, Pantenol, Ácido Salicílico",76.64
7899,BrightFix 105,Sensible,"Vitamina C, Ceramidas, Agua Termal, Pantenol",7.71
7900,AcneFree 13,Sensible,"Vitamina C, Ácido Salicílico",71.08
7901,OilControl 194,Madura,"Retinol, Ácido Ferúlico, Aloe Vera",175.03
7902,Aqua Balm 41,Grasa,"Extracto de Té Verde, Manteca de Karité",191.1
7903,SkinPure 103,Seca,"Aloe Vera, Vitamina C, Agua Termal, Urea",86.82
7904,Radiant Day 177,Madura,"Zinc, Ácido Láctico, Ceramidas, Ácido Ferúlico",191.76
7905,AgeDefy 67,Mixta,"Ácido Hialurónico, Ácido Ferúlico, Avena Coloidal",140.88
7906,Daily Moist 147,Madura,"Ácido Salicílico, Zinc",9.33
7907,SunShield 211,Todo tipo,"Retinol, Ácido Hialurónico",124.11
7908,Hydra Boost 87,Seca,"Urea, Extracto de Té Verde, Ácido Láctico, Avena Coloidal",17.01
7909,Aqua Balm 97,Acneica,"Niacinamida, Ácido Salicílico, Vitamina C, Ácido Hialurónico",68.62
7910,BrightFix 234,Sensible,"Ceramidas, Glicerina, Manteca de Karité, Ácido Hialurónico",7.45
7911,RegenX 132,Sensible,"Ceramidas, Ácido Láctico",105.62
7912,Radiant Day 98,Acneica,"Extracto de Té Verde, Vitamina C, Ácido Salicílico",124.36
7913,BrightFix 223,Todo tipo,"Aloe Vera, Retinol, Avena Coloidal",42.02
7914,DermaFix 140,Madura,"Ácido Ferúlico, Zinc, Ácido Salicílico, Aceite de Jojoba",161.57
7915,Glow Serum 153,Grasa,"Ácido Hialurónico, Manteca de Karité, Ácido Ferúlico, Aceite de Jojoba",45.49
7916,AgeDefy 266,Madura,"Manteca de Karité, Zinc, Retinol",108.06
7917,UltraSmooth 161,Madura,"Ácido Láctico, Ácido Salicílico, Peptidos",151.54
7918,Daily Moist 133,Mixta,"Ácido Láctico, Niacinamida, Agua Termal, Aceite de Jojoba",184.47
7919,RegenX 22,Mixta,"Pantenol, Ácido Salicílico, Glicerina",160.28
7920,UltraSmooth 251,Madura,"Aceite de Jojoba, Ácido Salicílico, Agua Termal",88.41
7921,Glow Serum 82,Acneica,"Pantenol, Peptidos",38.38
7922,Glow Serum 119,Sensible,"Zinc, Ácido Hialurónico",55.42
7923,SunShield 264,Sensible,"Manteca de Karité, Peptidos",41.33
7924,AgeDefy 24,Mixta,"Ácido Salicílico, Ceramidas",112.18
7925,BrightFix 283,Grasa,"Ácido Salicílico, Vitamina C, Ácido Láctico",148.05
7926,AcneFree 122,Todo tipo,"Aloe Vera, Aceite de Jojoba, Ceramidas",198.81
7927,UltraSmooth 120,Todo tipo,"Agua Termal, Aloe Vera, Vitamina C",16.89
7928,AcneFree 162,Sensible,"Agua Termal, Extracto de Té Verde, Niacinamida",56.21
7929,Daily Moist 278,Todo tipo,"Agua Termal, Manteca de Karité, Peptidos",153.21
7930,CeraPlus 158,Seca,"Ácido Hialurónico, Pantenol, Ácido Ferúlico, Retinol",46.73
7931,Aqua Balm 36,Madura,"Agua Termal, Ácido Salicílico",131.27
7932,UltraSmooth 47,Todo tipo,"Retinol, Aloe Vera, Agua Termal, Pantenol",193.3
7933,Clear Skin 125,Grasa,"Ácido Ferúlico, Aloe Vera",162.64
7934,Glow Serum 279,Mixta,"Manteca de Karité, Zinc, Peptidos",84.04
7935,Clear Skin 249,Todo tipo,"Agua Termal, Ácido Salicílico",158.72
7936,Silky Touch 112,Normal,"Ácido Salicílico, Ácido Ferúlico, Zinc",114.78
7937,RegenX 256,Madura,"Zinc, Peptidos, Ceramidas",177.58
7938,Daily Moist 3,Seca,"Urea, Vitamina C, Niacinamida, Zinc",110.02
7939,NutriGlow 249,Madura,"Avena Coloidal, Peptidos, Niacinamida",175.39
7940,CeraPlus 136,Normal,"Ácido Ferúlico, Agua Termal",116.1
7941,Silky Touch 210,Madura,"Glicerina, Ácido Láctico, Agua Termal, Vitamina C",74.27
7942,RegenX 167,Normal,"Ácido Láctico, Ácido Salicílico",71.18
7943,RegenX 278,Acneica,"Zinc, Ácido Láctico, Aceite de Jojoba, Ácido Salicílico",28.57
7944,AcneFree 265,Seca,"Aloe Vera, Ácido Láctico",38.28
7945,Silky Touch 166,Mixta,"Aloe Vera, Glicerina, Pantenol, Peptidos",154.75
7946,Silky Touch 126,Seca,"Avena Coloidal, Ácido Ferúlico, Extracto de Té Verde",81.34
7947,BrightFix 143,Todo tipo,"Niacinamida, Ácido Salicílico, Manteca de Karité",32.27
7948,DermaFix 38,Todo tipo,"Vitamina C, Retinol, Niacinamida, Aceite de Jojoba",81.78
7949,Clear Skin 59,Seca,"Aceite de Jojoba, Peptidos, Manteca de Karité",119.79
7950,CeraPlus 62,Normal,"Zinc, Pantenol",97.96
7951,Hydra Boost 123,Todo tipo,"Ácido Ferúlico, Ácido Láctico",175.3
7952,SunShield 28,Mixta,"Agua Termal, Avena Coloidal, Extracto de Té Verde, Niacinamida",155.51
7953,SunShield 134,Sensible,"Urea, Aloe Vera",199.01
7954,Radiant Day 219,Todo tipo,"Niacinamida, Retinol, Ácido Salicílico, Ácido Láctico",75.99
7955,Clear Skin 171,Todo tipo,"Peptidos, Aloe Vera, Manteca de Karité",196.97
7956,Glow Serum 165,Madura,"Pantenol, Glicerina",32.74
7957,DermaFix 114,Acneica,"Avena Coloidal, Extracto de Té Verde, Retinol, Ácido Salicílico",138.76
7958,OilControl 44,Sensible,"Zinc, Extracto de Té Verde, Ácido Salicílico, Glicerina",84.31
7959,AgeDefy 121,Seca,"Ácido Láctico, Extracto de Té Verde, Peptidos, Manteca de Karité",76.86
7960,AcneFree 152,Sensible,"Urea, Vitamina C, Ácido Ferúlico, Ceramidas",82.72
7961,Fresh Dew 230,Todo tipo,"Peptidos, Pantenol, Extracto de Té Verde",59.46
7962,Glow Serum 191,Mixta,"Agua Termal, Manteca de Karité, Ácido Láctico",177.84
7963,UltraSmooth 123,Acneica,"Urea, Niacinamida",155.25
7964,AgeDefy 86,Sensible,"Urea, Avena Coloidal, Zinc",93.71
7965,SunShield 71,Acneica,"Aloe Vera, Ácido Salicílico, Extracto de Té Verde, Peptidos",58.82
7966,RegenX 175,Grasa,"Pantenol, Zinc",61.55
7967,NutriGlow 217,Sensible,"Manteca de Karité, Pantenol, Urea, Ácido Ferúlico",82.39
7968,BrightFix 223,Acneica,"Vitamina C, Agua Termal",153.75
7969,NutriGlow 223,Normal,"Ácido Ferúlico, Manteca de Karité, Zinc, Ceramidas",132.26
7970,Clear Skin 101,Seca,"Pantenol, Ácido Láctico, Zinc, Vitamina C",187.26
7971,BrightFix 252,Sensible,"Avena Coloidal, Ácido Láctico, Manteca de Karité, Aloe Vera",62.83
7972,UltraSmooth 295,Mixta,"Extracto de Té Verde, Ceramidas, Agua Termal, Retinol",145.0
7973,SkinPure 74,Seca,"Niacinamida, Vitamina C",5.68
7974,AcneFree 66,Seca,"Ácido Hialurónico, Avena Coloidal, Ácido Salicílico, Urea",150.06
7975,NightCare 271,Mixta,"Urea, Glicerina, Ácido Ferúlico",181.01
7976,DermaFix 185,Grasa,"Ácido Salicílico, Ácido Láctico, Niacinamida",54.24
7977,NightCare 50,Todo tipo,"Zinc, Retinol",167.05
7978,Radiant Day 204,Acneica,"Aceite de Jojoba, Peptidos, Extracto de Té Verde, Ácido Ferúlico",142.22
7979,Aqua Balm 133,Mixta,"Urea, Ceramidas, Ácido Salicílico, Retinol",73.3
7980,BrightFix 57,Seca,"Avena Coloidal, Ácido Láctico, Retinol, Ácido Salicílico",115.03
7981,AcneFree 263,Acneica,"Ácido Ferúlico, Niacinamida, Aceite de Jojoba, Ácido Salicílico",162.78
7982,Hydra Boost 235,Sensible,"Extracto de Té Verde, Vitamina C, Niacinamida",122.55
7983,UltraSmooth 17,Mixta,"Retinol, Ceramidas",62.09
7984,Daily Moist 237,Normal,"Niacinamida, Agua Termal",164.69
7985,NightCare 89,Grasa,"Peptidos, Manteca de Karité, Ácido Hialurónico, Vitamina C",177.45
7986,Glow Serum 38,Todo tipo,"Niacinamida, Vitamina C",192.39
7987,NutriGlow 16,Madura,"Peptidos, Urea",99.15
7988,Silky Touch 74,Normal,"Pantenol, Extracto de Té Verde",132.11
7989,Aqua Balm 52,Normal,"Peptidos, Avena Coloidal",38.89
7990,Fresh Dew 291,Todo tipo,"Urea, Extracto de Té Verde, Ácido Hialurónico",186.59
7991,OilControl 1,Todo tipo,"Glicerina, Peptidos",92.48
7992,UltraSmooth 72,Mixta,"Glicerina, Pantenol, Avena Coloidal, Retinol",147.44
7993,Hydra Boost 300,Mixta,"Urea, Avena Coloidal",109.91
7994,Fresh Dew 286,Mixta,"Retinol, Niacinamida, Ceramidas, Ácido Hialurónico",160.52
7995,UltraSmooth 294,Grasa,"Glicerina, Avena Coloidal",145.72
7996,Clear Skin 223,Sensible,"Glicerina, Extracto de Té Verde",94.03
7997,CeraPlus 210,Grasa,"Ceramidas, Avena Coloidal, Extracto de Té Verde",5.96
7998,AcneFree 73,Normal,"Retinol, Zinc",190.7
7999,Clear Skin 10,Acneica,"Urea, Agua Termal, Ácido Salicílico, Peptidos",119.17
8000,Glow Serum 281,Seca,"Ácido Láctico, Pantenol",122.26
8001,Radiant Day 216,Todo tipo,"Avena Coloidal, Agua Termal, Peptidos",134.4
8002,NutriGlow 252,Grasa,"Retinol, Ácido Láctico",8.04
8003,CeraPlus 243,Sensible,"Pantenol, Niacinamida, Extracto de Té Verde, Aceite de Jojoba",146.96
8004,UltraSmooth 255,Seca,"Aceite de Jojoba, Zinc",21.44
8005,Fresh Dew 226,Grasa,"Niacinamida, Ceramidas, Vitamina C, Retinol",50.41
8006,Hydra Boost 216,Grasa,"Aceite de Jojoba, Ceramidas",26.0
8007,NutriGlow 208,Seca,"Vitamina C, Glicerina",67.1
8008,AcneFree 24,Seca,"Retinol, Ácido Salicílico, Aloe Vera, Pantenol",153.02
8009,AcneFree 212,Sensible,"Avena Coloidal, Zinc, Pantenol",58.76
8010,BrightFix 276,Madura,"Ácido Hialurónico, Aceite de Jojoba",145.14
8011,SkinPure 209,Normal,"Aloe Vera, Zinc, Ácido Salicílico, Pantenol",150.35
8012,OilControl 133,Normal,"Peptidos, Ácido Salicílico, Niacinamida",67.61
8013,Glow Serum 140,Seca,"Extracto de Té Verde, Peptidos, Glicerina",178.4
8014,DermaFix 219,Todo tipo,"Manteca de Karité, Aceite de Jojoba",7.19
8015,NightCare 32,Mixta,"Niacinamida, Ácido Láctico, Agua Termal, Ácido Ferúlico",191.76
8016,CeraPlus 72,Seca,"Agua Termal, Peptidos, Aloe Vera",62.35
8017,AgeDefy 119,Mixta,"Aceite de Jojoba, Ácido Salicílico, Pantenol, Glicerina",160.05
8018,Hydra Boost 232,Acneica,"Agua Termal, Retinol",171.91
8019,Clear Skin 115,Seca,"Avena Coloidal, Ácido Hialurónico, Ceramidas, Retinol",138.23
8020,Fresh Dew 296,Grasa,"Ácido Salicílico, Ceramidas, Urea",147.21
8021,CeraPlus 84,Todo tipo,"Pantenol, Avena Coloidal",20.94
8022,Radiant Day 84,Seca,"Ácido Hialurónico, Retinol, Aloe Vera",30.65
8023,CeraPlus 174,Normal,"Niacinamida, Extracto de Té Verde, Avena Coloidal, Agua Termal",113.16
8024,BrightFix 55,Todo tipo,"Ácido Hialurónico, Pantenol, Glicerina, Retinol",124.48
8025,AgeDefy 34,Grasa,"Avena Coloidal, Ceramidas",28.4
8026,BrightFix 214,Mixta,"Peptidos, Urea",62.03
8027,Clear Skin 212,Mixta,"Manteca de Karité, Extracto de Té Verde, Ceramidas, Peptidos",197.14
8028,NutriGlow 154,Todo tipo,"Peptidos, Ceramidas, Retinol",13.75
8029,OilControl 32,Sensible,"Vitamina C, Zinc, Agua Termal",172.47
8030,BrightFix 280,Grasa,"Manteca de Karité, Retinol, Ácido Láctico, Extracto de Té Verde",61.9
8031,Aqua Balm 261,Acneica,"Zinc, Niacinamida",190.34
8032,DermaFix 111,Madura,"Zinc, Ácido Salicílico, Avena Coloidal",102.17
8033,Silky Touch 101,Madura,"Aloe Vera, Peptidos",43.34
8034,RegenX 169,Grasa,"Vitamina C, Urea, Ceramidas",97.11
8035,Clear Skin 161,Normal,"Ácido Salicílico, Agua Termal",34.56
8036,UltraSmooth 48,Mixta,"Zinc, Niacinamida, Avena Coloidal, Aceite de Jojoba",7.04
8037,Fresh Dew 129,Seca,"Ceramidas, Retinol",164.05
8038,SkinPure 55,Todo tipo,"Pantenol, Ácido Salicílico",153.42
8039,SunShield 176,Grasa,"Ácido Láctico, Urea",133.58
8040,BrightFix 63,Sensible,"Peptidos, Aloe Vera",172.86
8041,Aqua Balm 260,Mixta,"Agua Termal, Peptidos, Ácido Salicílico",47.31
8042,RegenX 24,Madura,"Manteca de Karité, Glicerina, Niacinamida, Peptidos",112.99
8043,Aqua Balm 107,Seca,"Ceramidas, Vitamina C",140.27
8044,Clear Skin 162,Grasa,"Urea, Niacinamida, Ácido Láctico",105.54
8045,RegenX 124,Sensible,"Ceramidas, Avena Coloidal",85.27
8046,Glow Serum 124,Mixta,"Zinc, Ceramidas, Vitamina C",35.71
8047,NutriGlow 181,Seca,"Agua Termal, Zinc, Urea, Ácido Hialurónico",84.87
8048,OilControl 61,Todo tipo,"Aceite de Jojoba, Urea, Retinol, Ácido Ferúlico",192.57
8049,BrightFix 87,Acneica,"Pantenol, Niacinamida, Retinol, Ácido Láctico",55.28
8050,Fresh Dew 274,Seca,"Ácido Láctico, Vitamina C, Aceite de Jojoba",8.11
8051,Aqua Balm 139,Mixta,"Ácido Ferúlico, Ceramidas",32.17
8052,Clear Skin 75,Grasa,"Ácido Hialurónico, Zinc, Ácido Ferúlico, Glicerina",178.81
8053,Glow Serum 44,Madura,"Aloe Vera, Extracto de Té Verde, Ácido Hialurónico, Niacinamida",144.83
8054,Clear Skin 126,Mixta,"Ácido Hialurónico, Niacinamida, Urea",20.5
8055,UltraSmooth 84,Sensible,"Ácido Hialurónico, Agua Termal, Ácido Salicílico, Zinc",166.66
8056,CeraPlus 210,Todo tipo,"Agua Termal, Retinol, Peptidos",89.98
8057,Glow Serum 198,Grasa,"Zinc, Urea, Niacinamida",142.23
8058,AcneFree 105,Seca,"Glicerina, Ácido Ferúlico",100.76
8059,SkinPure 217,Madura,"Pantenol, Urea, Retinol",50.56
8060,BrightFix 63,Seca,"Agua Termal, Retinol, Pantenol, Ácido Hialurónico",5.65
8061,Fresh Dew 236,Normal,"Aloe Vera, Retinol, Urea",192.55
8062,SkinPure 194,Grasa,"Glicerina, Ceramidas, Aloe Vera, Urea",17.06
8063,Daily Moist 110,Todo tipo,"Ácido Hialurónico, Zinc, Ácido Ferúlico",93.7
8064,Daily Moist 112,Normal,"Niacinamida, Ceramidas, Manteca de Karité, Urea",198.2
8065,Silky Touch 111,Normal,"Niacinamida, Agua Termal",197.88
8066,OilControl 172,Grasa,"Ácido Ferúlico, Zinc, Agua Termal, Extracto de Té Verde",103.18
8067,AcneFree 281,Todo tipo,"Aceite de Jojoba, Vitamina C, Glicerina, Ácido Láctico",125.83
8068,NutriGlow 129,Acneica,"Ácido Hialurónico, Zinc, Niacinamida",38.64
8069,AgeDefy 199,Todo tipo,"Zinc, Ácido Salicílico, Aceite de Jojoba, Peptidos",26.83
8070,SunShield 39,Grasa,"Ácido Ferúlico, Ácido Salicílico",149.97
8071,NutriGlow 222,Sensible,"Ácido Hialurónico, Avena Coloidal",92.46
8072,RegenX 118,Todo tipo,"Ácido Salicílico, Glicerina, Niacinamida",159.95
8073,SkinPure 146,Sensible,"Vitamina C, Pantenol, Glicerina",40.75
8074,CeraPlus 160,Seca,"Ceramidas, Retinol, Ácido Láctico, Zinc",157.4
8075,AgeDefy 21,Madura,"Ácido Salicílico, Niacinamida",34.53
8076,CeraPlus 62,Grasa,"Aceite de Jojoba, Aloe Vera, Agua Termal, Glicerina",41.85
8077,Silky Touch 149,Mixta,"Ceramidas, Agua Termal, Ácido Hialurónico",79.5
8078,SunShield 115,Sensible,"Peptidos, Aloe Vera",64.14
8079,Silky Touch 242,Seca,"Pantenol, Aloe Vera",54.26
8080,Radiant Day 84,Todo tipo,"Ceramidas, Ácido Hialurónico, Ácido Salicílico",154.23
8081,SkinPure 133,Sensible,"Niacinamida, Peptidos, Aceite de Jojoba, Vitamina C",165.78
8082,Silky Touch 52,Normal,"Zinc, Retinol",87.86
8083,RegenX 112,Seca,"Extracto de Té Verde, Urea, Ácido Hialurónico",21.35
8084,Hydra Boost 195,Madura,"Peptidos, Ácido Hialurónico",182.4
8085,SkinPure 157,Sensible,"Agua Termal, Urea",76.09
8086,Silky Touch 31,Seca,"Aloe Vera, Retinol",68.06
8087,SkinPure 231,Sensible,"Aloe Vera, Ácido Ferúlico, Ácido Salicílico",122.29
8088,NutriGlow 74,Grasa,"Ácido Láctico, Ácido Salicílico",17.33
8089,Clear Skin 205,Madura,"Peptidos, Retinol",76.21
8090,UltraSmooth 181,Acneica,"Ceramidas, Agua Termal, Aceite de Jojoba, Ácido Salicílico",184.73
8091,NightCare 230,Grasa,"Peptidos, Retinol",86.11
8092,Daily Moist 164,Normal,"Extracto de Té Verde, Ácido Hialurónico, Agua Termal",118.81
8093,Hydra Boost 75,Seca,"Extracto de Té Verde, Aceite de Jojoba, Pantenol, Urea",85.77
8094,OilControl 120,Madura,"Niacinamida, Zinc, Aceite de Jojoba, Ácido Ferúlico",61.91
8095,SkinPure 170,Normal,"Vitamina C, Ácido Hialurónico",104.54
8096,OilControl 24,Grasa,"Aceite de Jojoba, Ácido Hialurónico, Avena Coloidal, Aloe Vera",109.04
8097,OilControl 164,Grasa,"Ácido Ferúlico, Ceramidas, Avena Coloidal, Urea",193.79
8098,Clear Skin 240,Seca,"Ceramidas, Avena Coloidal",199.54
8099,SkinPure 205,Acneica,"Zinc, Ceramidas",126.09
8100,SkinPure 130,Acneica,"Glicerina, Peptidos, Ácido Láctico",112.46
8101,NightCare 262,Mixta,"Zinc, Glicerina",140.89
8102,Daily Moist 11,Todo tipo,"Glicerina, Vitamina C",168.27
8103,SkinPure 12,Acneica,"Ceramidas, Zinc, Vitamina C, Peptidos",195.03
8104,DermaFix 193,Sensible,"Peptidos, Avena Coloidal, Urea, Niacinamida",39.88
8105,SunShield 231,Seca,"Aceite de Jojoba, Agua Termal",84.02
8106,SkinPure 44,Todo tipo,"Extracto de Té Verde, Vitamina C, Niacinamida, Zinc",132.65
8107,Fresh Dew 46,Mixta,"Agua Termal, Ácido Salicílico",108.45
8108,OilControl 10,Grasa,"Ácido Láctico, Zinc",19.3
8109,Radiant Day 248,Seca,"Zinc, Niacinamida, Aceite de Jojoba, Avena Coloidal",35.36
8110,SunShield 202,Acneica,"Ceramidas, Zinc",151.63
8111,BrightFix 192,Seca,"Agua Termal, Ácido Ferúlico, Ácido Láctico",176.11
8112,Glow Serum 155,Sensible,"Pantenol, Niacinamida, Avena Coloidal, Zinc",56.96
8113,Hydra Boost 66,Grasa,"Pantenol, Niacinamida, Extracto de Té Verde",145.85
8114,Aqua Balm 100,Normal,"Agua Termal, Ácido Salicílico, Extracto de Té Verde, Urea",197.57
8115,Clear Skin 23,Acneica,"Glicerina, Vitamina C",102.8
8116,NutriGlow 56,Acneica,"Vitamina C, Peptidos, Ceramidas",116.55
8117,Hydra Boost 251,Mixta,"Ácido Salicílico, Ácido Hialurónico, Niacinamida, Aceite de Jojoba",33.98
8118,OilControl 118,Normal,"Retinol, Aloe Vera, Ácido Hialurónico",8.22
8119,SkinPure 119,Mixta,"Zinc, Pantenol, Avena Coloidal",35.09
8120,Clear Skin 1,Acneica,"Manteca de Karité, Ácido Láctico, Niacinamida",39.32
8121,RegenX 198,Grasa,"Niacinamida, Ácido Hialurónico, Pantenol",99.55
8122,SkinPure 177,Todo tipo,"Manteca de Karité, Glicerina, Ácido Hialurónico, Ácido Salicílico",116.89
8123,RegenX 113,Sensible,"Extracto de Té Verde, Zinc",186.84
8124,SkinPure 4,Seca,"Retinol, Niacinamida",75.53
8125,CeraPlus 284,Madura,"Niacinamida, Avena Coloidal, Manteca de Karité",139.62
8126,DermaFix 154,Mixta,"Pantenol, Extracto de Té Verde",102.02
8127,AgeDefy 64,Seca,"Ácido Láctico, Ceramidas",17.29
8128,CeraPlus 126,Todo tipo,"Ácido Salicílico, Vitamina C, Ácido Láctico, Aceite de Jojoba",42.21
8129,OilControl 193,Grasa,"Niacinamida, Extracto de Té Verde, Zinc, Ácido Ferúlico",12.95
8130,DermaFix 14,Madura,"Ácido Láctico, Vitamina C",7.89
8131,BrightFix 181,Sensible,"Zinc, Agua Termal",101.14
8132,Clear Skin 131,Acneica,"Glicerina, Aceite de Jojoba, Ceramidas",193.16
8133,Hydra Boost 253,Sensible,"Vitamina C, Avena Coloidal",102.84
8134,SunShield 134,Seca,"Aloe Vera, Ceramidas",144.15
8135,OilControl 92,Seca,"Ácido Ferúlico, Aloe Vera, Pantenol, Avena Coloidal",50.28
8136,Hydra Boost 118,Grasa,"Ácido Hialurónico, Retinol, Pantenol",160.79
8137,Aqua Balm 165,Seca,"Aceite de Jojoba, Ácido Hialurónico, Urea, Pantenol",40.4
8138,AcneFree 128,Madura,"Avena Coloidal, Aloe Vera, Peptidos, Manteca de Karité",100.33
8139,Clear Skin 100,Grasa,"Aceite de Jojoba, Niacinamida, Zinc, Peptidos",114.74
8140,AcneFree 55,Normal,"Extracto de Té Verde, Zinc, Ácido Láctico",52.99
8141,SkinPure 75,Grasa,"Peptidos, Niacinamida",34.21
8142,OilControl 103,Sensible,"Peptidos, Niacinamida",169.21
8143,Hydra Boost 105,Seca,"Aceite de Jojoba, Manteca de Karité",56.75
8144,Clear Skin 92,Grasa,"Ceramidas, Avena Coloidal, Agua Termal, Extracto de Té Verde",68.45
8145,AgeDefy 232,Seca,"Aloe Vera, Ácido Ferúlico, Avena Coloidal, Ácido Salicílico",179.38
8146,Aqua Balm 238,Mixta,"Aloe Vera, Glicerina, Aceite de Jojoba",136.21
8147,Glow Serum 84,Grasa,"Manteca de Karité, Aloe Vera",161.95
8148,OilControl 83,Acneica,"Manteca de Karité, Vitamina C, Ácido Láctico",57.61
8149,Glow Serum 103,Acneica,"Pantenol, Ácido Láctico, Retinol",107.32
8150,AcneFree 54,Seca,"Ácido Ferúlico, Ceramidas",43.59
8151,NightCare 69,Grasa,"Ácido Hialurónico, Pantenol",70.59
8152,SunShield 250,Seca,"Retinol, Aloe Vera",32.82
8153,SkinPure 293,Normal,"Ceramidas, Peptidos, Vitamina C, Ácido Salicílico",40.36
8154,SkinPure 208,Todo tipo,"Avena Coloidal, Glicerina",43.1
8155,Fresh Dew 35,Todo tipo,"Vitamina C, Manteca de Karité, Urea",44.2
8156,SkinPure 229,Madura,"Urea, Ácido Ferúlico",149.82
8157,Clear Skin 130,Sensible,"Extracto de Té Verde, Ácido Salicílico, Retinol",119.57
8158,AcneFree 97,Seca,"Zinc, Pantenol",138.93
8159,SunShield 270,Acneica,"Avena Coloidal, Ceramidas, Aloe Vera, Aceite de Jojoba",183.43
8160,Aqua Balm 12,Grasa,"Ácido Ferúlico, Ácido Láctico, Glicerina, Aceite de Jojoba",13.26
8161,NightCare 92,Madura,"Zinc, Agua Termal, Aloe Vera",95.86
8162,Hydra Boost 19,Acneica,"Pantenol, Ácido Hialurónico",77.2
8163,SunShield 93,Acneica,"Glicerina, Ácido Hialurónico",156.41
8164,Aqua Balm 98,Sensible,"Ácido Ferúlico, Zinc",160.48
8165,DermaFix 199,Normal,"Ácido Ferúlico, Aloe Vera, Retinol, Peptidos",177.12
8166,Glow Serum 207,Mixta,"Aceite de Jojoba, Aloe Vera",101.49
8167,CeraPlus 196,Normal,"Ácido Láctico, Pantenol, Manteca de Karité",176.0
8168,Aqua Balm 266,Sensible,"Aloe Vera, Niacinamida, Avena Coloidal",65.07
8169,AcneFree 154,Normal,"Vitamina C, Pantenol",198.7
8170,Radiant Day 196,Grasa,"Zinc, Ácido Láctico, Retinol, Vitamina C",102.31
8171,Daily Moist 218,Sensible,"Aceite de Jojoba, Zinc, Manteca de Karité",76.31
8172,BrightFix 234,Seca,"Ácido Láctico, Agua Termal, Peptidos, Aceite de Jojoba",173.56
8173,OilControl 198,Normal,"Vitamina C, Glicerina, Ácido Láctico",76.51
8174,OilControl 282,Normal,"Ácido Salicílico, Ácido Ferúlico, Peptidos",7.01
8175,Silky Touch 97,Acneica,"Zinc, Manteca de Karité, Ácido Láctico",89.11
8176,Silky Touch 141,Normal,"Aceite de Jojoba, Pantenol",145.89
8177,AgeDefy 245,Seca,"Ácido Ferúlico, Aloe Vera, Pantenol",92.56
8178,Daily Moist 136,Grasa,"Aloe Vera, Pantenol, Retinol",73.64
8179,DermaFix 131,Grasa,"Peptidos, Manteca de Karité",103.38
8180,Aqua Balm 48,Seca,"Aloe Vera, Pantenol, Ácido Ferúlico, Ácido Láctico",19.69
8181,SkinPure 165,Madura,"Ácido Ferúlico, Ácido Hialurónico",149.24
8182,NutriGlow 204,Seca,"Aceite de Jojoba, Retinol, Avena Coloidal",20.47
8183,NightCare 106,Acneica,"Glicerina, Ácido Ferúlico",36.1
8184,Clear Skin 185,Mixta,"Zinc, Manteca de Karité",181.39
8185,AcneFree 267,Acneica,"Avena Coloidal, Peptidos, Zinc",7.96
8186,NightCare 100,Normal,"Extracto de Té Verde, Ácido Salicílico, Aceite de Jojoba, Ácido Láctico",127.38
8187,Clear Skin 231,Sensible,"Aceite de Jojoba, Ácido Láctico, Retinol, Ácido Hialurónico",50.51
8188,BrightFix 193,Madura,"Glicerina, Ceramidas, Aceite de Jojoba",82.67
8189,AgeDefy 185,Acneica,"Zinc, Peptidos, Agua Termal",157.7
8190,Glow Serum 43,Grasa,"Pantenol, Ácido Hialurónico, Agua Termal",156.34
8191,Radiant Day 17,Seca,"Retinol, Urea, Glicerina, Avena Coloidal",104.44
8192,SunShield 12,Acneica,"Pantenol, Aceite de Jojoba, Retinol",182.41
8193,Silky Touch 227,Seca,"Aloe Vera, Pantenol",26.48
8194,SkinPure 239,Seca,"Extracto de Té Verde, Avena Coloidal, Retinol, Ácido Hialurónico",194.95
8195,UltraSmooth 112,Acneica,"Ácido Ferúlico, Ácido Láctico",125.23
8196,Aqua Balm 86,Sensible,"Ceramidas, Agua Termal",165.46
8197,SunShield 43,Grasa,"Extracto de Té Verde, Urea, Retinol, Zinc",121.12
8198,OilControl 126,Madura,"Glicerina, Extracto de Té Verde, Aloe Vera, Urea",122.7
8199,NutriGlow 106,Seca,"Ácido Hialurónico, Aceite de Jojoba, Zinc",7.98
8200,AgeDefy 219,Grasa,"Retinol, Pantenol",121.78
8201,AgeDefy 60,Madura,"Ácido Salicílico, Aloe Vera, Ácido Ferúlico, Manteca de Karité",170.37
8202,Daily Moist 44,Seca,"Ácido Ferúlico, Avena Coloidal, Glicerina",93.32
8203,SunShield 48,Seca,"Ácido Salicílico, Ceramidas",129.69
8204,DermaFix 28,Acneica,"Glicerina, Peptidos",174.16
8205,Clear Skin 126,Acneica,"Extracto de Té Verde, Avena Coloidal",53.77
8206,CeraPlus 127,Seca,"Peptidos, Aloe Vera, Avena Coloidal, Agua Termal",21.87
8207,Clear Skin 160,Normal,"Avena Coloidal, Peptidos, Aceite de Jojoba",26.73
8208,Daily Moist 198,Normal,"Ceramidas, Urea, Manteca de Karité",40.25
8209,Daily Moist 278,Mixta,"Ácido Ferúlico, Glicerina, Manteca de Karité, Vitamina C",118.2
8210,Silky Touch 295,Todo tipo,"Ácido Láctico, Manteca de Karité",175.25
8211,Radiant Day 225,Mixta,"Avena Coloidal, Zinc",71.92
8212,Clear Skin 136,Madura,"Ácido Ferúlico, Ácido Láctico",131.37
8213,Hydra Boost 113,Madura,"Ácido Láctico, Zinc",192.72
8214,UltraSmooth 130,Seca,"Zinc, Urea",133.15
8215,Hydra Boost 35,Acneica,"Aloe Vera, Aceite de Jojoba",162.62
8216,AgeDefy 66,Madura,"Ácido Hialurónico, Aloe Vera, Peptidos, Manteca de Karité",18.93
8217,Aqua Balm 165,Sensible,"Ácido Salicílico, Aceite de Jojoba, Ceramidas",199.4
8218,NutriGlow 278,Madura,"Glicerina, Ceramidas",178.61
8219,Radiant Day 244,Normal,"Ceramidas, Ácido Salicílico, Manteca de Karité",33.24
8220,Daily Moist 103,Normal,"Urea, Extracto de Té Verde",19.34
8221,SunShield 144,Seca,"Avena Coloidal, Aloe Vera",141.24
8222,Radiant Day 273,Sensible,"Ceramidas, Glicerina, Peptidos",183.43
8223,OilControl 146,Acneica,"Ácido Láctico, Ácido Hialurónico, Ceramidas, Peptidos",62.14
8224,BrightFix 297,Grasa,"Urea, Aceite de Jojoba, Pantenol",176.16
8225,NightCare 57,Acneica,"Extracto de Té Verde, Aceite de Jojoba, Agua Termal, Ácido Ferúlico",140.77
8226,CeraPlus 214,Madura,"Zinc, Pantenol, Urea",61.24
8227,RegenX 74,Mixta,"Ceramidas, Avena Coloidal, Ácido Hialurónico",134.63
8228,Aqua Balm 86,Grasa,"Ceramidas, Avena Coloidal, Ácido Salicílico, Aloe Vera",111.09
8229,SunShield 280,Madura,"Agua Termal, Ácido Ferúlico, Urea, Avena Coloidal",84.11
8230,BrightFix 250,Grasa,"Vitamina C, Pantenol, Agua Termal, Extracto de Té Verde",45.35
8231,Hydra Boost 161,Madura,"Aceite de Jojoba, Vitamina C",82.66
8232,AgeDefy 292,Normal,"Aloe Vera, Retinol, Avena Coloidal",15.34
8233,Glow Serum 92,Normal,"Niacinamida, Ácido Hialurónico",125.27
8234,AcneFree 200,Acneica,"Retinol, Ácido Salicílico, Glicerina, Pantenol",132.85
8235,AgeDefy 197,Normal,"Ácido Láctico, Urea",90.21
8236,SunShield 92,Acneica,"Avena Coloidal, Ceramidas, Extracto de Té Verde",107.76
8237,Aqua Balm 4,Acneica,"Avena Coloidal, Ácido Ferúlico",30.26
8238,Hydra Boost 191,Mixta,"Ácido Salicílico, Ceramidas, Extracto de Té Verde",33.2
8239,Glow Serum 66,Acneica,"Peptidos, Ácido Hialurónico",136.63
8240,Aqua Balm 148,Normal,"Ácido Ferúlico, Vitamina C",68.81
8241,Fresh Dew 232,Acneica,"Urea, Vitamina C",168.09
8242,DermaFix 30,Todo tipo,"Ceramidas, Manteca de Karité",133.21
8243,Silky Touch 25,Madura,"Urea, Niacinamida",160.0
8244,OilControl 164,Mixta,"Peptidos, Aceite de Jojoba, Ácido Hialurónico, Zinc",168.85
8245,SkinPure 136,Mixta,"Glicerina, Extracto de Té Verde, Aceite de Jojoba, Ceramidas",12.0
8246,NutriGlow 68,Todo tipo,"Glicerina, Extracto de Té Verde",111.09
8247,OilControl 228,Mixta,"Agua Termal, Urea",35.6
8248,Daily Moist 247,Madura,"Agua Termal, Ácido Salicílico",114.29
8249,SunShield 135,Mixta,"Manteca de Karité, Avena Coloidal",140.55
8250,Glow Serum 278,Todo tipo,"Peptidos, Ácido Láctico",29.19
8251,NutriGlow 189,Sensible,"Niacinamida, Zinc",22.27
8252,OilControl 176,Normal,"Avena Coloidal, Glicerina, Pantenol, Aceite de Jojoba",78.68
8253,SkinPure 281,Normal,"Ácido Ferúlico, Urea, Ceramidas",131.03
8254,AgeDefy 18,Sensible,"Aceite de Jojoba, Glicerina, Zinc, Ceramidas",165.33
8255,NutriGlow 148,Normal,"Urea, Extracto de Té Verde",70.59
8256,Daily Moist 255,Acneica,"Glicerina, Pantenol, Urea, Peptidos",73.93
8257,Glow Serum 288,Todo tipo,"Niacinamida, Avena Coloidal, Pantenol, Glicerina",120.88
8258,OilControl 146,Todo tipo,"Manteca de Karité, Vitamina C, Aceite de Jojoba, Niacinamida",195.53
8259,Glow Serum 9,Grasa,"Ácido Salicílico, Ceramidas, Niacinamida, Aceite de Jojoba",199.26
8260,SkinPure 29,Seca,"Aloe Vera, Aceite de Jojoba, Ceramidas, Retinol",123.21
8261,Glow Serum 239,Acneica,"Avena Coloidal, Agua Termal, Ácido Salicílico, Glicerina",117.12
8262,DermaFix 262,Normal,"Ácido Ferúlico, Urea",69.25
8263,Radiant Day 254,Madura,"Manteca de Karité, Retinol, Ácido Hialurónico, Urea",19.3
8264,NutriGlow 38,Seca,"Avena Coloidal, Zinc, Peptidos",18.46
8265,AgeDefy 223,Seca,"Glicerina, Ácido Láctico, Retinol, Ácido Ferúlico",153.69
8266,BrightFix 153,Madura,"Ácido Láctico, Urea, Agua Termal",154.13
8267,SunShield 34,Acneica,"Agua Termal, Vitamina C",106.95
8268,SkinPure 146,Acneica,"Avena Coloidal, Aloe Vera",88.54
8269,Aqua Balm 263,Grasa,"Peptidos, Urea, Manteca de Karité, Vitamina C",99.36
8270,CeraPlus 57,Sensible,"Pantenol, Retinol, Ácido Salicílico, Vitamina C",58.9
8271,SkinPure 187,Todo tipo,"Extracto de Té Verde, Ácido Hialurónico, Ácido Láctico",183.36
8272,AcneFree 166,Todo tipo,"Ácido Ferúlico, Niacinamida",40.89
8273,SunShield 280,Todo tipo,"Agua Termal, Ceramidas",55.29
8274,NightCare 185,Grasa,"Aloe Vera, Manteca de Karité, Peptidos",17.39
8275,Clear Skin 30,Grasa,"Aceite de Jojoba, Extracto de Té Verde, Glicerina, Pantenol",32.99
8276,Glow Serum 259,Grasa,"Ácido Hialurónico, Ácido Láctico, Avena Coloidal, Manteca de Karité",14.2
8277,CeraPlus 203,Mixta,"Glicerina, Aceite de Jojoba",8.3
8278,Hydra Boost 41,Sensible,"Vitamina C, Extracto de Té Verde",124.04
8279,CeraPlus 53,Acneica,"Ácido Salicílico, Zinc",185.2
8280,DermaFix 68,Acneica,"Aceite de Jojoba, Agua Termal, Ceramidas, Extracto de Té Verde",94.22
8281,Daily Moist 262,Todo tipo,"Aloe Vera, Urea, Agua Termal",48.87
8282,RegenX 179,Madura,"Agua Termal, Retinol",116.93
8283,Radiant Day 275,Normal,"Urea, Retinol",130.6
8284,Glow Serum 230,Seca,"Extracto de Té Verde, Retinol",95.33
8285,Daily Moist 246,Seca,"Extracto de Té Verde, Aceite de Jojoba, Ácido Salicílico",142.0
8286,Clear Skin 177,Mixta,"Niacinamida, Glicerina, Ácido Salicílico, Urea",159.5
8287,Radiant Day 248,Grasa,"Ácido Ferúlico, Peptidos, Agua Termal, Aloe Vera",20.61
8288,Clear Skin 141,Grasa,"Ácido Láctico, Urea",70.67
8289,Silky Touch 268,Sensible,"Ácido Láctico, Retinol, Glicerina",80.94
8290,RegenX 244,Grasa,"Vitamina C, Urea",116.94
8291,Glow Serum 104,Grasa,"Retinol, Aloe Vera, Agua Termal, Niacinamida",172.74
8292,Aqua Balm 229,Grasa,"Aloe Vera, Peptidos, Avena Coloidal",116.07
8293,UltraSmooth 212,Sensible,"Ácido Ferúlico, Aloe Vera, Glicerina, Ceramidas",93.29
8294,OilControl 201,Normal,"Manteca de Karité, Ácido Ferúlico, Extracto de Té Verde",179.92
8295,OilControl 37,Normal,"Vitamina C, Zinc",12.31
8296,CeraPlus 167,Acneica,"Agua Termal, Glicerina",100.24
8297,Aqua Balm 270,Acneica,"Aloe Vera, Glicerina, Aceite de Jojoba",64.02
8298,BrightFix 139,Acneica,"Peptidos, Niacinamida",171.64
8299,NightCare 39,Todo tipo,"Manteca de Karité, Aloe Vera, Niacinamida, Pantenol",56.92
8300,SkinPure 200,Madura,"Zinc, Retinol",80.19
8301,Clear Skin 212,Todo tipo,"Avena Coloidal, Aloe Vera, Vitamina C, Extracto de Té Verde",61.91
8302,AcneFree 256,Madura,"Avena Coloidal, Zinc, Ácido Hialurónico",105.68
8303,SkinPure 76,Sensible,"Ácido Hialurónico, Vitamina C, Urea",145.08
8304,Clear Skin 136,Grasa,"Glicerina, Ácido Ferúlico, Ácido Salicílico",115.47
8305,Fresh Dew 294,Mixta,"Manteca de Karité, Extracto de Té Verde, Vitamina C, Ácido Láctico",162.47
8306,UltraSmooth 229,Todo tipo,"Niacinamida, Retinol, Urea, Ácido Ferúlico",36.92
8307,BrightFix 137,Todo tipo,"Peptidos, Ácido Salicílico, Pantenol",60.05
8308,CeraPlus 206,Normal,"Aceite de Jojoba, Peptidos, Avena Coloidal",114.44
8309,AgeDefy 75,Todo tipo,"Ácido Hialurónico, Urea",55.08
8310,SunShield 84,Normal,"Peptidos, Agua Termal",158.86
8311,UltraSmooth 237,Sensible,"Niacinamida, Retinol, Zinc, Avena Coloidal",76.13
8312,NightCare 149,Mixta,"Retinol, Zinc, Ácido Láctico, Manteca de Karité",58.66
8313,OilControl 284,Mixta,"Manteca de Karité, Ácido Hialurónico, Agua Termal",138.67
8314,Silky Touch 254,Normal,"Aceite de Jojoba, Avena Coloidal",137.14
8315,Silky Touch 179,Seca,"Ácido Láctico, Agua Termal, Avena Coloidal",81.32
8316,DermaFix 193,Normal,"Glicerina, Aloe Vera",198.75
8317,Aqua Balm 286,Normal,"Niacinamida, Retinol, Ácido Hialurónico",146.7
8318,NutriGlow 36,Mixta,"Zinc, Aceite de Jojoba, Vitamina C",41.7
8319,CeraPlus 50,Mixta,"Ácido Láctico, Zinc, Ácido Hialurónico, Glicerina",127.45
8320,SunShield 178,Mixta,"Pantenol, Vitamina C",25.66
8321,NightCare 5,Normal,"Peptidos, Vitamina C",108.35
8322,SkinPure 185,Mixta,"Agua Termal, Aloe Vera",152.59
8323,AcneFree 22,Acneica,"Ceramidas, Zinc, Avena Coloidal",97.59
8324,NutriGlow 234,Grasa,"Retinol, Ácido Salicílico, Ceramidas, Zinc",92.42
8325,CeraPlus 219,Mixta,"Peptidos, Zinc, Aloe Vera, Pantenol",33.17
8326,Clear Skin 185,Sensible,"Ácido Ferúlico, Agua Termal",22.14
8327,NightCare 105,Todo tipo,"Urea, Avena Coloidal",95.5
8328,SunShield 146,Normal,"Ácido Láctico, Niacinamida",100.88
8329,RegenX 249,Seca,"Retinol, Ácido Hialurónico, Niacinamida, Ceramidas",93.37
8330,Hydra Boost 181,Todo tipo,"Agua Termal, Aloe Vera, Zinc",10.25
8331,DermaFix 1,Grasa,"Zinc, Vitamina C, Ácido Láctico, Peptidos",130.92
8332,SkinPure 23,Acneica,"Avena Coloidal, Ácido Salicílico",126.46
8333,Glow Serum 148,Mixta,"Ácido Salicílico, Zinc",89.91
8334,Glow Serum 171,Madura,"Zinc, Aloe Vera, Ácido Láctico, Avena Coloidal",91.68
8335,Aqua Balm 82,Normal,"Avena Coloidal, Zinc, Peptidos, Extracto de Té Verde",86.01
8336,NutriGlow 278,Todo tipo,"Extracto de Té Verde, Ácido Láctico",146.66
8337,SunShield 147,Seca,"Glicerina, Zinc, Pantenol, Extracto de Té Verde",92.49
8338,BrightFix 1,Grasa,"Retinol, Ácido Salicílico, Niacinamida, Glicerina",46.9
8339,SunShield 227,Todo tipo,"Aceite de Jojoba, Ácido Láctico",80.6
8340,Radiant Day 166,Seca,"Retinol, Glicerina, Ácido Láctico, Ceramidas",48.97
8341,NutriGlow 10,Sensible,"Niacinamida, Extracto de Té Verde, Ácido Salicílico",120.39
8342,BrightFix 226,Normal,"Pantenol, Urea, Manteca de Karité, Aloe Vera",58.63
8343,OilControl 133,Sensible,"Ceramidas, Retinol, Aloe Vera, Niacinamida",92.57
8344,SunShield 49,Mixta,"Glicerina, Ácido Hialurónico",191.54
8345,NutriGlow 74,Acneica,"Aceite de Jojoba, Ácido Salicílico, Ácido Hialurónico",166.01
8346,RegenX 54,Grasa,"Ácido Láctico, Ceramidas, Ácido Hialurónico",171.51
8347,Glow Serum 214,Grasa,"Pantenol, Ceramidas, Ácido Láctico, Zinc",170.03
8348,AgeDefy 54,Grasa,"Aceite de Jojoba, Ácido Hialurónico, Aloe Vera",115.91
8349,NightCare 24,Seca,"Pantenol, Niacinamida",109.97
8350,Silky Touch 279,Sensible,"Ceramidas, Niacinamida",32.5
8351,Glow Serum 47,Grasa,"Aloe Vera, Ácido Ferúlico, Peptidos, Glicerina",172.78
8352,AcneFree 106,Acneica,"Peptidos, Avena Coloidal, Ácido Ferúlico",198.4
8353,SunShield 182,Seca,"Peptidos, Niacinamida, Extracto de Té Verde, Ácido Láctico",136.05
8354,AgeDefy 198,Acneica,"Manteca de Karité, Ceramidas, Pantenol",91.34
8355,OilControl 13,Grasa,"Glicerina, Avena Coloidal, Pantenol, Retinol",16.36
8356,Fresh Dew 187,Mixta,"Manteca de Karité, Agua Termal, Ceramidas, Aloe Vera",143.86
8357,Daily Moist 116,Mixta,"Ceramidas, Peptidos, Agua Termal, Ácido Láctico",97.34
8358,Silky Touch 251,Mixta,"Agua Termal, Vitamina C",116.78
8359,CeraPlus 232,Grasa,"Ceramidas, Manteca de Karité",90.02
8360,RegenX 113,Seca,"Agua Termal, Extracto de Té Verde",172.77
8361,NutriGlow 109,Seca,"Urea, Agua Termal, Peptidos",128.93
8362,SkinPure 26,Acneica,"Zinc, Ceramidas, Pantenol",148.87
8363,OilControl 138,Mixta,"Agua Termal, Pantenol",105.53
8364,Aqua Balm 154,Normal,"Vitamina C, Ceramidas",27.97
8365,Aqua Balm 64,Todo tipo,"Vitamina C, Avena Coloidal, Niacinamida",36.38
8366,AcneFree 275,Madura,"Niacinamida, Manteca de Karité, Pantenol",101.61
8367,Fresh Dew 99,Sensible,"Ácido Ferúlico, Pantenol, Retinol, Zinc",37.26
8368,OilControl 87,Mixta,"Vitamina C, Ácido Hialurónico, Retinol, Ácido Salicílico",8.35
8369,NightCare 110,Grasa,"Agua Termal, Ácido Ferúlico",173.21
8370,Glow Serum 43,Todo tipo,"Manteca de Karité, Avena Coloidal, Urea",32.7
8371,UltraSmooth 150,Mixta,"Peptidos, Vitamina C, Ceramidas, Urea",153.58
8372,SunShield 93,Madura,"Vitamina C, Ácido Salicílico, Zinc, Agua Termal",7.15
8373,Hydra Boost 100,Seca,"Urea, Aceite de Jojoba, Peptidos",143.78
8374,SunShield 222,Acneica,"Agua Termal, Pantenol, Manteca de Karité",99.46
8375,Aqua Balm 222,Todo tipo,"Pantenol, Vitamina C, Ácido Salicílico, Glicerina",153.35
8376,OilControl 252,Seca,"Peptidos, Ácido Salicílico, Glicerina, Zinc",10.51
8377,Fresh Dew 11,Seca,"Vitamina C, Aceite de Jojoba, Agua Termal",32.28
8378,AcneFree 257,Mixta,"Ácido Ferúlico, Ceramidas",166.01
8379,Glow Serum 289,Seca,"Retinol, Extracto de Té Verde, Aloe Vera, Manteca de Karité",192.73
8380,Glow Serum 151,Grasa,"Ácido Ferúlico, Extracto de Té Verde, Aceite de Jojoba",14.81
8381,Fresh Dew 93,Sensible,"Zinc, Agua Termal",119.71
8382,OilControl 100,Sensible,"Ácido Láctico, Zinc, Peptidos, Avena Coloidal",142.96
8383,NightCare 122,Normal,"Retinol, Ceramidas, Pantenol",96.63
8384,Hydra Boost 251,Mixta,"Aloe Vera, Ácido Hialurónico",183.05
8385,Daily Moist 48,Normal,"Retinol, Ceramidas, Avena Coloidal, Manteca de Karité",15.57
8386,SunShield 111,Mixta,"Zinc, Glicerina",40.02
8387,Daily Moist 183,Mixta,"Glicerina, Ácido Salicílico, Vitamina C",168.86
8388,BrightFix 202,Madura,"Ácido Hialurónico, Glicerina, Aloe Vera, Retinol",75.7
8389,Clear Skin 86,Madura,"Niacinamida, Manteca de Karité, Retinol",149.78
8390,AgeDefy 240,Seca,"Ácido Ferúlico, Manteca de Karité, Niacinamida",108.21
8391,SkinPure 108,Todo tipo,"Ácido Ferúlico, Ácido Hialurónico, Retinol",186.39
8392,Daily Moist 225,Normal,"Vitamina C, Manteca de Karité, Ácido Ferúlico, Extracto de Té Verde",92.68
8393,Hydra Boost 259,Normal,"Glicerina, Agua Termal",153.03
8394,Fresh Dew 127,Acneica,"Ácido Ferúlico, Manteca de Karité, Ácido Láctico, Ácido Hialurónico",112.28
8395,CeraPlus 255,Sensible,"Manteca de Karité, Ácido Láctico, Pantenol, Avena Coloidal",182.91
8396,RegenX 172,Acneica,"Ácido Ferúlico, Agua Termal, Glicerina, Ácido Láctico",137.46
8397,Aqua Balm 169,Mixta,"Pantenol, Ácido Láctico, Zinc",103.79
8398,Hydra Boost 238,Seca,"Avena Coloidal, Ácido Láctico",104.99
8399,Clear Skin 211,Normal,"Ácido Salicílico, Glicerina, Agua Termal, Pantenol",191.72
8400,SunShield 107,Acneica,"Ácido Láctico, Pantenol, Agua Termal, Retinol",102.78
8401,NightCare 172,Grasa,"Ácido Láctico, Ácido Salicílico, Agua Termal, Peptidos",108.79
8402,SunShield 109,Grasa,"Ácido Ferúlico, Aceite de Jojoba, Ácido Salicílico, Vitamina C",198.2
8403,NightCare 240,Normal,"Ácido Ferúlico, Vitamina C",70.71
8404,CeraPlus 183,Mixta,"Niacinamida, Ácido Salicílico, Agua Termal, Ácido Hialurónico",103.08
8405,Hydra Boost 118,Acneica,"Manteca de Karité, Aceite de Jojoba",179.99
8406,Clear Skin 194,Madura,"Avena Coloidal, Retinol, Niacinamida, Aceite de Jojoba",25.57
8407,BrightFix 191,Acneica,"Ceramidas, Pantenol, Glicerina",45.04
8408,Radiant Day 188,Mixta,"Aceite de Jojoba, Ácido Ferúlico",105.53
8409,BrightFix 47,Sensible,"Avena Coloidal, Ácido Salicílico, Urea",130.24
8410,DermaFix 179,Todo tipo,"Urea, Aloe Vera, Ácido Hialurónico, Aceite de Jojoba",183.48
8411,DermaFix 58,Sensible,"Avena Coloidal, Retinol",23.56
8412,Clear Skin 104,Seca,"Glicerina, Vitamina C, Ácido Hialurónico, Manteca de Karité",138.12
8413,Glow Serum 260,Acneica,"Ácido Salicílico, Agua Termal",30.1
8414,Silky Touch 214,Madura,"Ácido Hialurónico, Urea, Vitamina C, Ácido Salicílico",151.38
8415,SkinPure 75,Sensible,"Urea, Ácido Salicílico, Extracto de Té Verde, Aceite de Jojoba",87.6
8416,AcneFree 253,Grasa,"Glicerina, Peptidos, Aceite de Jojoba",185.21
8417,Fresh Dew 89,Mixta,"Ácido Salicílico, Glicerina, Avena Coloidal",100.41
8418,Hydra Boost 154,Normal,"Aceite de Jojoba, Agua Termal, Vitamina C",35.8
8419,Glow Serum 267,Mixta,"Ácido Láctico, Zinc",162.94
8420,Aqua Balm 112,Madura,"Aloe Vera, Urea, Retinol",20.46
8421,SunShield 36,Todo tipo,"Agua Termal, Niacinamida",169.73
8422,BrightFix 221,Todo tipo,"Retinol, Ácido Salicílico, Zinc, Ácido Hialurónico",54.92
8423,Glow Serum 70,Acneica,"Aloe Vera, Agua Termal, Ceramidas",27.97
8424,DermaFix 143,Seca,"Aloe Vera, Vitamina C, Ceramidas",156.9
8425,RegenX 53,Sensible,"Urea, Vitamina C, Glicerina, Peptidos",56.62
8426,Radiant Day 280,Acneica,"Glicerina, Ácido Láctico",118.2
8427,Fresh Dew 262,Mixta,"Ceramidas, Niacinamida, Pantenol, Avena Coloidal",24.55
8428,OilControl 293,Sensible,"Ácido Hialurónico, Niacinamida",87.89
8429,Clear Skin 188,Todo tipo,"Glicerina, Vitamina C, Ácido Hialurónico, Agua Termal",28.07
8430,Radiant Day 10,Acneica,"Ácido Ferúlico, Ácido Salicílico",177.99
8431,AgeDefy 9,Grasa,"Manteca de Karité, Glicerina, Aloe Vera, Aceite de Jojoba",11.22
8432,AgeDefy 213,Madura,"Ácido Ferúlico, Retinol, Vitamina C",186.56
8433,CeraPlus 250,Grasa,"Glicerina, Avena Coloidal, Aceite de Jojoba",25.26
8434,Aqua Balm 39,Normal,"Ácido Láctico, Ácido Salicílico, Manteca de Karité, Ceramidas",87.99
8435,RegenX 74,Normal,"Glicerina, Ácido Láctico, Manteca de Karité",87.63
8436,NutriGlow 83,Mixta,"Avena Coloidal, Niacinamida, Extracto de Té Verde, Ácido Ferúlico",77.53
8437,Glow Serum 171,Seca,"Urea, Ácido Láctico",113.66
8438,SunShield 197,Normal,"Ácido Ferúlico, Niacinamida, Zinc, Ácido Hialurónico",131.16
8439,Fresh Dew 148,Seca,"Extracto de Té Verde, Zinc, Retinol",27.16
8440,DermaFix 280,Grasa,"Extracto de Té Verde, Glicerina",167.17
8441,Clear Skin 34,Normal,"Glicerina, Pantenol",97.72
8442,UltraSmooth 122,Mixta,"Niacinamida, Vitamina C",48.75
8443,Clear Skin 113,Madura,"Retinol, Vitamina C, Manteca de Karité, Ácido Hialurónico",19.2
8444,OilControl 68,Seca,"Urea, Ácido Hialurónico, Vitamina C",162.17
8445,Radiant Day 158,Seca,"Ácido Ferúlico, Niacinamida",150.19
8446,RegenX 73,Acneica,"Ceramidas, Ácido Salicílico, Zinc, Manteca de Karité",97.35
8447,AcneFree 39,Madura,"Manteca de Karité, Ceramidas",153.57
8448,Silky Touch 49,Sensible,"Peptidos, Aceite de Jojoba, Ácido Ferúlico, Retinol",53.86
8449,DermaFix 194,Grasa,"Ácido Hialurónico, Aceite de Jojoba, Ácido Láctico, Agua Termal",187.12
8450,Fresh Dew 279,Madura,"Agua Termal, Ácido Ferúlico, Avena Coloidal, Glicerina",26.53
8451,Clear Skin 58,Acneica,"Manteca de Karité, Ácido Hialurónico, Vitamina C",118.32
8452,CeraPlus 36,Grasa,"Ceramidas, Ácido Láctico",115.05
8453,AcneFree 243,Acneica,"Vitamina C, Ceramidas, Retinol, Ácido Salicílico",83.42
8454,Silky Touch 50,Seca,"Extracto de Té Verde, Peptidos, Ácido Hialurónico, Pantenol",164.37
8455,SunShield 272,Mixta,"Glicerina, Manteca de Karité",157.67
8456,Fresh Dew 139,Normal,"Zinc, Avena Coloidal, Urea, Ácido Láctico",141.73
8457,NutriGlow 129,Madura,"Peptidos, Pantenol",149.83
8458,Daily Moist 183,Seca,"Aloe Vera, Ácido Salicílico, Aceite de Jojoba",14.64
8459,UltraSmooth 194,Todo tipo,"Ácido Hialurónico, Urea, Zinc",143.27
8460,SunShield 141,Grasa,"Aloe Vera, Agua Termal",52.6
8461,BrightFix 152,Todo tipo,"Aloe Vera, Pantenol",177.88
8462,UltraSmooth 224,Acneica,"Extracto de Té Verde, Avena Coloidal",141.23
8463,Clear Skin 253,Grasa,"Niacinamida, Peptidos, Manteca de Karité, Avena Coloidal",139.99
8464,Daily Moist 219,Grasa,"Peptidos, Manteca de Karité",144.26
8465,NutriGlow 73,Sensible,"Ácido Hialurónico, Pantenol",183.03
8466,UltraSmooth 81,Seca,"Glicerina, Ácido Salicílico, Pantenol, Ácido Láctico",151.92
8467,RegenX 163,Seca,"Manteca de Karité, Aceite de Jojoba",104.08
8468,AcneFree 4,Sensible,"Vitamina C, Aloe Vera, Agua Termal",5.95
8469,SunShield 116,Normal,"Avena Coloidal, Agua Termal, Aceite de Jojoba, Ceramidas",84.9
8470,Aqua Balm 101,Normal,"Peptidos, Ácido Hialurónico, Avena Coloidal",183.82
8471,SkinPure 258,Grasa,"Vitamina C, Zinc",76.02
8472,NutriGlow 131,Mixta,"Ceramidas, Niacinamida",88.3
8473,Silky Touch 243,Todo tipo,"Ceramidas, Retinol, Vitamina C, Extracto de Té Verde",72.04
8474,BrightFix 212,Mixta,"Aceite de Jojoba, Manteca de Karité",34.48
8475,Daily Moist 74,Madura,"Manteca de Karité, Pantenol, Ácido Hialurónico, Glicerina",58.13
8476,NutriGlow 96,Madura,"Glicerina, Vitamina C",12.57
8477,Clear Skin 14,Seca,"Ácido Ferúlico, Avena Coloidal, Ceramidas, Agua Termal",191.91
8478,CeraPlus 143,Normal,"Ácido Salicílico, Pantenol",142.91
8479,Hydra Boost 178,Madura,"Zinc, Manteca de Karité",47.9
8480,Daily Moist 209,Sensible,"Ácido Hialurónico, Pantenol, Extracto de Té Verde",11.99
8481,NutriGlow 148,Madura,"Manteca de Karité, Vitamina C, Retinol",125.1
8482,DermaFix 119,Normal,"Ácido Ferúlico, Ácido Hialurónico, Urea",13.27
8483,CeraPlus 56,Sensible,"Niacinamida, Ácido Salicílico, Extracto de Té Verde, Retinol",82.01
8484,DermaFix 181,Mixta,"Ácido Láctico, Urea",180.04
8485,Hydra Boost 177,Mixta,"Aceite de Jojoba, Avena Coloidal, Ácido Hialurónico",147.64
8486,Fresh Dew 49,Mixta,"Peptidos, Zinc, Ácido Salicílico, Retinol",146.34
8487,RegenX 276,Mixta,"Aceite de Jojoba, Extracto de Té Verde, Zinc, Aloe Vera",142.22
8488,RegenX 60,Sensible,"Ácido Ferúlico, Ácido Salicílico, Vitamina C, Urea",158.7
8489,SunShield 112,Acneica,"Niacinamida, Vitamina C, Aloe Vera, Ácido Ferúlico",27.41
8490,Radiant Day 270,Sensible,"Zinc, Retinol",192.82
8491,Hydra Boost 285,Normal,"Ceramidas, Manteca de Karité",172.14
8492,NightCare 211,Sensible,"Ácido Salicílico, Aceite de Jojoba",123.4
8493,BrightFix 273,Todo tipo,"Avena Coloidal, Extracto de Té Verde, Ácido Láctico",60.95
8494,Glow Serum 230,Madura,"Pantenol, Niacinamida, Ácido Láctico",38.83
8495,Radiant Day 34,Grasa,"Vitamina C, Aceite de Jojoba",17.1
8496,Radiant Day 115,Normal,"Niacinamida, Ácido Salicílico",17.38
8497,Aqua Balm 295,Seca,"Aloe Vera, Vitamina C, Aceite de Jojoba",67.53
8498,Fresh Dew 293,Madura,"Ácido Hialurónico, Niacinamida, Ceramidas, Pantenol",148.73
8499,SkinPure 26,Seca,"Niacinamida, Extracto de Té Verde, Manteca de Karité, Ácido Láctico",57.47
8500,RegenX 260,Seca,"Extracto de Té Verde, Ácido Ferúlico, Vitamina C",64.68
8501,AcneFree 182,Seca,"Ácido Salicílico, Glicerina, Manteca de Karité, Retinol",102.85
8502,Hydra Boost 71,Todo tipo,"Aloe Vera, Retinol, Ceramidas, Aceite de Jojoba",180.32
8503,NutriGlow 198,Acneica,"Aloe Vera, Ceramidas",58.57
8504,SunShield 131,Normal,"Glicerina, Agua Termal, Manteca de Karité, Urea",124.19
8505,Fresh Dew 2,Grasa,"Manteca de Karité, Avena Coloidal, Ácido Ferúlico",48.38
8506,RegenX 177,Madura,"Ácido Salicílico, Ceramidas, Zinc, Ácido Láctico",107.69
8507,NightCare 181,Seca,"Ácido Hialurónico, Ácido Ferúlico",88.12
8508,Fresh Dew 221,Acneica,"Ceramidas, Zinc",54.65
8509,Hydra Boost 50,Todo tipo,"Manteca de Karité, Extracto de Té Verde, Ácido Salicílico, Avena Coloidal",136.82
8510,OilControl 230,Acneica,"Ácido Láctico, Extracto de Té Verde, Vitamina C, Urea",189.18
8511,Clear Skin 270,Todo tipo,"Manteca de Karité, Urea, Pantenol",156.56
8512,Glow Serum 278,Acneica,"Ácido Láctico, Avena Coloidal",173.15
8513,Radiant Day 210,Acneica,"Peptidos, Extracto de Té Verde, Ácido Hialurónico, Urea",48.13
8514,UltraSmooth 150,Normal,"Agua Termal, Ácido Ferúlico",53.66
8515,RegenX 89,Grasa,"Peptidos, Ácido Láctico",95.04
8516,Daily Moist 157,Normal,"Manteca de Karité, Extracto de Té Verde",164.61
8517,OilControl 55,Mixta,"Manteca de Karité, Urea, Ceramidas",5.64
8518,NightCare 9,Todo tipo,"Ácido Ferúlico, Agua Termal",181.21
8519,Glow Serum 64,Sensible,"Glicerina, Peptidos, Agua Termal, Urea",63.87
8520,Glow Serum 134,Normal,"Peptidos, Pantenol",197.14
8521,CeraPlus 160,Normal,"Ácido Láctico, Vitamina C, Manteca de Karité, Ácido Ferúlico",44.05
8522,DermaFix 37,Normal,"Pantenol, Aceite de Jojoba",129.85
8523,UltraSmooth 104,Sensible,"Aloe Vera, Ceramidas, Agua Termal",113.34
8524,Daily Moist 289,Madura,"Pantenol, Retinol, Ácido Ferúlico, Aceite de Jojoba",102.35
8525,BrightFix 196,Todo tipo,"Pantenol, Retinol, Niacinamida",47.45
8526,Silky Touch 131,Acneica,"Aceite de Jojoba, Ácido Láctico, Ácido Hialurónico",46.3
8527,CeraPlus 130,Normal,"Ácido Láctico, Retinol, Ácido Salicílico",43.55
8528,DermaFix 248,Mixta,"Ácido Ferúlico, Peptidos, Agua Termal",166.44
8529,Aqua Balm 7,Todo tipo,"Agua Termal, Aceite de Jojoba, Vitamina C",124.83
8530,SkinPure 140,Mixta,"Aloe Vera, Pantenol, Ácido Ferúlico, Glicerina",111.51
8531,Hydra Boost 287,Sensible,"Ceramidas, Agua Termal",41.72
8532,BrightFix 131,Mixta,"Extracto de Té Verde, Ácido Ferúlico, Niacinamida, Ácido Hialurónico",134.92
8533,UltraSmooth 39,Seca,"Glicerina, Urea, Avena Coloidal, Niacinamida",49.42
8534,Daily Moist 265,Sensible,"Agua Termal, Urea, Zinc",14.01
8535,Fresh Dew 112,Madura,"Manteca de Karité, Aceite de Jojoba",95.97
8536,NutriGlow 76,Madura,"Avena Coloidal, Ácido Hialurónico, Agua Termal",159.71
8537,DermaFix 280,Acneica,"Manteca de Karité, Urea",186.13
8538,UltraSmooth 68,Acneica,"Agua Termal, Vitamina C",99.88
8539,SunShield 149,Grasa,"Aloe Vera, Zinc, Peptidos",92.75
8540,NutriGlow 77,Grasa,"Zinc, Agua Termal, Glicerina",81.1
8541,SkinPure 41,Mixta,"Ácido Láctico, Pantenol, Peptidos, Ácido Ferúlico",35.31
8542,Fresh Dew 141,Todo tipo,"Ácido Salicílico, Ácido Hialurónico, Aceite de Jojoba",48.81
8543,OilControl 279,Madura,"Urea, Avena Coloidal, Vitamina C, Manteca de Karité",9.87
8544,DermaFix 69,Sensible,"Retinol, Ácido Láctico",92.33
8545,NutriGlow 220,Acneica,"Vitamina C, Peptidos, Pantenol",95.96
8546,AcneFree 5,Normal,"Aloe Vera, Manteca de Karité, Avena Coloidal, Extracto de Té Verde",54.21
8547,SkinPure 276,Grasa,"Retinol, Niacinamida",154.69
8548,Daily Moist 271,Todo tipo,"Pantenol, Peptidos, Zinc",167.97
8549,RegenX 52,Sensible,"Avena Coloidal, Peptidos, Pantenol, Niacinamida",87.65
8550,Aqua Balm 105,Todo tipo,"Ceramidas, Ácido Salicílico, Retinol, Glicerina",110.17
8551,NightCare 257,Todo tipo,"Ácido Salicílico, Aloe Vera, Pantenol, Glicerina",121.3
8552,NutriGlow 221,Acneica,"Vitamina C, Agua Termal, Niacinamida",48.06
8553,CeraPlus 22,Todo tipo,"Aceite de Jojoba, Ácido Salicílico, Ácido Hialurónico, Agua Termal",123.35
8554,Radiant Day 49,Sensible,"Ácido Salicílico, Ácido Ferúlico, Zinc",198.34
8555,NutriGlow 69,Seca,"Glicerina, Retinol, Ácido Hialurónico",16.0
8556,Hydra Boost 179,Grasa,"Aloe Vera, Extracto de Té Verde",148.84
8557,SkinPure 257,Grasa,"Manteca de Karité, Aloe Vera",128.58
8558,Hydra Boost 289,Todo tipo,"Retinol, Pantenol, Ácido Láctico",155.0
8559,Silky Touch 84,Grasa,"Aloe Vera, Ceramidas, Niacinamida",65.33
8560,AcneFree 220,Mixta,"Aloe Vera, Aceite de Jojoba, Ácido Hialurónico, Pantenol",45.53
8561,Hydra Boost 288,Grasa,"Ácido Salicílico, Pantenol, Ácido Hialurónico, Ácido Ferúlico",96.48
8562,UltraSmooth 240,Seca,"Urea, Extracto de Té Verde, Ácido Hialurónico, Zinc",165.56
8563,RegenX 191,Madura,"Niacinamida, Glicerina, Pantenol, Retinol",39.8
8564,BrightFix 249,Grasa,"Pantenol, Peptidos, Aloe Vera, Ácido Salicílico",177.23
8565,CeraPlus 85,Sensible,"Urea, Vitamina C, Aloe Vera, Ceramidas",190.35
8566,Hydra Boost 2,Seca,"Zinc, Ácido Hialurónico, Manteca de Karité, Pantenol",161.06
8567,RegenX 21,Sensible,"Urea, Aceite de Jojoba, Ácido Ferúlico",164.87
8568,BrightFix 228,Todo tipo,"Agua Termal, Glicerina",36.62
8569,DermaFix 100,Acneica,"Manteca de Karité, Aloe Vera, Extracto de Té Verde",97.25
8570,NightCare 50,Todo tipo,"Glicerina, Retinol, Aloe Vera, Agua Termal",52.37
8571,DermaFix 65,Madura,"Ceramidas, Ácido Ferúlico, Ácido Hialurónico, Aceite de Jojoba",192.7
8572,Clear Skin 173,Grasa,"Zinc, Vitamina C",191.03
8573,DermaFix 137,Grasa,"Aceite de Jojoba, Niacinamida",146.2
8574,SunShield 85,Grasa,"Peptidos, Ácido Ferúlico, Niacinamida",10.81
8575,Glow Serum 198,Mixta,"Pantenol, Glicerina",111.76
8576,RegenX 146,Grasa,"Aceite de Jojoba, Peptidos",29.45
8577,SkinPure 139,Seca,"Agua Termal, Manteca de Karité",140.63
8578,Daily Moist 258,Mixta,"Ácido Ferúlico, Ceramidas, Extracto de Té Verde, Aceite de Jojoba",195.94
8579,Hydra Boost 141,Grasa,"Zinc, Niacinamida",90.39
8580,NightCare 74,Seca,"Extracto de Té Verde, Aloe Vera",8.33
8581,OilControl 86,Sensible,"Manteca de Karité, Ceramidas, Ácido Láctico, Agua Termal",141.9
8582,AcneFree 165,Grasa,"Retinol, Peptidos, Pantenol",105.04
8583,Fresh Dew 44,Todo tipo,"Ceramidas, Avena Coloidal, Agua Termal, Zinc",36.86
8584,Radiant Day 19,Seca,"Pantenol, Avena Coloidal, Retinol",183.59
8585,NutriGlow 231,Todo tipo,"Manteca de Karité, Peptidos, Zinc, Aloe Vera",10.13
8586,Silky Touch 136,Grasa,"Ácido Salicílico, Aceite de Jojoba, Ceramidas",55.33
8587,AgeDefy 168,Sensible,"Niacinamida, Glicerina",19.73
8588,NutriGlow 45,Seca,"Aceite de Jojoba, Agua Termal",107.14
8589,Fresh Dew 207,Normal,"Peptidos, Ácido Hialurónico",111.18
8590,NightCare 19,Seca,"Avena Coloidal, Ceramidas, Niacinamida",35.26
8591,Hydra Boost 300,Sensible,"Agua Termal, Ácido Hialurónico, Peptidos",67.93
8592,RegenX 217,Grasa,"Glicerina, Peptidos",18.92
8593,Daily Moist 37,Normal,"Agua Termal, Avena Coloidal, Urea",21.27
8594,Glow Serum 11,Normal,"Peptidos, Ácido Ferúlico, Ácido Salicílico",130.54
8595,AgeDefy 266,Grasa,"Retinol, Glicerina, Ácido Láctico, Ceramidas",29.74
8596,RegenX 225,Normal,"Pantenol, Aceite de Jojoba",68.95
8597,Fresh Dew 168,Sensible,"Urea, Ácido Salicílico",143.83
8598,CeraPlus 30,Sensible,"Aceite de Jojoba, Glicerina, Ácido Láctico",18.58
8599,AgeDefy 100,Normal,"Avena Coloidal, Aloe Vera, Extracto de Té Verde, Ácido Salicílico",90.73
8600,Clear Skin 283,Madura,"Ácido Láctico, Glicerina",147.77
8601,DermaFix 238,Grasa,"Niacinamida, Manteca de Karité, Pantenol",158.07
8602,Hydra Boost 287,Madura,"Ácido Hialurónico, Ácido Ferúlico, Extracto de Té Verde",115.4
8603,Fresh Dew 69,Grasa,"Extracto de Té Verde, Aceite de Jojoba",45.56
8604,Aqua Balm 230,Sensible,"Niacinamida, Extracto de Té Verde, Retinol, Avena Coloidal",58.73
8605,Daily Moist 9,Sensible,"Aceite de Jojoba, Extracto de Té Verde, Glicerina",192.96
8606,Daily Moist 290,Acneica,"Manteca de Karité, Ácido Láctico",12.5
8607,OilControl 232,Madura,"Glicerina, Ácido Salicílico, Aloe Vera, Retinol",19.01
8608,Glow Serum 11,Seca,"Ácido Hialurónico, Vitamina C, Aloe Vera, Ácido Láctico",75.37
8609,Radiant Day 52,Todo tipo,"Vitamina C, Ácido Hialurónico, Aloe Vera",177.42
8610,Radiant Day 11,Todo tipo,"Aceite de Jojoba, Aloe Vera, Manteca de Karité, Retinol",135.49
8611,AgeDefy 208,Madura,"Glicerina, Zinc",42.82
8612,Hydra Boost 222,Mixta,"Agua Termal, Pantenol, Retinol, Ácido Salicílico",146.54
8613,BrightFix 127,Acneica,"Vitamina C, Ácido Hialurónico, Avena Coloidal",15.4
8614,SkinPure 256,Normal,"Urea, Ceramidas, Ácido Láctico",29.25
8615,SkinPure 232,Seca,"Aloe Vera, Agua Termal, Manteca de Karité, Aceite de Jojoba",33.99
8616,DermaFix 239,Grasa,"Agua Termal, Aloe Vera, Avena Coloidal, Aceite de Jojoba",39.39
8617,CeraPlus 232,Mixta,"Avena Coloidal, Pantenol",34.29
8618,CeraPlus 28,Sensible,"Aloe Vera, Extracto de Té Verde",192.54
8619,Hydra Boost 130,Normal,"Aloe Vera, Vitamina C, Ácido Hialurónico, Niacinamida",18.49
8620,BrightFix 94,Todo tipo,"Ácido Ferúlico, Ácido Hialurónico",140.89
8621,DermaFix 98,Acneica,"Ácido Ferúlico, Niacinamida",147.84
8622,SkinPure 128,Grasa,"Extracto de Té Verde, Vitamina C, Ácido Ferúlico, Niacinamida",11.87
8623,DermaFix 286,Sensible,"Urea, Extracto de Té Verde, Ceramidas",88.87
8624,DermaFix 181,Todo tipo,"Pantenol, Peptidos, Niacinamida, Ceramidas",168.73
8625,Fresh Dew 65,Grasa,"Niacinamida, Pantenol, Ácido Hialurónico",186.21
8626,SkinPure 286,Acneica,"Extracto de Té Verde, Glicerina, Ácido Ferúlico",39.2
8627,SkinPure 17,Sensible,"Urea, Agua Termal",58.99
8628,Clear Skin 288,Madura,"Avena Coloidal, Aceite de Jojoba",34.48
8629,AcneFree 185,Seca,"Ácido Hialurónico, Niacinamida, Urea, Zinc",43.7
8630,OilControl 146,Sensible,"Urea, Vitamina C, Retinol, Manteca de Karité",160.5
8631,Fresh Dew 249,Acneica,"Ácido Ferúlico, Ácido Salicílico",167.26
8632,Aqua Balm 96,Grasa,"Agua Termal, Avena Coloidal, Vitamina C",110.52
8633,AcneFree 287,Sensible,"Urea, Ceramidas",76.63
8634,CeraPlus 260,Madura,"Manteca de Karité, Niacinamida, Agua Termal",157.65
8635,SkinPure 259,Todo tipo,"Manteca de Karité, Zinc, Avena Coloidal, Glicerina",53.68
8636,Aqua Balm 199,Grasa,"Ácido Hialurónico, Ácido Salicílico, Aceite de Jojoba",199.36
8637,Aqua Balm 264,Acneica,"Niacinamida, Ceramidas, Agua Termal",24.24
8638,BrightFix 123,Grasa,"Aloe Vera, Peptidos",198.99
8639,AgeDefy 208,Madura,"Pantenol, Agua Termal",104.09
8640,UltraSmooth 277,Acneica,"Glicerina, Manteca de Karité, Niacinamida, Ácido Salicílico",168.86
8641,Aqua Balm 165,Sensible,"Retinol, Niacinamida",98.88
8642,UltraSmooth 291,Grasa,"Ácido Hialurónico, Urea, Ácido Ferúlico, Extracto de Té Verde",66.51
8643,AcneFree 53,Sensible,"Niacinamida, Manteca de Karité, Ceramidas",16.7
8644,UltraSmooth 204,Grasa,"Agua Termal, Ácido Láctico, Peptidos",166.08
8645,Radiant Day 204,Normal,"Retinol, Aloe Vera, Glicerina",101.09
8646,AcneFree 176,Mixta,"Pantenol, Retinol, Urea, Zinc",187.97
8647,Glow Serum 237,Acneica,"Agua Termal, Retinol, Avena Coloidal",157.29
8648,NutriGlow 57,Grasa,"Ceramidas, Agua Termal, Zinc",74.85
8649,SkinPure 33,Sensible,"Ácido Salicílico, Ceramidas",28.14
8650,Clear Skin 262,Normal,"Ceramidas, Peptidos, Manteca de Karité",120.12
8651,CeraPlus 118,Madura,"Ceramidas, Aceite de Jojoba",173.37
8652,SkinPure 159,Sensible,"Glicerina, Extracto de Té Verde",89.28
8653,NutriGlow 145,Sensible,"Avena Coloidal, Ácido Ferúlico, Aloe Vera, Niacinamida",19.65
8654,Hydra Boost 135,Todo tipo,"Ácido Hialurónico, Glicerina, Aceite de Jojoba, Avena Coloidal",195.13
8655,UltraSmooth 119,Acneica,"Ácido Salicílico, Urea, Ácido Hialurónico",68.44
8656,Hydra Boost 7,Seca,"Aloe Vera, Ácido Ferúlico",35.5
8657,Daily Moist 138,Todo tipo,"Ácido Salicílico, Ácido Hialurónico, Avena Coloidal, Manteca de Karité",69.49
8658,OilControl 106,Mixta,"Retinol, Avena Coloidal, Aceite de Jojoba",126.03
8659,Hydra Boost 127,Normal,"Ácido Láctico, Avena Coloidal, Manteca de Karité",32.84
8660,Clear Skin 147,Sensible,"Ácido Láctico, Ceramidas, Niacinamida",122.96
8661,SunShield 12,Sensible,"Ácido Láctico, Zinc, Agua Termal",62.54
8662,CeraPlus 280,Todo tipo,"Ácido Hialurónico, Niacinamida",89.02
8663,Daily Moist 268,Mixta,"Zinc, Aceite de Jojoba, Ceramidas, Vitamina C",98.13
8664,Radiant Day 212,Normal,"Urea, Aloe Vera, Manteca de Karité",73.12
8665,BrightFix 96,Todo tipo,"Ácido Hialurónico, Manteca de Karité, Peptidos, Glicerina",100.2
8666,NutriGlow 80,Mixta,"Aceite de Jojoba, Pantenol",152.02
8667,AcneFree 145,Mixta,"Ceramidas, Peptidos, Glicerina, Ácido Láctico",108.65
8668,UltraSmooth 150,Mixta,"Agua Termal, Ácido Hialurónico, Peptidos",119.46
8669,AcneFree 285,Seca,"Peptidos, Glicerina, Pantenol",167.81
8670,AcneFree 284,Acneica,"Ácido Hialurónico, Zinc, Agua Termal",42.05
8671,BrightFix 136,Grasa,"Ácido Láctico, Aceite de Jojoba, Vitamina C, Ácido Ferúlico",93.44
8672,Aqua Balm 171,Todo tipo,"Glicerina, Aloe Vera",66.74
8673,Aqua Balm 41,Sensible,"Peptidos, Vitamina C, Manteca de Karité, Retinol",84.21
8674,Glow Serum 44,Mixta,"Niacinamida, Ceramidas, Zinc",112.36
8675,Fresh Dew 91,Sensible,"Ácido Hialurónico, Ácido Ferúlico",28.12
8676,CeraPlus 24,Todo tipo,"Urea, Pantenol, Aceite de Jojoba",150.21
8677,Hydra Boost 124,Normal,"Retinol, Vitamina C, Avena Coloidal, Aceite de Jojoba",170.46
8678,AgeDefy 248,Todo tipo,"Zinc, Ácido Ferúlico, Manteca de Karité",46.94
8679,BrightFix 153,Seca,"Glicerina, Peptidos",36.64
8680,DermaFix 289,Mixta,"Aloe Vera, Niacinamida",91.34
8681,Clear Skin 54,Todo tipo,"Aceite de Jojoba, Ácido Salicílico",62.19
8682,Clear Skin 201,Todo tipo,"Zinc, Avena Coloidal, Extracto de Té Verde",97.44
8683,Radiant Day 64,Acneica,"Retinol, Ceramidas, Agua Termal, Zinc",48.75
8684,Aqua Balm 126,Todo tipo,"Extracto de Té Verde, Peptidos",93.66
8685,SkinPure 276,Grasa,"Extracto de Té Verde, Ácido Salicílico, Vitamina C, Niacinamida",39.23
8686,Radiant Day 109,Normal,"Ceramidas, Vitamina C, Retinol, Agua Termal",135.61
8687,Silky Touch 246,Mixta,"Vitamina C, Extracto de Té Verde, Ácido Láctico, Pantenol",97.43
8688,Radiant Day 253,Normal,"Zinc, Manteca de Karité",78.55
8689,NightCare 278,Acneica,"Retinol, Ácido Hialurónico, Glicerina, Zinc",183.62
8690,CeraPlus 94,Todo tipo,"Glicerina, Ácido Hialurónico, Avena Coloidal",170.37
8691,NightCare 122,Sensible,"Ceramidas, Extracto de Té Verde",70.04
8692,CeraPlus 193,Grasa,"Ácido Salicílico, Agua Termal",20.77
8693,BrightFix 35,Sensible,"Extracto de Té Verde, Vitamina C, Avena Coloidal, Agua Termal",99.16
8694,Silky Touch 192,Todo tipo,"Pantenol, Manteca de Karité",96.93
8695,Fresh Dew 103,Grasa,"Ácido Láctico, Peptidos, Retinol, Niacinamida",116.23
8696,Silky Touch 164,Acneica,"Aceite de Jojoba, Agua Termal, Urea, Ácido Salicílico",92.72
8697,Silky Touch 254,Madura,"Aceite de Jojoba, Retinol",133.89
8698,BrightFix 93,Todo tipo,"Urea, Pantenol, Aceite de Jojoba",143.11
8699,Hydra Boost 285,Seca,"Ácido Láctico, Aceite de Jojoba",116.89
8700,DermaFix 106,Sensible,"Pantenol, Extracto de Té Verde, Ácido Láctico, Ácido Salicílico",172.45
8701,SunShield 245,Seca,"Retinol, Ceramidas, Urea",160.15
8702,SkinPure 167,Mixta,"Vitamina C, Ácido Ferúlico, Ácido Hialurónico",112.41
8703,BrightFix 88,Acneica,"Ceramidas, Glicerina",10.05
8704,NightCare 224,Seca,"Aceite de Jojoba, Ácido Salicílico, Peptidos",40.71
8705,DermaFix 91,Sensible,"Urea, Zinc, Glicerina, Niacinamida",31.31
8706,UltraSmooth 44,Normal,"Ácido Ferúlico, Ceramidas, Vitamina C, Agua Termal",197.77
8707,UltraSmooth 179,Seca,"Glicerina, Zinc",31.61
8708,Clear Skin 147,Todo tipo,"Peptidos, Avena Coloidal, Ácido Salicílico, Extracto de Té Verde",180.56
8709,RegenX 140,Mixta,"Manteca de Karité, Ácido Láctico",65.49
8710,BrightFix 186,Todo tipo,"Extracto de Té Verde, Peptidos, Glicerina",134.45
8711,AgeDefy 227,Mixta,"Peptidos, Niacinamida, Aceite de Jojoba, Ceramidas",122.32
8712,RegenX 50,Grasa,"Ácido Ferúlico, Agua Termal, Avena Coloidal",87.0
8713,Glow Serum 291,Madura,"Urea, Niacinamida",186.07
8714,Clear Skin 287,Mixta,"Zinc, Manteca de Karité",30.16
8715,AcneFree 274,Normal,"Manteca de Karité, Aceite de Jojoba, Vitamina C, Ácido Ferúlico",85.76
8716,Hydra Boost 293,Seca,"Ácido Ferúlico, Niacinamida",139.48
8717,Silky Touch 259,Madura,"Glicerina, Ceramidas, Extracto de Té Verde, Agua Termal",56.39
8718,Hydra Boost 154,Seca,"Agua Termal, Vitamina C, Avena Coloidal, Aloe Vera",86.39
8719,DermaFix 41,Normal,"Ceramidas, Niacinamida",108.87
8720,Silky Touch 291,Madura,"Niacinamida, Ácido Láctico, Vitamina C, Ácido Salicílico",45.42
8721,NightCare 109,Acneica,"Ceramidas, Peptidos",80.44
8722,AcneFree 293,Sensible,"Ácido Hialurónico, Glicerina, Ácido Salicílico, Aloe Vera",173.35
8723,AgeDefy 116,Normal,"Ácido Láctico, Urea, Ácido Hialurónico, Ácido Salicílico",121.1
8724,SunShield 132,Acneica,"Ácido Hialurónico, Extracto de Té Verde, Zinc, Ácido Salicílico",164.74
8725,Hydra Boost 129,Normal,"Ceramidas, Vitamina C",77.85
8726,DermaFix 230,Acneica,"Ácido Salicílico, Urea, Avena Coloidal, Ácido Ferúlico",143.25
8727,Silky Touch 245,Sensible,"Aloe Vera, Zinc",170.5
8728,Daily Moist 125,Sensible,"Zinc, Aloe Vera, Glicerina",101.64
8729,Silky Touch 160,Madura,"Ácido Ferúlico, Niacinamida",183.78
8730,Aqua Balm 237,Todo tipo,"Retinol, Urea, Aceite de Jojoba, Agua Termal",135.75
8731,AcneFree 203,Mixta,"Ácido Hialurónico, Ácido Láctico, Aloe Vera",67.6
8732,Clear Skin 35,Sensible,"Aceite de Jojoba, Glicerina, Avena Coloidal, Niacinamida",31.48
8733,RegenX 36,Todo tipo,"Ácido Ferúlico, Ácido Hialurónico, Ácido Láctico, Zinc",144.38
8734,Aqua Balm 105,Madura,"Ácido Salicílico, Avena Coloidal, Retinol, Aloe Vera",168.07
8735,BrightFix 39,Grasa,"Peptidos, Pantenol",137.07
8736,CeraPlus 104,Grasa,"Ceramidas, Urea, Ácido Ferúlico",71.58
8737,DermaFix 4,Mixta,"Niacinamida, Retinol",132.59
8738,AgeDefy 231,Sensible,"Pantenol, Ácido Salicílico, Agua Termal",63.2
8739,RegenX 35,Grasa,"Vitamina C, Ceramidas, Ácido Láctico",157.05
8740,Fresh Dew 238,Seca,"Ácido Hialurónico, Ácido Salicílico, Pantenol, Ácido Ferúlico",193.38
8741,Fresh Dew 257,Todo tipo,"Ácido Láctico, Extracto de Té Verde",186.91
8742,NutriGlow 219,Grasa,"Urea, Ácido Hialurónico",76.05
8743,Fresh Dew 145,Seca,"Aloe Vera, Agua Termal, Retinol",81.51
8744,AgeDefy 5,Sensible,"Peptidos, Zinc, Aceite de Jojoba",77.53
8745,DermaFix 35,Grasa,"Avena Coloidal, Ceramidas, Retinol",187.23
8746,DermaFix 214,Sensible,"Ácido Ferúlico, Urea, Ácido Salicílico",89.32
8747,SkinPure 121,Seca,"Ácido Hialurónico, Ácido Salicílico",58.51
8748,Silky Touch 116,Todo tipo,"Manteca de Karité, Ácido Hialurónico, Ácido Salicílico",89.12
8749,Radiant Day 294,Todo tipo,"Manteca de Karité, Ácido Salicílico, Aceite de Jojoba",97.76
8750,Aqua Balm 279,Acneica,"Aloe Vera, Manteca de Karité, Ácido Hialurónico",12.37
8751,CeraPlus 242,Grasa,"Ceramidas, Ácido Salicílico, Avena Coloidal",82.49
8752,CeraPlus 97,Acneica,"Retinol, Aloe Vera",139.06
8753,Clear Skin 236,Todo tipo,"Ácido Láctico, Ácido Hialurónico, Pantenol",21.89
8754,NightCare 181,Normal,"Ácido Hialurónico, Pantenol",159.95
8755,RegenX 67,Todo tipo,"Aloe Vera, Manteca de Karité, Aceite de Jojoba, Zinc",108.97
8756,NightCare 134,Seca,"Niacinamida, Ácido Salicílico",90.0
8757,Daily Moist 30,Acneica,"Urea, Peptidos, Retinol, Aloe Vera",53.78
8758,Glow Serum 282,Seca,"Extracto de Té Verde, Pantenol, Ceramidas",18.98
8759,SkinPure 180,Seca,"Retinol, Urea, Niacinamida, Vitamina C",51.86
8760,AcneFree 215,Sensible,"Avena Coloidal, Extracto de Té Verde, Aloe Vera, Peptidos",57.43
8761,RegenX 240,Seca,"Ácido Salicílico, Ácido Hialurónico, Aceite de Jojoba, Glicerina",145.58
8762,SkinPure 248,Todo tipo,"Aceite de Jojoba, Ácido Hialurónico",74.13
8763,Glow Serum 136,Todo tipo,"Glicerina, Agua Termal, Manteca de Karité, Ácido Ferúlico",162.07
8764,UltraSmooth 39,Normal,"Zinc, Extracto de Té Verde, Vitamina C",54.74
8765,OilControl 270,Madura,"Ácido Láctico, Aceite de Jojoba, Aloe Vera, Agua Termal",29.31
8766,AcneFree 144,Grasa,"Ácido Láctico, Avena Coloidal",186.7
8767,Clear Skin 18,Mixta,"Zinc, Manteca de Karité, Ácido Ferúlico",190.07
8768,Radiant Day 118,Mixta,"Glicerina, Aloe Vera, Ceramidas, Avena Coloidal",170.47
8769,BrightFix 149,Normal,"Vitamina C, Manteca de Karité, Avena Coloidal, Ácido Ferúlico",100.59
8770,NightCare 30,Seca,"Retinol, Peptidos",147.61
8771,OilControl 113,Mixta,"Aceite de Jojoba, Ceramidas, Pantenol, Glicerina",109.54
8772,Clear Skin 189,Grasa,"Vitamina C, Ácido Salicílico",183.97
8773,Fresh Dew 101,Madura,"Pantenol, Niacinamida, Ceramidas, Aloe Vera",110.87
8774,Clear Skin 182,Sensible,"Zinc, Urea",123.23
8775,Daily Moist 62,Grasa,"Ceramidas, Extracto de Té Verde, Aloe Vera",191.5
8776,Silky Touch 91,Todo tipo,"Ceramidas, Aloe Vera, Zinc, Agua Termal",81.29
8777,SunShield 104,Acneica,"Glicerina, Aceite de Jojoba, Peptidos",31.61
8778,SunShield 36,Todo tipo,"Ácido Láctico, Ácido Salicílico, Vitamina C, Pantenol",50.66
8779,AcneFree 209,Madura,"Zinc, Niacinamida, Ceramidas, Peptidos",54.93
8780,AcneFree 164,Acneica,"Extracto de Té Verde, Niacinamida",170.34
8781,NightCare 218,Sensible,"Urea, Avena Coloidal",5.82
8782,NutriGlow 75,Mixta,"Extracto de Té Verde, Ácido Salicílico",190.7
8783,DermaFix 58,Acneica,"Pantenol, Glicerina",127.09
8784,AcneFree 156,Todo tipo,"Ceramidas, Zinc, Glicerina",74.68
8785,Radiant Day 189,Grasa,"Ácido Ferúlico, Ácido Hialurónico, Vitamina C",92.32
8786,Aqua Balm 103,Grasa,"Manteca de Karité, Glicerina",54.79
8787,SkinPure 35,Normal,"Urea, Aceite de Jojoba, Ácido Hialurónico",151.2
8788,CeraPlus 98,Normal,"Pantenol, Retinol",171.05
8789,Hydra Boost 35,Madura,"Ceramidas, Urea",117.86
8790,BrightFix 45,Seca,"Aceite de Jojoba, Zinc, Ácido Salicílico",160.61
8791,Daily Moist 264,Seca,"Vitamina C, Manteca de Karité",45.19
8792,BrightFix 45,Normal,"Extracto de Té Verde, Urea, Vitamina C",91.52
8793,Glow Serum 185,Normal,"Niacinamida, Glicerina, Aloe Vera, Peptidos",62.01
8794,BrightFix 29,Seca,"Retinol, Urea, Aceite de Jojoba",178.93
8795,AcneFree 281,Grasa,"Ácido Láctico, Zinc, Ácido Salicílico",182.95
8796,Daily Moist 207,Sensible,"Ceramidas, Niacinamida",41.98
8797,NutriGlow 52,Todo tipo,"Ácido Ferúlico, Retinol",187.75
8798,Hydra Boost 283,Seca,"Vitamina C, Manteca de Karité",124.58
8799,Clear Skin 101,Acneica,"Avena Coloidal, Extracto de Té Verde",93.84
8800,NightCare 108,Seca,"Niacinamida, Glicerina",81.7
8801,Clear Skin 140,Sensible,"Aloe Vera, Zinc, Peptidos, Glicerina",62.47
8802,Hydra Boost 139,Todo tipo,"Zinc, Manteca de Karité, Ácido Hialurónico",147.19
8803,BrightFix 294,Sensible,"Agua Termal, Vitamina C",199.46
8804,AcneFree 283,Madura,"Niacinamida, Agua Termal, Extracto de Té Verde",5.86
8805,Fresh Dew 97,Seca,"Ácido Salicílico, Ceramidas",190.08
8806,Clear Skin 156,Seca,"Niacinamida, Extracto de Té Verde, Manteca de Karité, Vitamina C",175.52
8807,OilControl 37,Normal,"Niacinamida, Peptidos, Urea, Glicerina",163.92
8808,Daily Moist 232,Grasa,"Peptidos, Aloe Vera, Niacinamida",10.59
8809,Clear Skin 74,Mixta,"Avena Coloidal, Retinol, Ácido Hialurónico",59.07
8810,UltraSmooth 145,Grasa,"Pantenol, Ceramidas, Aloe Vera, Ácido Salicílico",133.94
8811,NutriGlow 282,Mixta,"Ceramidas, Zinc, Vitamina C, Ácido Ferúlico",129.42
8812,DermaFix 48,Seca,"Avena Coloidal, Ácido Ferúlico",8.41
8813,AcneFree 36,Acneica,"Ácido Hialurónico, Urea",130.49
8814,SkinPure 264,Acneica,"Aceite de Jojoba, Vitamina C, Urea, Ácido Hialurónico",44.54
8815,NightCare 97,Normal,"Glicerina, Agua Termal",21.96
8816,SkinPure 240,Normal,"Manteca de Karité, Glicerina, Extracto de Té Verde, Zinc",27.93
8817,BrightFix 149,Grasa,"Niacinamida, Retinol, Aceite de Jojoba",13.7
8818,Silky Touch 151,Mixta,"Extracto de Té Verde, Agua Termal, Avena Coloidal",55.46
8819,CeraPlus 180,Grasa,"Aloe Vera, Pantenol",91.59
8820,CeraPlus 155,Mixta,"Glicerina, Vitamina C",40.5
8821,CeraPlus 293,Mixta,"Urea, Pantenol, Aceite de Jojoba",55.39
8822,Glow Serum 141,Sensible,"Glicerina, Urea, Peptidos",57.85
8823,BrightFix 9,Todo tipo,"Ácido Ferúlico, Ácido Láctico, Ácido Salicílico",11.56
8824,BrightFix 63,Madura,"Urea, Niacinamida",72.14
8825,Hydra Boost 161,Grasa,"Niacinamida, Ácido Salicílico, Vitamina C",178.6
8826,Hydra Boost 144,Todo tipo,"Extracto de Té Verde, Urea, Aceite de Jojoba",41.33
8827,RegenX 261,Madura,"Retinol, Ácido Láctico, Ácido Ferúlico",25.21
8828,Fresh Dew 67,Sensible,"Ácido Salicílico, Extracto de Té Verde, Aloe Vera",48.73
8829,RegenX 148,Sensible,"Retinol, Aceite de Jojoba",181.79
8830,BrightFix 222,Mixta,"Extracto de Té Verde, Ácido Ferúlico",183.0
8831,NutriGlow 151,Seca,"Ácido Ferúlico, Aloe Vera",124.64
8832,BrightFix 4,Grasa,"Peptidos, Zinc, Aloe Vera",31.58
8833,AcneFree 166,Mixta,"Peptidos, Aloe Vera, Ceramidas",83.47
8834,NightCare 275,Mixta,"Ácido Hialurónico, Zinc, Glicerina, Peptidos",20.94
8835,DermaFix 218,Grasa,"Ácido Hialurónico, Ceramidas",61.1
8836,Hydra Boost 176,Grasa,"Glicerina, Zinc, Aloe Vera, Ácido Salicílico",142.18
8837,Glow Serum 13,Normal,"Peptidos, Extracto de Té Verde, Niacinamida, Ácido Ferúlico",162.7
8838,Glow Serum 165,Todo tipo,"Aloe Vera, Extracto de Té Verde, Aceite de Jojoba",90.93
8839,Fresh Dew 144,Todo tipo,"Manteca de Karité, Zinc, Aceite de Jojoba",48.31
8840,OilControl 270,Todo tipo,"Pantenol, Avena Coloidal",110.74
8841,NightCare 56,Todo tipo,"Ácido Hialurónico, Ácido Láctico, Extracto de Té Verde, Avena Coloidal",143.67
8842,AcneFree 152,Grasa,"Agua Termal, Retinol, Aloe Vera, Urea",109.72
8843,NightCare 250,Acneica,"Ácido Salicílico, Aceite de Jojoba, Extracto de Té Verde",37.89
8844,NightCare 138,Mixta,"Vitamina C, Ácido Ferúlico, Agua Termal",138.76
8845,Hydra Boost 96,Madura,"Extracto de Té Verde, Urea, Aloe Vera",172.78
8846,RegenX 267,Mixta,"Vitamina C, Agua Termal, Ácido Hialurónico",9.35
8847,NutriGlow 33,Grasa,"Zinc, Manteca de Karité, Ácido Salicílico, Retinol",174.58
8848,Hydra Boost 160,Acneica,"Peptidos, Ácido Salicílico",28.27
8849,UltraSmooth 179,Normal,"Peptidos, Agua Termal",96.97
8850,Glow Serum 119,Seca,"Manteca de Karité, Ácido Ferúlico, Glicerina",50.44
8851,AcneFree 288,Seca,"Ácido Ferúlico, Zinc, Ceramidas, Vitamina C",117.73
8852,CeraPlus 91,Acneica,"Avena Coloidal, Peptidos, Retinol, Vitamina C",103.49
8853,OilControl 139,Madura,"Ácido Láctico, Glicerina",183.15
8854,OilControl 270,Normal,"Zinc, Retinol, Ácido Láctico",79.6
8855,OilControl 112,Sensible,"Pantenol, Ácido Salicílico, Ácido Hialurónico, Vitamina C",62.94
8856,AcneFree 171,Normal,"Retinol, Aceite de Jojoba",69.4
8857,Clear Skin 96,Mixta,"Niacinamida, Glicerina, Peptidos, Agua Termal",133.07
8858,Silky Touch 154,Grasa,"Aloe Vera, Ácido Salicílico",46.34
8859,SkinPure 183,Seca,"Avena Coloidal, Aloe Vera, Vitamina C, Ácido Hialurónico",31.96
8860,AcneFree 121,Seca,"Ácido Ferúlico, Aloe Vera, Aceite de Jojoba, Vitamina C",43.53
8861,BrightFix 295,Mixta,"Extracto de Té Verde, Ácido Salicílico, Vitamina C, Retinol",157.51
8862,Daily Moist 279,Todo tipo,"Glicerina, Pantenol",193.51
8863,AgeDefy 23,Acneica,"Pantenol, Niacinamida",198.38
8864,DermaFix 264,Grasa,"Vitamina C, Ceramidas, Urea, Agua Termal",107.12
8865,Silky Touch 224,Seca,"Ácido Láctico, Ceramidas, Zinc, Urea",14.05
8866,AgeDefy 28,Acneica,"Aceite de Jojoba, Aloe Vera, Ácido Ferúlico",158.06
8867,Clear Skin 280,Todo tipo,"Ceramidas, Retinol, Ácido Ferúlico, Urea",63.89
8868,Hydra Boost 146,Grasa,"Pantenol, Ácido Hialurónico",65.55
8869,AcneFree 4,Normal,"Urea, Vitamina C",61.0
8870,SkinPure 163,Grasa,"Retinol, Vitamina C, Ácido Salicílico",74.7
8871,Hydra Boost 10,Todo tipo,"Avena Coloidal, Zinc",41.26
8872,RegenX 27,Normal,"Urea, Retinol",175.49
8873,Daily Moist 115,Madura,"Aloe Vera, Peptidos",195.45
8874,SkinPure 65,Grasa,"Ácido Salicílico, Ácido Hialurónico, Aceite de Jojoba, Glicerina",12.12
8875,NightCare 120,Seca,"Extracto de Té Verde, Ácido Ferúlico, Ácido Láctico",125.71
8876,NutriGlow 84,Seca,"Pantenol, Ácido Láctico, Peptidos",109.29
8877,Glow Serum 268,Madura,"Ácido Salicílico, Pantenol, Ceramidas, Extracto de Té Verde",30.25
8878,NutriGlow 50,Seca,"Niacinamida, Agua Termal, Extracto de Té Verde, Zinc",163.65
8879,CeraPlus 139,Seca,"Ácido Ferúlico, Ácido Hialurónico",51.0
8880,Hydra Boost 67,Acneica,"Pantenol, Glicerina, Peptidos, Ceramidas",31.35
8881,NightCare 2,Normal,"Ácido Hialurónico, Pantenol",113.52
8882,Silky Touch 262,Mixta,"Zinc, Ácido Láctico",149.87
8883,AgeDefy 248,Todo tipo,"Ácido Ferúlico, Zinc, Glicerina",85.07
8884,UltraSmooth 220,Todo tipo,"Urea, Vitamina C, Aceite de Jojoba, Ácido Salicílico",125.47
8885,BrightFix 224,Seca,"Retinol, Pantenol",150.51
8886,BrightFix 263,Seca,"Ácido Hialurónico, Ceramidas",27.6
8887,CeraPlus 258,Mixta,"Aceite de Jojoba, Peptidos, Ácido Salicílico, Zinc",131.72
8888,DermaFix 56,Acneica,"Avena Coloidal, Peptidos, Ácido Salicílico, Ácido Láctico",40.84
8889,AcneFree 117,Todo tipo,"Aceite de Jojoba, Ceramidas, Vitamina C, Zinc",74.16
8890,NutriGlow 287,Normal,"Urea, Zinc, Glicerina, Agua Termal",172.32
8891,AgeDefy 82,Madura,"Zinc, Avena Coloidal, Ácido Hialurónico, Vitamina C",56.57
8892,SunShield 264,Grasa,"Avena Coloidal, Aceite de Jojoba, Agua Termal, Zinc",115.31
8893,NightCare 79,Mixta,"Peptidos, Ácido Láctico, Manteca de Karité, Ácido Salicílico",159.01
8894,Glow Serum 104,Sensible,"Agua Termal, Zinc",109.8
8895,BrightFix 87,Mixta,"Peptidos, Manteca de Karité",92.93
8896,DermaFix 286,Mixta,"Zinc, Ácido Hialurónico, Ácido Salicílico, Aloe Vera",112.14
8897,NightCare 160,Seca,"Pantenol, Aloe Vera, Zinc, Glicerina",40.75
8898,BrightFix 261,Sensible,"Glicerina, Ácido Salicílico, Aceite de Jojoba",17.89
8899,SkinPure 146,Mixta,"Ácido Hialurónico, Avena Coloidal",157.16
8900,SkinPure 162,Grasa,"Urea, Ácido Hialurónico, Agua Termal",156.41
8901,Clear Skin 135,Madura,"Extracto de Té Verde, Ácido Salicílico, Agua Termal, Avena Coloidal",33.44
8902,DermaFix 110,Grasa,"Retinol, Zinc, Agua Termal, Avena Coloidal",183.54
8903,NutriGlow 179,Acneica,"Avena Coloidal, Urea, Extracto de Té Verde",166.74
8904,OilControl 168,Grasa,"Peptidos, Vitamina C, Niacinamida",136.02
8905,OilControl 103,Normal,"Ceramidas, Ácido Ferúlico",84.22
8906,UltraSmooth 57,Seca,"Peptidos, Ácido Ferúlico, Ácido Láctico",134.73
8907,CeraPlus 213,Seca,"Niacinamida, Aceite de Jojoba",159.11
8908,SkinPure 184,Sensible,"Agua Termal, Pantenol",28.66
8909,CeraPlus 288,Grasa,"Retinol, Ácido Salicílico, Ácido Hialurónico, Manteca de Karité",53.05
8910,SkinPure 43,Seca,"Avena Coloidal, Manteca de Karité, Ácido Ferúlico, Ácido Láctico",13.84
8911,BrightFix 270,Normal,"Urea, Pantenol",110.47
8912,Silky Touch 209,Acneica,"Manteca de Karité, Avena Coloidal, Ácido Hialurónico, Ceramidas",32.74
8913,Glow Serum 57,Mixta,"Urea, Aloe Vera, Zinc",54.48
8914,Aqua Balm 52,Todo tipo,"Manteca de Karité, Aceite de Jojoba, Pantenol, Avena Coloidal",79.96
8915,Fresh Dew 37,Madura,"Aceite de Jojoba, Extracto de Té Verde",59.52
8916,AcneFree 289,Sensible,"Avena Coloidal, Retinol, Manteca de Karité",147.7
8917,AgeDefy 191,Normal,"Niacinamida, Ácido Salicílico, Aloe Vera",47.36
8918,Fresh Dew 110,Grasa,"Urea, Aceite de Jojoba, Avena Coloidal",106.69
8919,Hydra Boost 180,Normal,"Ácido Láctico, Ácido Salicílico, Urea, Vitamina C",133.07
8920,DermaFix 174,Mixta,"Urea, Agua Termal",196.02
8921,SunShield 22,Mixta,"Aceite de Jojoba, Ceramidas, Agua Termal",149.03
8922,NightCare 234,Madura,"Manteca de Karité, Avena Coloidal, Aceite de Jojoba",52.02
8923,NutriGlow 262,Seca,"Peptidos, Ácido Ferúlico, Ácido Salicílico, Pantenol",184.62
8924,Radiant Day 200,Sensible,"Retinol, Niacinamida, Glicerina",68.68
8925,UltraSmooth 193,Madura,"Glicerina, Niacinamida, Urea, Retinol",132.95
8926,CeraPlus 122,Sensible,"Retinol, Aceite de Jojoba",174.73
8927,OilControl 49,Grasa,"Agua Termal, Ácido Ferúlico",79.15
8928,NightCare 97,Sensible,"Ceramidas, Extracto de Té Verde, Glicerina, Aloe Vera",109.93
8929,Glow Serum 186,Todo tipo,"Ácido Hialurónico, Agua Termal",127.87
8930,BrightFix 172,Seca,"Agua Termal, Avena Coloidal, Ceramidas",183.94
8931,NightCare 207,Madura,"Pantenol, Ceramidas",113.67
8932,Daily Moist 242,Seca,"Ceramidas, Pantenol",72.26
8933,SunShield 178,Sensible,"Ácido Ferúlico, Extracto de Té Verde, Vitamina C, Urea",151.74
8934,NightCare 106,Grasa,"Urea, Ácido Salicílico, Ácido Láctico, Extracto de Té Verde",43.24
8935,SunShield 239,Todo tipo,"Glicerina, Ceramidas, Retinol, Ácido Ferúlico",95.96
8936,SkinPure 92,Todo tipo,"Ceramidas, Ácido Salicílico, Glicerina, Ácido Láctico",78.95
8937,OilControl 266,Acneica,"Vitamina C, Ácido Láctico, Peptidos",179.06
8938,Radiant Day 44,Madura,"Ceramidas, Ácido Hialurónico",199.49
8939,Daily Moist 206,Madura,"Ácido Hialurónico, Extracto de Té Verde, Ácido Ferúlico",8.85
8940,Radiant Day 278,Madura,"Urea, Aceite de Jojoba",32.67
8941,Hydra Boost 100,Sensible,"Manteca de Karité, Zinc, Ácido Ferúlico, Urea",180.76
8942,UltraSmooth 15,Madura,"Aceite de Jojoba, Ácido Ferúlico, Ácido Hialurónico",85.0
8943,Silky Touch 71,Todo tipo,"Manteca de Karité, Glicerina",177.67
8944,Clear Skin 269,Madura,"Ácido Ferúlico, Retinol, Glicerina, Niacinamida",58.48
8945,Aqua Balm 10,Madura,"Aceite de Jojoba, Zinc, Avena Coloidal",195.41
8946,BrightFix 190,Normal,"Urea, Pantenol, Zinc",12.11
8947,Glow Serum 281,Sensible,"Agua Termal, Zinc",187.17
8948,OilControl 265,Normal,"Manteca de Karité, Zinc, Vitamina C, Retinol",107.28
8949,UltraSmooth 129,Mixta,"Aceite de Jojoba, Ceramidas, Ácido Láctico, Urea",19.22
8950,Daily Moist 242,Acneica,"Manteca de Karité, Aloe Vera, Glicerina",189.24
8951,UltraSmooth 276,Mixta,"Retinol, Glicerina, Niacinamida, Ácido Salicílico",130.55
8952,SkinPure 248,Mixta,"Peptidos, Zinc, Aloe Vera",190.73
8953,Daily Moist 161,Normal,"Vitamina C, Urea, Glicerina",188.14
8954,UltraSmooth 221,Grasa,"Peptidos, Ácido Ferúlico",145.74
8955,SkinPure 115,Normal,"Glicerina, Ácido Hialurónico",55.08
8956,NutriGlow 9,Seca,"Ceramidas, Niacinamida",74.34
8957,Silky Touch 205,Sensible,"Urea, Glicerina",162.18
8958,Glow Serum 19,Mixta,"Pantenol, Ácido Salicílico, Avena Coloidal",74.9
8959,Clear Skin 106,Grasa,"Aloe Vera, Vitamina C, Zinc, Manteca de Karité",56.73
8960,Glow Serum 127,Acneica,"Ácido Láctico, Vitamina C, Ácido Salicílico, Ácido Ferúlico",122.24
8961,CeraPlus 251,Sensible,"Glicerina, Ácido Ferúlico, Ácido Hialurónico, Peptidos",147.19
8962,AcneFree 198,Normal,"Ceramidas, Niacinamida, Manteca de Karité, Glicerina",79.48
8963,CeraPlus 29,Acneica,"Agua Termal, Aloe Vera, Aceite de Jojoba, Ácido Hialurónico",111.54
8964,NutriGlow 215,Grasa,"Vitamina C, Ácido Salicílico, Avena Coloidal",197.42
8965,Silky Touch 9,Acneica,"Aceite de Jojoba, Retinol, Ácido Hialurónico",80.2
8966,DermaFix 58,Seca,"Ácido Hialurónico, Zinc, Glicerina",168.3
8967,CeraPlus 16,Grasa,"Ceramidas, Agua Termal, Vitamina C",173.98
8968,Glow Serum 123,Seca,"Zinc, Ácido Ferúlico, Urea",82.62
8969,SkinPure 260,Acneica,"Ácido Ferúlico, Pantenol",119.96
8970,CeraPlus 126,Acneica,"Peptidos, Zinc, Ácido Salicílico",81.18
8971,CeraPlus 246,Seca,"Ácido Hialurónico, Vitamina C, Manteca de Karité, Ácido Láctico",77.96
8972,OilControl 250,Grasa,"Zinc, Aceite de Jojoba, Pantenol",13.87
8973,AcneFree 138,Seca,"Urea, Agua Termal, Aceite de Jojoba",124.99
8974,Radiant Day 297,Acneica,"Extracto de Té Verde, Agua Termal, Aloe Vera",59.5
8975,Silky Touch 96,Mixta,"Niacinamida, Retinol, Agua Termal",11.63
8976,Radiant Day 1,Acneica,"Ácido Hialurónico, Manteca de Karité",103.66
8977,CeraPlus 288,Acneica,"Vitamina C, Retinol, Manteca de Karité",13.56
8978,Glow Serum 227,Todo tipo,"Agua Termal, Urea",59.75
8979,CeraPlus 296,Mixta,"Extracto de Té Verde, Agua Termal, Niacinamida, Ceramidas",77.65
8980,CeraPlus 268,Grasa,"Manteca de Karité, Ácido Láctico",193.52
8981,AcneFree 64,Mixta,"Aceite de Jojoba, Ácido Láctico, Ceramidas, Aloe Vera",82.0
8982,OilControl 254,Madura,"Avena Coloidal, Zinc, Manteca de Karité, Glicerina",109.53
8983,SunShield 262,Madura,"Extracto de Té Verde, Avena Coloidal",176.85
8984,Hydra Boost 183,Grasa,"Ácido Salicílico, Niacinamida, Retinol",104.17
8985,BrightFix 140,Normal,"Ácido Salicílico, Manteca de Karité, Urea",187.79
8986,RegenX 179,Grasa,"Agua Termal, Peptidos, Aloe Vera",96.22
8987,OilControl 69,Madura,"Peptidos, Extracto de Té Verde, Retinol, Zinc",160.26
8988,UltraSmooth 208,Normal,"Aloe Vera, Ceramidas",49.37
8989,SkinPure 279,Todo tipo,"Niacinamida, Ácido Salicílico, Avena Coloidal, Pantenol",159.34
8990,NutriGlow 43,Grasa,"Peptidos, Avena Coloidal",48.74
8991,AgeDefy 154,Grasa,"Peptidos, Vitamina C, Ácido Ferúlico",7.68
8992,NutriGlow 64,Madura,"Niacinamida, Ácido Salicílico, Peptidos, Extracto de Té Verde",101.05
8993,NightCare 277,Madura,"Agua Termal, Ácido Ferúlico",111.81
8994,Fresh Dew 222,Normal,"Retinol, Ácido Láctico, Avena Coloidal",12.69
8995,Daily Moist 114,Todo tipo,"Vitamina C, Pantenol, Ácido Hialurónico, Ceramidas",75.54
8996,UltraSmooth 174,Mixta,"Pantenol, Zinc",74.11
8997,BrightFix 4,Seca,"Agua Termal, Pantenol, Aloe Vera, Ácido Láctico",87.06
8998,Clear Skin 61,Normal,"Vitamina C, Ceramidas, Peptidos, Ácido Salicílico",74.5
8999,Fresh Dew 143,Mixta,"Aloe Vera, Glicerina, Agua Termal",44.81
9000,Hydra Boost 198,Mixta,"Aloe Vera, Ácido Láctico, Ácido Salicílico",123.57
9001,BrightFix 173,Acneica,"Manteca de Karité, Ácido Salicílico",61.42
9002,DermaFix 214,Madura,"Aceite de Jojoba, Extracto de Té Verde",186.64
9003,Fresh Dew 186,Normal,"Urea, Retinol, Ácido Láctico, Vitamina C",181.82
9004,SunShield 244,Grasa,"Ácido Láctico, Ceramidas, Ácido Salicílico",116.39
9005,NightCare 42,Sensible,"Aceite de Jojoba, Ceramidas, Aloe Vera",15.38
9006,Glow Serum 209,Todo tipo,"Ceramidas, Ácido Ferúlico, Glicerina",130.75
9007,Silky Touch 4,Mixta,"Ceramidas, Peptidos, Aloe Vera, Aceite de Jojoba",99.71
9008,Daily Moist 66,Grasa,"Aceite de Jojoba, Retinol, Ácido Hialurónico, Zinc",45.3
9009,CeraPlus 109,Todo tipo,"Ceramidas, Vitamina C, Extracto de Té Verde",188.88
9010,SkinPure 191,Sensible,"Glicerina, Urea, Zinc",70.53
9011,Silky Touch 192,Todo tipo,"Aceite de Jojoba, Ácido Salicílico",75.51
9012,UltraSmooth 78,Todo tipo,"Ácido Hialurónico, Extracto de Té Verde",86.85
9013,Clear Skin 4,Seca,"Manteca de Karité, Aceite de Jojoba",21.45
9014,AcneFree 262,Seca,"Zinc, Glicerina",71.73
9015,AcneFree 121,Mixta,"Retinol, Vitamina C",113.56
9016,SkinPure 277,Sensible,"Avena Coloidal, Manteca de Karité, Aloe Vera, Niacinamida",151.21
9017,BrightFix 214,Madura,"Pantenol, Ceramidas, Zinc, Niacinamida",177.97
9018,CeraPlus 69,Mixta,"Retinol, Agua Termal, Urea",65.04
9019,Fresh Dew 110,Acneica,"Ácido Láctico, Ácido Hialurónico, Pantenol, Peptidos",123.32
9020,Fresh Dew 138,Mixta,"Urea, Ácido Salicílico",124.24
9021,SunShield 131,Madura,"Glicerina, Peptidos, Avena Coloidal, Manteca de Karité",30.95
9022,Glow Serum 255,Normal,"Zinc, Aloe Vera",116.75
9023,Fresh Dew 148,Acneica,"Glicerina, Manteca de Karité, Peptidos, Niacinamida",165.81
9024,AcneFree 256,Mixta,"Vitamina C, Urea",100.55
9025,BrightFix 164,Mixta,"Glicerina, Peptidos, Ácido Salicílico, Ceramidas",31.5
9026,Aqua Balm 261,Sensible,"Agua Termal, Vitamina C, Pantenol, Ceramidas",162.6
9027,RegenX 69,Madura,"Ácido Salicílico, Urea",14.53
9028,Fresh Dew 25,Grasa,"Extracto de Té Verde, Peptidos",154.99
9029,BrightFix 244,Seca,"Peptidos, Retinol, Ácido Ferúlico",192.32
9030,NightCare 282,Todo tipo,"Retinol, Ácido Láctico, Avena Coloidal",167.81
9031,Radiant Day 201,Normal,"Agua Termal, Urea, Aloe Vera",152.0
9032,CeraPlus 173,Seca,"Aceite de Jojoba, Ácido Hialurónico, Niacinamida",164.51
9033,Hydra Boost 42,Grasa,"Vitamina C, Ácido Hialurónico",172.81
9034,Aqua Balm 288,Normal,"Ceramidas, Extracto de Té Verde, Manteca de Karité, Urea",34.6
9035,BrightFix 92,Madura,"Ácido Salicílico, Extracto de Té Verde, Ácido Hialurónico, Glicerina",24.38
9036,Aqua Balm 275,Todo tipo,"Urea, Ceramidas",95.88
9037,SunShield 182,Todo tipo,"Ácido Hialurónico, Avena Coloidal, Ácido Salicílico",85.68
9038,Aqua Balm 3,Todo tipo,"Glicerina, Ácido Salicílico, Urea",90.57
9039,DermaFix 97,Normal,"Retinol, Manteca de Karité, Aceite de Jojoba, Avena Coloidal",30.49
9040,NutriGlow 265,Madura,"Agua Termal, Niacinamida, Vitamina C, Urea",120.11
9041,AcneFree 112,Madura,"Agua Termal, Ácido Hialurónico, Vitamina C, Peptidos",108.16
9042,AgeDefy 17,Seca,"Aloe Vera, Peptidos, Agua Termal, Extracto de Té Verde",34.89
9043,NightCare 244,Normal,"Glicerina, Ácido Láctico, Vitamina C, Retinol",81.92
9044,NightCare 247,Sensible,"Ácido Láctico, Peptidos",120.22
9045,Fresh Dew 27,Normal,"Urea, Ceramidas, Ácido Ferúlico",58.05
9046,NutriGlow 208,Acneica,"Ácido Salicílico, Retinol",174.6
9047,CeraPlus 90,Sensible,"Extracto de Té Verde, Agua Termal, Peptidos, Ceramidas",78.26
9048,RegenX 20,Acneica,"Ácido Hialurónico, Aloe Vera, Niacinamida",126.39
9049,CeraPlus 286,Seca,"Avena Coloidal, Ácido Salicílico, Manteca de Karité",39.02
9050,Clear Skin 170,Todo tipo,"Peptidos, Zinc, Urea, Agua Termal",189.71
9051,BrightFix 289,Madura,"Urea, Peptidos, Pantenol, Niacinamida",134.48
9052,OilControl 168,Madura,"Agua Termal, Ceramidas, Urea, Vitamina C",63.28
9053,NutriGlow 18,Todo tipo,"Avena Coloidal, Extracto de Té Verde, Zinc, Ácido Salicílico",33.88
9054,CeraPlus 282,Normal,"Ácido Salicílico, Manteca de Karité",90.68
9055,OilControl 43,Sensible,"Urea, Retinol, Ácido Salicílico",83.34
9056,Hydra Boost 138,Normal,"Vitamina C, Retinol, Extracto de Té Verde",127.18
9057,Hydra Boost 115,Sensible,"Ácido Láctico, Ácido Salicílico",129.21
9058,AcneFree 155,Sensible,"Niacinamida, Aceite de Jojoba, Agua Termal, Ácido Láctico",81.13
9059,NightCare 35,Todo tipo,"Niacinamida, Zinc, Pantenol, Manteca de Karité",149.01
9060,Hydra Boost 83,Mixta,"Aloe Vera, Agua Termal, Vitamina C, Extracto de Té Verde",184.4
9061,Fresh Dew 46,Sensible,"Glicerina, Agua Termal, Retinol",34.26
9062,RegenX 28,Mixta,"Aceite de Jojoba, Niacinamida, Manteca de Karité, Glicerina",57.19
9063,Silky Touch 198,Seca,"Ácido Salicílico, Ácido Hialurónico, Retinol, Glicerina",145.55
9064,OilControl 142,Todo tipo,"Retinol, Pantenol, Zinc",199.88
9065,OilControl 45,Todo tipo,"Peptidos, Zinc, Extracto de Té Verde, Glicerina",116.45
9066,Radiant Day 35,Grasa,"Ácido Hialurónico, Aloe Vera",146.74
9067,CeraPlus 192,Madura,"Manteca de Karité, Agua Termal, Aloe Vera",175.29
9068,Hydra Boost 207,Seca,"Ceramidas, Ácido Salicílico",132.69
9069,Silky Touch 150,Todo tipo,"Aloe Vera, Avena Coloidal",174.09
9070,SunShield 161,Seca,"Urea, Ácido Láctico, Vitamina C",41.04
9071,Radiant Day 241,Todo tipo,"Aceite de Jojoba, Niacinamida",169.95
9072,SkinPure 288,Normal,"Manteca de Karité, Ácido Ferúlico, Zinc",183.49
9073,Clear Skin 59,Normal,"Peptidos, Agua Termal, Urea",153.07
9074,SkinPure 15,Mixta,"Ceramidas, Niacinamida, Extracto de Té Verde",70.56
9075,Daily Moist 147,Todo tipo,"Aloe Vera, Peptidos, Pantenol",172.83
9076,Clear Skin 36,Madura,"Zinc, Ácido Hialurónico, Niacinamida",103.86
9077,AcneFree 207,Sensible,"Retinol, Ácido Láctico, Manteca de Karité",148.95
9078,NutriGlow 258,Acneica,"Aloe Vera, Ácido Láctico",104.33
9079,RegenX 84,Mixta,"Peptidos, Avena Coloidal, Ácido Ferúlico",148.64
9080,AgeDefy 68,Seca,"Ácido Ferúlico, Peptidos, Retinol",19.56
9081,SkinPure 172,Seca,"Ceramidas, Glicerina, Aloe Vera, Retinol",21.54
9082,NightCare 170,Madura,"Manteca de Karité, Peptidos",180.36
9083,UltraSmooth 78,Mixta,"Agua Termal, Pantenol, Ácido Ferúlico",67.91
9084,Aqua Balm 172,Mixta,"Glicerina, Retinol, Extracto de Té Verde, Niacinamida",42.17
9085,SunShield 104,Acneica,"Peptidos, Aceite de Jojoba, Avena Coloidal",191.59
9086,SunShield 225,Sensible,"Ácido Salicílico, Agua Termal",56.2
9087,SunShield 206,Todo tipo,"Avena Coloidal, Urea, Niacinamida",97.1
9088,SkinPure 123,Acneica,"Niacinamida, Glicerina, Ácido Salicílico",139.96
9089,UltraSmooth 199,Sensible,"Pantenol, Ácido Láctico, Aloe Vera",158.54
9090,Fresh Dew 73,Seca,"Ceramidas, Ácido Láctico, Extracto de Té Verde",45.53
9091,NutriGlow 165,Madura,"Manteca de Karité, Agua Termal, Extracto de Té Verde, Pantenol",34.85
9092,DermaFix 152,Seca,"Ácido Láctico, Ácido Ferúlico",57.15
9093,AcneFree 194,Todo tipo,"Pantenol, Avena Coloidal, Glicerina, Urea",135.94
9094,Daily Moist 286,Seca,"Niacinamida, Zinc",91.12
9095,RegenX 28,Madura,"Ácido Láctico, Manteca de Karité",100.61
9096,OilControl 88,Seca,"Pantenol, Zinc",188.17
9097,Radiant Day 144,Sensible,"Aloe Vera, Manteca de Karité, Urea",122.48
9098,Hydra Boost 228,Normal,"Glicerina, Ácido Láctico",72.71
9099,Glow Serum 299,Acneica,"Glicerina, Ácido Láctico",71.25
9100,UltraSmooth 39,Normal,"Peptidos, Urea, Niacinamida",177.93
9101,NutriGlow 238,Normal,"Zinc, Urea",24.89
9102,Aqua Balm 78,Madura,"Ácido Salicílico, Ácido Láctico, Agua Termal",167.13
9103,Aqua Balm 31,Sensible,"Vitamina C, Pantenol, Extracto de Té Verde, Manteca de Karité",164.08
9104,UltraSmooth 187,Acneica,"Ácido Ferúlico, Niacinamida, Pantenol, Peptidos",29.89
9105,Fresh Dew 152,Grasa,"Ácido Láctico, Agua Termal",181.28
9106,RegenX 37,Mixta,"Ácido Hialurónico, Vitamina C",154.8
9107,NutriGlow 230,Madura,"Zinc, Pantenol, Ácido Ferúlico",156.48
9108,Clear Skin 25,Mixta,"Avena Coloidal, Aloe Vera",187.78
9109,OilControl 128,Grasa,"Aloe Vera, Zinc, Glicerina",167.3
9110,DermaFix 55,Madura,"Avena Coloidal, Ceramidas, Vitamina C",196.9
9111,BrightFix 199,Madura,"Aceite de Jojoba, Vitamina C, Extracto de Té Verde, Ácido Salicílico",107.23
9112,AgeDefy 294,Normal,"Aceite de Jojoba, Vitamina C",150.65
9113,Glow Serum 13,Sensible,"Manteca de Karité, Extracto de Té Verde, Vitamina C, Ácido Salicílico",164.38
9114,Aqua Balm 284,Madura,"Niacinamida, Ácido Ferúlico",14.61
9115,Hydra Boost 88,Normal,"Agua Termal, Aloe Vera, Extracto de Té Verde, Ácido Salicílico",104.5
9116,Glow Serum 181,Sensible,"Ácido Ferúlico, Ácido Láctico, Ácido Salicílico",24.06
9117,AcneFree 233,Mixta,"Manteca de Karité, Aloe Vera, Peptidos, Ácido Ferúlico",130.0
9118,Fresh Dew 8,Sensible,"Ácido Ferúlico, Urea, Manteca de Karité",92.29
9119,Aqua Balm 164,Mixta,"Peptidos, Ácido Ferúlico, Manteca de Karité, Agua Termal",169.17
9120,SkinPure 23,Grasa,"Avena Coloidal, Pantenol, Ceramidas",164.15
9121,Daily Moist 252,Grasa,"Niacinamida, Urea, Retinol",69.66
9122,UltraSmooth 165,Grasa,"Vitamina C, Niacinamida, Retinol",67.06
9123,NutriGlow 98,Grasa,"Ceramidas, Aceite de Jojoba, Ácido Ferúlico",153.0
9124,Fresh Dew 45,Normal,"Agua Termal, Manteca de Karité",112.02
9125,DermaFix 190,Seca,"Ácido Ferúlico, Vitamina C, Pantenol, Ácido Salicílico",121.43
9126,Radiant Day 278,Normal,"Ácido Hialurónico, Ceramidas, Ácido Salicílico, Retinol",114.8
9127,SkinPure 296,Acneica,"Aloe Vera, Manteca de Karité, Aceite de Jojoba",193.47
9128,NutriGlow 200,Grasa,"Vitamina C, Ceramidas",176.75
9129,Clear Skin 250,Sensible,"Glicerina, Retinol, Ceramidas",146.95
9130,SunShield 95,Grasa,"Ácido Ferúlico, Agua Termal, Glicerina, Aloe Vera",56.96
9131,Hydra Boost 261,Grasa,"Avena Coloidal, Ácido Salicílico, Niacinamida",33.76
9132,Glow Serum 248,Sensible,"Ceramidas, Urea, Vitamina C",64.65
9133,AgeDefy 285,Acneica,"Ácido Láctico, Ácido Hialurónico",193.18
9134,Hydra Boost 232,Sensible,"Ceramidas, Agua Termal, Niacinamida",80.79
9135,Fresh Dew 195,Madura,"Ceramidas, Urea, Avena Coloidal",87.48
9136,Fresh Dew 30,Grasa,"Retinol, Extracto de Té Verde, Niacinamida, Urea",54.14
9137,Hydra Boost 171,Seca,"Ácido Ferúlico, Zinc",173.27
9138,Aqua Balm 118,Mixta,"Niacinamida, Extracto de Té Verde",26.93
9139,Aqua Balm 69,Acneica,"Agua Termal, Vitamina C, Manteca de Karité",109.15
9140,AcneFree 187,Grasa,"Ácido Láctico, Vitamina C, Peptidos",102.31
9141,Clear Skin 85,Normal,"Aceite de Jojoba, Ácido Ferúlico",22.5
9142,Daily Moist 104,Madura,"Zinc, Ceramidas, Avena Coloidal, Manteca de Karité",173.64
9143,Radiant Day 296,Normal,"Aceite de Jojoba, Niacinamida",34.82
9144,UltraSmooth 279,Acneica,"Avena Coloidal, Pantenol, Niacinamida",179.5
9145,DermaFix 32,Acneica,"Aceite de Jojoba, Avena Coloidal, Vitamina C, Extracto de Té Verde",27.89
9146,SunShield 185,Madura,"Zinc, Niacinamida, Ácido Láctico",122.17
9147,Hydra Boost 42,Seca,"Glicerina, Retinol",106.17
9148,Radiant Day 209,Seca,"Urea, Aloe Vera, Ácido Láctico",117.45
9149,DermaFix 42,Mixta,"Aloe Vera, Ácido Ferúlico, Ácido Láctico",167.03
9150,Daily Moist 154,Grasa,"Glicerina, Ácido Hialurónico, Aceite de Jojoba",31.31
9151,Aqua Balm 199,Todo tipo,"Glicerina, Manteca de Karité",166.43
9152,Aqua Balm 211,Acneica,"Ácido Láctico, Urea",33.86
9153,NightCare 30,Madura,"Ácido Salicílico, Pantenol, Aceite de Jojoba, Avena Coloidal",116.4
9154,Hydra Boost 230,Madura,"Avena Coloidal, Extracto de Té Verde, Manteca de Karité",146.21
9155,RegenX 168,Mixta,"Ácido Ferúlico, Glicerina",32.81
9156,Silky Touch 154,Sensible,"Aceite de Jojoba, Ácido Hialurónico",53.13
9157,Radiant Day 77,Normal,"Vitamina C, Pantenol",107.3
9158,UltraSmooth 98,Sensible,"Ácido Ferúlico, Aceite de Jojoba",124.17
9159,Hydra Boost 200,Todo tipo,"Agua Termal, Ácido Salicílico, Pantenol",40.68
9160,Silky Touch 280,Sensible,"Zinc, Aloe Vera, Ácido Láctico, Aceite de Jojoba",177.78
9161,Hydra Boost 232,Madura,"Manteca de Karité, Niacinamida, Extracto de Té Verde",67.0
9162,SunShield 213,Madura,"Glicerina, Extracto de Té Verde",60.3
9163,Glow Serum 202,Normal,"Ácido Hialurónico, Manteca de Karité, Urea",168.47
9164,Aqua Balm 216,Normal,"Zinc, Avena Coloidal, Ácido Salicílico",170.69
9165,SunShield 219,Mixta,"Manteca de Karité, Ceramidas, Zinc",18.75
9166,CeraPlus 55,Grasa,"Ácido Láctico, Vitamina C, Avena Coloidal, Zinc",72.32
9167,Daily Moist 152,Normal,"Glicerina, Aloe Vera, Vitamina C",16.17
9168,Fresh Dew 50,Madura,"Avena Coloidal, Niacinamida",140.95
9169,Radiant Day 100,Sensible,"Aloe Vera, Pantenol, Peptidos, Ácido Ferúlico",97.95
9170,RegenX 162,Madura,"Ceramidas, Vitamina C, Aceite de Jojoba",155.72
9171,Fresh Dew 52,Grasa,"Ácido Salicílico, Extracto de Té Verde, Niacinamida, Urea",198.09
9172,AgeDefy 134,Mixta,"Peptidos, Vitamina C, Ácido Ferúlico",107.81
9173,Radiant Day 53,Todo tipo,"Ácido Láctico, Agua Termal, Vitamina C, Ácido Salicílico",164.73
9174,Silky Touch 228,Sensible,"Ácido Salicílico, Vitamina C, Retinol, Zinc",7.22
9175,SunShield 138,Grasa,"Vitamina C, Urea",165.45
9176,NightCare 28,Seca,"Aloe Vera, Retinol, Vitamina C, Ácido Ferúlico",56.94
9177,NightCare 102,Sensible,"Zinc, Aloe Vera, Manteca de Karité",141.16
9178,Clear Skin 231,Sensible,"Retinol, Ácido Hialurónico",192.45
9179,Radiant Day 161,Acneica,"Aceite de Jojoba, Avena Coloidal",186.67
9180,RegenX 85,Acneica,"Niacinamida, Ácido Hialurónico, Avena Coloidal, Ceramidas",46.16
9181,SunShield 250,Madura,"Zinc, Niacinamida",96.04
9182,Glow Serum 276,Normal,"Manteca de Karité, Ácido Láctico, Ácido Salicílico, Peptidos",134.8
9183,BrightFix 80,Grasa,"Ácido Ferúlico, Vitamina C, Avena Coloidal",86.35
9184,Clear Skin 139,Acneica,"Aceite de Jojoba, Peptidos",138.84
9185,Hydra Boost 127,Normal,"Urea, Aceite de Jojoba",71.52
9186,BrightFix 59,Madura,"Vitamina C, Retinol, Niacinamida",145.45
9187,NightCare 192,Todo tipo,"Manteca de Karité, Ácido Láctico",198.85
9188,SunShield 35,Madura,"Urea, Ácido Hialurónico, Peptidos",157.43
9189,OilControl 145,Mixta,"Extracto de Té Verde, Retinol, Zinc, Avena Coloidal",22.44
9190,NutriGlow 282,Grasa,"Manteca de Karité, Ácido Láctico",193.77
9191,BrightFix 178,Madura,"Niacinamida, Glicerina, Aceite de Jojoba, Ácido Hialurónico",145.95
9192,Daily Moist 85,Mixta,"Manteca de Karité, Urea",126.36
9193,CeraPlus 293,Acneica,"Urea, Agua Termal, Retinol",26.7
9194,Radiant Day 197,Acneica,"Aloe Vera, Agua Termal, Ácido Hialurónico",173.0
9195,DermaFix 7,Acneica,"Glicerina, Ácido Hialurónico, Ácido Láctico, Vitamina C",182.4
9196,Fresh Dew 21,Acneica,"Ácido Ferúlico, Aloe Vera, Niacinamida, Ácido Láctico",126.06
9197,Aqua Balm 292,Mixta,"Peptidos, Ácido Láctico, Vitamina C, Manteca de Karité",22.07
9198,NutriGlow 124,Madura,"Vitamina C, Urea, Ácido Salicílico",163.24
9199,UltraSmooth 296,Grasa,"Agua Termal, Glicerina, Ácido Láctico",119.42
9200,AcneFree 173,Todo tipo,"Aloe Vera, Peptidos, Extracto de Té Verde",91.54
9201,Clear Skin 197,Seca,"Ácido Salicílico, Ceramidas, Urea, Vitamina C",45.34
9202,SkinPure 233,Madura,"Glicerina, Urea, Manteca de Karité, Ácido Láctico",6.99
9203,Fresh Dew 83,Grasa,"Vitamina C, Urea, Ácido Hialurónico",124.71
9204,Aqua Balm 204,Acneica,"Aloe Vera, Ceramidas, Agua Termal, Extracto de Té Verde",40.07
9205,AgeDefy 79,Grasa,"Pantenol, Ácido Salicílico, Vitamina C, Ceramidas",123.52
9206,NutriGlow 284,Normal,"Aloe Vera, Ácido Ferúlico, Zinc",60.52
9207,UltraSmooth 98,Madura,"Aceite de Jojoba, Ácido Láctico",99.16
9208,AcneFree 158,Mixta,"Vitamina C, Manteca de Karité",82.07
9209,RegenX 113,Madura,"Pantenol, Niacinamida, Ácido Hialurónico, Ceramidas",48.4
9210,Clear Skin 297,Sensible,"Retinol, Ácido Ferúlico, Pantenol, Peptidos",198.58
9211,Daily Moist 46,Todo tipo,"Glicerina, Ceramidas, Ácido Ferúlico",68.66
9212,OilControl 7,Mixta,"Manteca de Karité, Pantenol, Niacinamida, Ácido Salicílico",123.35
9213,Glow Serum 227,Madura,"Glicerina, Niacinamida, Ácido Salicílico",75.54
9214,Radiant Day 225,Normal,"Peptidos, Ácido Ferúlico",60.39
9215,Aqua Balm 291,Mixta,"Ácido Salicílico, Extracto de Té Verde, Ácido Láctico, Niacinamida",93.14
9216,Daily Moist 133,Acneica,"Urea, Ácido Ferúlico, Vitamina C, Ceramidas",50.36
9217,Daily Moist 252,Todo tipo,"Avena Coloidal, Peptidos, Retinol, Ceramidas",165.85
9218,AcneFree 74,Mixta,"Ácido Hialurónico, Ceramidas",157.52
9219,AcneFree 17,Seca,"Niacinamida, Agua Termal, Avena Coloidal",23.61
9220,UltraSmooth 220,Mixta,"Ácido Hialurónico, Ácido Láctico, Peptidos",175.22
9221,Daily Moist 234,Grasa,"Zinc, Aloe Vera, Extracto de Té Verde",88.35
9222,SkinPure 209,Acneica,"Ácido Láctico, Niacinamida, Zinc, Ácido Salicílico",172.74
9223,CeraPlus 101,Seca,"Urea, Glicerina",166.68
9224,Glow Serum 116,Grasa,"Urea, Peptidos",198.1
9225,AcneFree 195,Acneica,"Aceite de Jojoba, Vitamina C",34.81
9226,BrightFix 7,Grasa,"Peptidos, Niacinamida, Urea, Ácido Hialurónico",89.67
9227,AgeDefy 188,Mixta,"Ceramidas, Extracto de Té Verde, Peptidos, Niacinamida",103.57
9228,Hydra Boost 218,Madura,"Manteca de Karité, Aceite de Jojoba, Peptidos, Niacinamida",150.39
9229,SunShield 208,Grasa,"Pantenol, Aceite de Jojoba, Zinc",194.72
9230,Glow Serum 274,Normal,"Avena Coloidal, Agua Termal, Niacinamida",46.59
9231,Fresh Dew 199,Mixta,"Aceite de Jojoba, Urea, Ácido Láctico",179.34
9232,AgeDefy 259,Mixta,"Manteca de Karité, Agua Termal, Ácido Salicílico",141.66
9233,Silky Touch 47,Madura,"Glicerina, Ácido Salicílico",67.46
9234,NutriGlow 112,Mixta,"Vitamina C, Agua Termal, Avena Coloidal, Retinol",195.81
9235,NightCare 34,Sensible,"Niacinamida, Peptidos",139.31
9236,Silky Touch 12,Normal,"Ceramidas, Aloe Vera",106.21
9237,NightCare 11,Todo tipo,"Glicerina, Extracto de Té Verde",79.73
9238,CeraPlus 268,Madura,"Retinol, Zinc, Aceite de Jojoba",158.32
9239,BrightFix 161,Acneica,"Retinol, Aloe Vera, Niacinamida",20.49
9240,SkinPure 88,Todo tipo,"Pantenol, Extracto de Té Verde",100.08
9241,Fresh Dew 36,Sensible,"Avena Coloidal, Aloe Vera",52.24
9242,NightCare 235,Mixta,"Ácido Láctico, Ácido Hialurónico, Niacinamida, Peptidos",62.47
9243,DermaFix 131,Sensible,"Aloe Vera, Zinc, Urea",85.63
9244,Daily Moist 270,Sensible,"Retinol, Ácido Láctico",185.01
9245,AgeDefy 279,Seca,"Zinc, Manteca de Karité, Peptidos",114.68
9246,Fresh Dew 23,Acneica,"Urea, Ácido Láctico, Zinc, Ceramidas",48.65
9247,SunShield 114,Grasa,"Agua Termal, Ácido Ferúlico",187.07
9248,AcneFree 205,Acneica,"Niacinamida, Retinol",158.12
9249,Hydra Boost 145,Madura,"Ceramidas, Peptidos, Aloe Vera",36.29
9250,Silky Touch 150,Sensible,"Ácido Ferúlico, Aceite de Jojoba",162.72
9251,Aqua Balm 152,Sensible,"Aloe Vera, Ácido Ferúlico, Extracto de Té Verde, Agua Termal",12.55
9252,RegenX 239,Seca,"Extracto de Té Verde, Aloe Vera, Retinol",49.79
9253,NutriGlow 300,Acneica,"Ácido Hialurónico, Niacinamida",155.0
9254,OilControl 8,Grasa,"Niacinamida, Avena Coloidal, Aceite de Jojoba",128.97
9255,OilControl 269,Mixta,"Ácido Salicílico, Avena Coloidal, Agua Termal, Zinc",135.61
9256,NutriGlow 154,Sensible,"Extracto de Té Verde, Ácido Hialurónico, Peptidos",112.23
9257,AcneFree 164,Todo tipo,"Vitamina C, Aceite de Jojoba, Ácido Salicílico",123.24
9258,RegenX 261,Todo tipo,"Zinc, Aloe Vera",186.27
9259,RegenX 50,Madura,"Manteca de Karité, Pantenol, Ácido Hialurónico",87.17
9260,RegenX 53,Seca,"Ácido Láctico, Aloe Vera, Agua Termal, Niacinamida",76.27
9261,Fresh Dew 159,Sensible,"Vitamina C, Pantenol, Peptidos, Ácido Ferúlico",7.56
9262,NutriGlow 182,Todo tipo,"Peptidos, Ácido Láctico",189.96
9263,AcneFree 274,Sensible,"Aloe Vera, Retinol",138.55
9264,NutriGlow 82,Todo tipo,"Aceite de Jojoba, Extracto de Té Verde, Glicerina",153.87
9265,Glow Serum 294,Madura,"Glicerina, Aloe Vera, Pantenol, Ácido Salicílico",26.54
9266,Clear Skin 66,Grasa,"Ácido Láctico, Pantenol, Avena Coloidal",130.58
9267,RegenX 12,Grasa,"Aceite de Jojoba, Retinol",54.5
9268,Radiant Day 227,Normal,"Pantenol, Glicerina",100.72
9269,Daily Moist 154,Grasa,"Glicerina, Vitamina C, Peptidos",186.73
9270,OilControl 299,Grasa,"Ácido Láctico, Avena Coloidal, Agua Termal",8.02
9271,UltraSmooth 251,Mixta,"Urea, Ácido Hialurónico, Extracto de Té Verde, Ácido Ferúlico",160.93
9272,Silky Touch 239,Mixta,"Avena Coloidal, Ácido Ferúlico, Zinc, Ceramidas",74.63
9273,AgeDefy 5,Normal,"Glicerina, Retinol",22.04
9274,BrightFix 127,Mixta,"Ácido Hialurónico, Ceramidas, Ácido Ferúlico",155.93
9275,SkinPure 212,Mixta,"Vitamina C, Ceramidas, Agua Termal, Avena Coloidal",100.16
9276,Silky Touch 295,Mixta,"Urea, Glicerina",104.83
9277,DermaFix 63,Todo tipo,"Avena Coloidal, Ácido Salicílico, Peptidos",146.99
9278,DermaFix 153,Mixta,"Ácido Ferúlico, Urea, Ácido Salicílico",5.51
9279,DermaFix 204,Sensible,"Extracto de Té Verde, Aloe Vera",117.31
9280,DermaFix 26,Madura,"Pantenol, Agua Termal",171.73
9281,SkinPure 16,Sensible,"Pantenol, Ácido Hialurónico",120.48
9282,Hydra Boost 40,Sensible,"Peptidos, Aloe Vera",64.27
9283,Daily Moist 4,Madura,"Glicerina, Avena Coloidal, Zinc",160.88
9284,RegenX 67,Seca,"Ácido Hialurónico, Ácido Salicílico, Aceite de Jojoba, Ácido Láctico",152.18
9285,NutriGlow 244,Seca,"Ácido Ferúlico, Avena Coloidal",30.44
9286,SunShield 16,Seca,"Peptidos, Urea, Aceite de Jojoba",84.68
9287,NightCare 21,Grasa,"Extracto de Té Verde, Pantenol, Ácido Ferúlico",152.77
9288,Hydra Boost 216,Normal,"Ácido Hialurónico, Avena Coloidal",125.14
9289,Clear Skin 124,Mixta,"Ceramidas, Aceite de Jojoba",193.84
9290,Daily Moist 85,Grasa,"Pantenol, Zinc",122.7
9291,DermaFix 139,Grasa,"Manteca de Karité, Zinc, Retinol, Ácido Láctico",163.63
9292,Silky Touch 61,Sensible,"Ácido Hialurónico, Niacinamida, Glicerina",20.05
9293,UltraSmooth 275,Seca,"Ácido Hialurónico, Retinol, Vitamina C",59.53
9294,BrightFix 60,Mixta,"Ácido Hialurónico, Vitamina C, Avena Coloidal, Ácido Ferúlico",88.87
9295,UltraSmooth 221,Madura,"Glicerina, Ácido Láctico, Ácido Ferúlico",40.24
9296,DermaFix 63,Normal,"Peptidos, Vitamina C, Aloe Vera, Aceite de Jojoba",60.68
9297,OilControl 46,Grasa,"Retinol, Vitamina C, Ceramidas, Ácido Salicílico",54.69
9298,BrightFix 153,Normal,"Ceramidas, Urea, Zinc",52.58
9299,SunShield 130,Mixta,"Pantenol, Agua Termal, Peptidos, Ácido Salicílico",175.72
9300,Aqua Balm 255,Grasa,"Urea, Extracto de Té Verde",118.93
9301,BrightFix 51,Sensible,"Ácido Salicílico, Niacinamida",105.03
9302,BrightFix 122,Todo tipo,"Ácido Ferúlico, Extracto de Té Verde",125.43
9303,UltraSmooth 256,Madura,"Ácido Salicílico, Aceite de Jojoba",187.21
9304,Daily Moist 221,Madura,"Manteca de Karité, Avena Coloidal",58.88
9305,UltraSmooth 113,Seca,"Pantenol, Urea, Aceite de Jojoba",35.09
9306,AcneFree 52,Normal,"Urea, Niacinamida",86.51
9307,SunShield 15,Seca,"Ácido Ferúlico, Ceramidas, Pantenol",51.0
9308,NightCare 226,Acneica,"Retinol, Ácido Salicílico",147.22
9309,CeraPlus 85,Sensible,"Retinol, Ácido Láctico, Urea, Agua Termal",111.08
9310,RegenX 142,Todo tipo,"Pantenol, Aceite de Jojoba",114.74
9311,Glow Serum 179,Normal,"Pantenol, Agua Termal, Ácido Salicílico",71.77
9312,AgeDefy 199,Seca,"Agua Termal, Urea",148.99
9313,RegenX 10,Seca,"Manteca de Karité, Aloe Vera, Vitamina C, Ácido Salicílico",40.2
9314,Radiant Day 112,Todo tipo,"Aloe Vera, Ácido Hialurónico, Retinol, Peptidos",79.06
9315,BrightFix 140,Madura,"Vitamina C, Ácido Hialurónico, Ceramidas",181.94
9316,CeraPlus 263,Normal,"Ácido Salicílico, Zinc, Urea",20.35
9317,Hydra Boost 220,Madura,"Vitamina C, Peptidos, Pantenol",80.78
9318,DermaFix 110,Normal,"Avena Coloidal, Urea",87.95
9319,NutriGlow 210,Madura,"Glicerina, Agua Termal",86.54
9320,AcneFree 255,Todo tipo,"Retinol, Peptidos, Zinc, Agua Termal",197.4
9321,Clear Skin 181,Todo tipo,"Aloe Vera, Urea, Ácido Hialurónico",44.62
9322,DermaFix 264,Grasa,"Manteca de Karité, Ácido Láctico, Ácido Salicílico, Avena Coloidal",192.51
9323,Radiant Day 56,Sensible,"Niacinamida, Ceramidas, Aloe Vera, Retinol",115.22
9324,Silky Touch 162,Grasa,"Extracto de Té Verde, Niacinamida",176.31
9325,Clear Skin 7,Seca,"Peptidos, Aloe Vera",32.59
9326,Daily Moist 167,Madura,"Ceramidas, Ácido Salicílico",24.76
9327,CeraPlus 244,Todo tipo,"Niacinamida, Ceramidas, Pantenol, Ácido Láctico",27.85
9328,AcneFree 12,Normal,"Agua Termal, Ácido Ferúlico",144.22
9329,CeraPlus 146,Grasa,"Niacinamida, Avena Coloidal",146.7
9330,Glow Serum 120,Acneica,"Extracto de Té Verde, Ácido Hialurónico, Niacinamida, Ácido Láctico",7.65
9331,DermaFix 105,Acneica,"Retinol, Avena Coloidal",51.41
9332,UltraSmooth 2,Seca,"Aloe Vera, Urea",100.91
9333,UltraSmooth 104,Normal,"Retinol, Agua Termal, Manteca de Karité, Extracto de Té Verde",36.21
9334,Radiant Day 45,Mixta,"Manteca de Karité, Aloe Vera, Avena Coloidal",84.65
9335,Glow Serum 87,Mixta,"Peptidos, Manteca de Karité, Extracto de Té Verde, Agua Termal",115.89
9336,NightCare 46,Grasa,"Retinol, Glicerina, Ácido Hialurónico, Urea",88.06
9337,NutriGlow 53,Seca,"Ácido Hialurónico, Agua Termal",172.91
9338,BrightFix 224,Madura,"Ácido Ferúlico, Retinol, Zinc, Avena Coloidal",199.6
9339,NutriGlow 28,Madura,"Vitamina C, Glicerina, Ácido Hialurónico, Manteca de Karité",185.03
9340,Daily Moist 275,Sensible,"Manteca de Karité, Ácido Salicílico, Zinc",34.9
9341,DermaFix 123,Grasa,"Peptidos, Ácido Hialurónico, Niacinamida",144.63
9342,CeraPlus 27,Normal,"Vitamina C, Ácido Salicílico",82.92
9343,Fresh Dew 166,Mixta,"Glicerina, Ácido Salicílico, Manteca de Karité, Zinc",53.35
9344,RegenX 77,Seca,"Retinol, Peptidos, Vitamina C, Pantenol",127.71
9345,AgeDefy 134,Mixta,"Avena Coloidal, Pantenol, Extracto de Té Verde",152.02
9346,Clear Skin 245,Seca,"Avena Coloidal, Ácido Ferúlico, Peptidos",196.2
9347,SkinPure 280,Seca,"Pantenol, Avena Coloidal, Ceramidas, Ácido Láctico",100.81
9348,Silky Touch 277,Sensible,"Agua Termal, Extracto de Té Verde, Urea",55.55
9349,RegenX 228,Sensible,"Ácido Ferúlico, Extracto de Té Verde",198.57
9350,Fresh Dew 150,Normal,"Ceramidas, Ácido Hialurónico, Extracto de Té Verde",27.42
9351,RegenX 82,Seca,"Pantenol, Glicerina, Extracto de Té Verde, Avena Coloidal",99.18
9352,Aqua Balm 274,Seca,"Aceite de Jojoba, Glicerina",47.62
9353,OilControl 40,Grasa,"Ácido Ferúlico, Urea, Zinc",190.01
9354,SunShield 248,Madura,"Zinc, Avena Coloidal, Urea",123.51
9355,NightCare 16,Todo tipo,"Peptidos, Ácido Hialurónico, Aceite de Jojoba, Urea",24.52
9356,NightCare 124,Todo tipo,"Agua Termal, Ácido Láctico, Aloe Vera",131.0
9357,DermaFix 63,Madura,"Extracto de Té Verde, Aloe Vera",18.89
9358,SkinPure 217,Normal,"Ácido Ferúlico, Avena Coloidal, Peptidos",34.23
9359,UltraSmooth 233,Madura,"Avena Coloidal, Peptidos",82.02
9360,Radiant Day 30,Grasa,"Zinc, Ácido Salicílico, Ácido Láctico, Ácido Ferúlico",40.82
9361,CeraPlus 109,Seca,"Agua Termal, Aloe Vera, Manteca de Karité",148.74
9362,AgeDefy 56,Mixta,"Ácido Láctico, Retinol, Aceite de Jojoba",84.28
9363,CeraPlus 199,Seca,"Ácido Hialurónico, Peptidos, Ácido Láctico, Pantenol",165.27
9364,Fresh Dew 46,Seca,"Vitamina C, Aloe Vera, Glicerina",17.43
9365,OilControl 76,Normal,"Niacinamida, Ácido Hialurónico, Urea, Pantenol",8.93
9366,Silky Touch 298,Sensible,"Manteca de Karité, Pantenol, Agua Termal",18.9
9367,BrightFix 153,Normal,"Ácido Hialurónico, Ácido Salicílico, Ceramidas, Vitamina C",99.0
9368,CeraPlus 8,Seca,"Zinc, Aceite de Jojoba, Agua Termal, Extracto de Té Verde",41.84
9369,SkinPure 291,Mixta,"Ácido Salicílico, Glicerina, Pantenol",23.38
9370,BrightFix 59,Sensible,"Pantenol, Zinc, Peptidos",198.0
9371,Radiant Day 45,Todo tipo,"Aloe Vera, Ácido Hialurónico, Manteca de Karité, Peptidos",57.56
9372,UltraSmooth 2,Todo tipo,"Pantenol, Ácido Láctico",154.03
9373,Radiant Day 147,Normal,"Ceramidas, Ácido Láctico",9.51
9374,Silky Touch 291,Seca,"Manteca de Karité, Aloe Vera, Vitamina C",121.22
9375,RegenX 146,Madura,"Retinol, Niacinamida, Manteca de Karité",29.51
9376,Silky Touch 89,Seca,"Aloe Vera, Aceite de Jojoba, Zinc, Ácido Hialurónico",73.82
9377,AgeDefy 292,Madura,"Ácido Láctico, Manteca de Karité",9.64
9378,AcneFree 142,Acneica,"Ceramidas, Avena Coloidal",156.51
9379,Silky Touch 92,Mixta,"Zinc, Vitamina C, Aloe Vera",75.88
9380,Daily Moist 117,Acneica,"Vitamina C, Zinc, Retinol",120.71
9381,SunShield 261,Normal,"Avena Coloidal, Agua Termal",43.69
9382,NightCare 4,Todo tipo,"Retinol, Agua Termal, Vitamina C, Extracto de Té Verde",87.78
9383,CeraPlus 261,Acneica,"Extracto de Té Verde, Pantenol, Aceite de Jojoba, Vitamina C",72.41
9384,NutriGlow 286,Todo tipo,"Glicerina, Pantenol",154.35
9385,DermaFix 196,Seca,"Vitamina C, Manteca de Karité, Retinol, Avena Coloidal",8.94
9386,NutriGlow 250,Sensible,"Ceramidas, Aloe Vera, Extracto de Té Verde, Ácido Hialurónico",145.84
9387,Fresh Dew 257,Normal,"Ácido Láctico, Niacinamida",126.75
9388,AcneFree 103,Grasa,"Glicerina, Peptidos",113.1
9389,AcneFree 144,Todo tipo,"Zinc, Urea, Manteca de Karité, Ácido Ferúlico",94.38
9390,Glow Serum 160,Madura,"Extracto de Té Verde, Urea, Ácido Salicílico, Aloe Vera",182.64
9391,AcneFree 5,Normal,"Aloe Vera, Ácido Salicílico, Agua Termal, Ácido Ferúlico",175.0
9392,AgeDefy 11,Seca,"Peptidos, Ácido Salicílico",38.21
9393,OilControl 76,Acneica,"Urea, Aloe Vera, Ácido Hialurónico, Pantenol",30.84
9394,NightCare 3,Sensible,"Ácido Ferúlico, Vitamina C, Pantenol, Ácido Hialurónico",109.98
9395,AcneFree 199,Madura,"Ácido Ferúlico, Peptidos, Glicerina",190.85
9396,SkinPure 240,Acneica,"Extracto de Té Verde, Avena Coloidal",158.72
9397,SunShield 109,Grasa,"Zinc, Avena Coloidal",134.66
9398,Hydra Boost 243,Seca,"Ácido Salicílico, Ácido Láctico, Aceite de Jojoba",192.54
9399,NightCare 254,Mixta,"Urea, Peptidos",161.51
9400,UltraSmooth 139,Todo tipo,"Pantenol, Ceramidas, Retinol, Manteca de Karité",36.8
9401,UltraSmooth 159,Todo tipo,"Manteca de Karité, Ceramidas, Ácido Ferúlico, Niacinamida",156.89
9402,Silky Touch 27,Normal,"Vitamina C, Ceramidas, Ácido Láctico, Peptidos",93.83
9403,BrightFix 41,Madura,"Niacinamida, Peptidos, Glicerina, Retinol",104.68
9404,Hydra Boost 252,Acneica,"Pantenol, Aloe Vera",55.4
9405,SkinPure 61,Acneica,"Peptidos, Ácido Láctico, Vitamina C",194.86
9406,RegenX 232,Grasa,"Ácido Láctico, Extracto de Té Verde",36.62
9407,CeraPlus 184,Sensible,"Pantenol, Avena Coloidal",176.63
9408,NightCare 145,Grasa,"Zinc, Niacinamida, Ácido Ferúlico",153.07
9409,Glow Serum 44,Seca,"Extracto de Té Verde, Urea",36.01
9410,AgeDefy 5,Grasa,"Retinol, Ácido Ferúlico, Ácido Hialurónico",129.28
9411,DermaFix 42,Sensible,"Ceramidas, Peptidos, Ácido Ferúlico",138.38
9412,Clear Skin 150,Sensible,"Urea, Niacinamida, Agua Termal",34.19
9413,AgeDefy 250,Seca,"Vitamina C, Peptidos, Zinc",69.53
9414,SkinPure 17,Sensible,"Niacinamida, Glicerina, Retinol, Zinc",140.23
9415,RegenX 199,Mixta,"Peptidos, Zinc, Ceramidas",88.75
9416,OilControl 276,Grasa,"Peptidos, Manteca de Karité, Extracto de Té Verde, Ácido Láctico",96.79
9417,Hydra Boost 32,Seca,"Retinol, Agua Termal, Ceramidas",187.09
9418,Clear Skin 20,Todo tipo,"Niacinamida, Aceite de Jojoba, Urea",60.65
9419,Clear Skin 237,Todo tipo,"Ácido Hialurónico, Agua Termal",8.81
9420,UltraSmooth 1,Madura,"Aloe Vera, Glicerina",131.62
9421,AcneFree 294,Grasa,"Avena Coloidal, Aloe Vera, Ácido Ferúlico, Extracto de Té Verde",49.96
9422,SunShield 58,Grasa,"Aceite de Jojoba, Pantenol, Glicerina, Niacinamida",55.21
9423,SkinPure 270,Sensible,"Manteca de Karité, Aceite de Jojoba",156.43
9424,Radiant Day 102,Madura,"Ácido Hialurónico, Aceite de Jojoba, Pantenol, Urea",137.79
9425,AcneFree 191,Seca,"Avena Coloidal, Aceite de Jojoba",10.12
9426,NightCare 106,Madura,"Ácido Salicílico, Retinol, Agua Termal",197.63
9427,BrightFix 177,Sensible,"Extracto de Té Verde, Niacinamida",131.36
9428,SkinPure 188,Grasa,"Ácido Hialurónico, Ácido Ferúlico, Zinc",177.8
9429,AgeDefy 198,Sensible,"Aceite de Jojoba, Avena Coloidal, Niacinamida, Ácido Hialurónico",109.73
9430,Hydra Boost 53,Acneica,"Ácido Salicílico, Manteca de Karité",150.94
9431,AgeDefy 179,Grasa,"Urea, Vitamina C, Avena Coloidal, Extracto de Té Verde",166.46
9432,Hydra Boost 83,Normal,"Niacinamida, Retinol, Ácido Láctico, Ácido Ferúlico",59.66
9433,UltraSmooth 130,Grasa,"Ácido Láctico, Avena Coloidal, Ácido Salicílico",166.45
9434,AgeDefy 108,Normal,"Urea, Ácido Láctico, Extracto de Té Verde",182.63
9435,CeraPlus 88,Todo tipo,"Niacinamida, Aceite de Jojoba",171.49
9436,Fresh Dew 275,Normal,"Ácido Hialurónico, Urea, Ácido Ferúlico, Retinol",81.71
9437,Clear Skin 6,Seca,"Ácido Hialurónico, Zinc, Aceite de Jojoba, Ácido Láctico",48.45
9438,Daily Moist 28,Madura,"Extracto de Té Verde, Ácido Láctico",35.28
9439,Fresh Dew 237,Grasa,"Manteca de Karité, Ácido Salicílico, Ácido Láctico",159.67
9440,OilControl 155,Acneica,"Extracto de Té Verde, Vitamina C, Ácido Ferúlico",154.88
9441,Daily Moist 38,Grasa,"Ácido Láctico, Aceite de Jojoba, Niacinamida, Retinol",155.89
9442,CeraPlus 118,Grasa,"Retinol, Agua Termal",91.85
9443,CeraPlus 195,Todo tipo,"Urea, Aloe Vera, Ácido Ferúlico, Extracto de Té Verde",100.99
9444,UltraSmooth 234,Todo tipo,"Retinol, Ácido Salicílico, Aloe Vera, Ceramidas",160.62
9445,NutriGlow 34,Sensible,"Peptidos, Avena Coloidal",47.6
9446,Fresh Dew 31,Acneica,"Aceite de Jojoba, Urea, Manteca de Karité, Extracto de Té Verde",175.21
9447,SunShield 274,Grasa,"Ácido Ferúlico, Retinol",126.32
9448,NutriGlow 91,Seca,"Aloe Vera, Glicerina, Pantenol, Urea",117.88
9449,RegenX 62,Mixta,"Ácido Ferúlico, Ácido Salicílico",105.36
9450,SkinPure 139,Seca,"Ácido Salicílico, Aloe Vera, Niacinamida",146.54
9451,AcneFree 165,Sensible,"Extracto de Té Verde, Ácido Hialurónico",103.91
9452,Radiant Day 212,Seca,"Niacinamida, Aceite de Jojoba, Ácido Láctico, Glicerina",131.37
9453,Aqua Balm 197,Seca,"Peptidos, Zinc, Ácido Salicílico, Manteca de Karité",84.21
9454,Glow Serum 156,Normal,"Aloe Vera, Agua Termal, Urea",114.2
9455,Daily Moist 221,Acneica,"Pantenol, Zinc, Agua Termal, Aloe Vera",66.2
9456,BrightFix 261,Todo tipo,"Extracto de Té Verde, Ácido Ferúlico, Zinc",114.79
9457,CeraPlus 79,Normal,"Ácido Ferúlico, Ácido Salicílico, Peptidos, Pantenol",84.26
9458,OilControl 184,Normal,"Glicerina, Agua Termal, Aceite de Jojoba, Zinc",117.78
9459,CeraPlus 162,Madura,"Ceramidas, Ácido Hialurónico, Ácido Ferúlico, Urea",142.38
9460,Fresh Dew 258,Grasa,"Manteca de Karité, Peptidos, Vitamina C, Retinol",10.14
9461,NutriGlow 133,Sensible,"Ceramidas, Zinc, Manteca de Karité",33.09
9462,NightCare 104,Grasa,"Manteca de Karité, Aloe Vera, Ceramidas",111.08
9463,NutriGlow 158,Madura,"Ácido Salicílico, Ácido Hialurónico, Avena Coloidal",191.29
9464,SunShield 216,Acneica,"Retinol, Ácido Hialurónico, Avena Coloidal, Peptidos",37.69
9465,UltraSmooth 261,Madura,"Pantenol, Vitamina C, Manteca de Karité",133.71
9466,Daily Moist 161,Mixta,"Niacinamida, Glicerina, Ácido Ferúlico, Zinc",151.74
9467,SkinPure 154,Mixta,"Pantenol, Ácido Hialurónico, Retinol",63.1
9468,Radiant Day 231,Todo tipo,"Retinol, Ácido Hialurónico",191.88
9469,CeraPlus 191,Sensible,"Vitamina C, Retinol",86.62
9470,BrightFix 213,Sensible,"Avena Coloidal, Ácido Láctico",118.82
9471,Silky Touch 7,Acneica,"Aloe Vera, Zinc, Ácido Láctico",88.21
9472,SunShield 129,Todo tipo,"Pantenol, Zinc, Ácido Láctico, Glicerina",112.24
9473,AgeDefy 54,Seca,"Avena Coloidal, Urea",40.49
9474,CeraPlus 266,Grasa,"Glicerina, Agua Termal, Avena Coloidal",59.1
9475,BrightFix 107,Seca,"Ácido Láctico, Ácido Hialurónico",67.72
9476,Daily Moist 249,Todo tipo,"Aloe Vera, Ácido Salicílico, Ácido Láctico",10.82
9477,SkinPure 105,Madura,"Urea, Pantenol, Agua Termal",173.26
9478,NutriGlow 199,Sensible,"Vitamina C, Zinc",51.99
9479,Radiant Day 115,Todo tipo,"Ácido Hialurónico, Peptidos",21.66
9480,Daily Moist 53,Seca,"Ácido Ferúlico, Pantenol, Aloe Vera",153.83
9481,Radiant Day 24,Seca,"Niacinamida, Ácido Láctico, Manteca de Karité",129.26
9482,NutriGlow 300,Seca,"Avena Coloidal, Manteca de Karité",130.16
9483,BrightFix 102,Grasa,"Zinc, Ácido Hialurónico, Extracto de Té Verde, Glicerina",23.41
9484,SkinPure 38,Madura,"Manteca de Karité, Glicerina, Aceite de Jojoba",74.72
9485,OilControl 249,Todo tipo,"Manteca de Karité, Zinc, Glicerina, Urea",188.87
9486,Hydra Boost 277,Madura,"Niacinamida, Extracto de Té Verde, Retinol, Glicerina",155.77
9487,RegenX 279,Sensible,"Ceramidas, Agua Termal",144.7
9488,NightCare 27,Todo tipo,"Glicerina, Ácido Ferúlico",38.35
9489,SkinPure 107,Acneica,"Vitamina C, Glicerina, Ácido Ferúlico",13.48
9490,SkinPure 267,Todo tipo,"Niacinamida, Glicerina, Aceite de Jojoba, Vitamina C",51.09
9491,Fresh Dew 130,Seca,"Pantenol, Niacinamida",195.5
9492,UltraSmooth 148,Madura,"Extracto de Té Verde, Ácido Ferúlico",164.57
9493,AgeDefy 169,Todo tipo,"Peptidos, Zinc, Vitamina C, Ácido Láctico",37.59
9494,Glow Serum 104,Madura,"Pantenol, Ácido Ferúlico",182.52
9495,OilControl 21,Sensible,"Pantenol, Ceramidas",172.67
9496,NightCare 158,Mixta,"Vitamina C, Ácido Láctico",32.58
9497,BrightFix 259,Acneica,"Extracto de Té Verde, Ácido Láctico",35.84
9498,Daily Moist 260,Madura,"Retinol, Avena Coloidal",130.76
9499,Hydra Boost 225,Seca,"Ácido Ferúlico, Ceramidas, Vitamina C, Peptidos",7.34
9500,NutriGlow 97,Sensible,"Peptidos, Niacinamida, Avena Coloidal",107.19
9501,Glow Serum 275,Sensible,"Avena Coloidal, Aloe Vera",42.55
9502,Hydra Boost 231,Madura,"Retinol, Glicerina, Aloe Vera, Agua Termal",167.26
9503,NightCare 39,Mixta,"Glicerina, Zinc, Urea",61.03
9504,Glow Serum 277,Normal,"Urea, Niacinamida, Manteca de Karité",14.83
9505,Silky Touch 279,Acneica,"Peptidos, Aloe Vera",36.6
9506,Clear Skin 220,Sensible,"Extracto de Té Verde, Pantenol, Agua Termal, Aceite de Jojoba",121.26
9507,Aqua Balm 111,Todo tipo,"Agua Termal, Urea",180.15
9508,Clear Skin 187,Normal,"Ceramidas, Ácido Láctico, Peptidos",138.87
9509,SkinPure 183,Madura,"Ácido Hialurónico, Manteca de Karité, Vitamina C, Aloe Vera",89.57
9510,Fresh Dew 198,Seca,"Ácido Láctico, Extracto de Té Verde",142.11
9511,Glow Serum 153,Madura,"Zinc, Peptidos",187.74
9512,NightCare 120,Normal,"Extracto de Té Verde, Agua Termal",175.77
9513,OilControl 148,Sensible,"Zinc, Glicerina, Extracto de Té Verde",55.57
9514,Aqua Balm 234,Normal,"Retinol, Ácido Ferúlico",45.38
9515,OilControl 120,Mixta,"Zinc, Manteca de Karité, Avena Coloidal, Aloe Vera",112.25
9516,Silky Touch 18,Mixta,"Retinol, Peptidos, Aceite de Jojoba, Manteca de Karité",29.11
9517,Silky Touch 148,Todo tipo,"Ácido Salicílico, Avena Coloidal",176.06
9518,OilControl 230,Todo tipo,"Pantenol, Ácido Salicílico, Ceramidas",79.82
9519,Daily Moist 204,Todo tipo,"Ácido Ferúlico, Aloe Vera, Retinol, Zinc",171.52
9520,UltraSmooth 37,Todo tipo,"Extracto de Té Verde, Ácido Láctico",174.35
9521,RegenX 165,Normal,"Vitamina C, Extracto de Té Verde, Ácido Salicílico",133.35
9522,OilControl 289,Madura,"Zinc, Ácido Láctico, Retinol",158.98
9523,SunShield 117,Grasa,"Aloe Vera, Zinc, Pantenol",151.59
9524,AgeDefy 292,Todo tipo,"Zinc, Ácido Salicílico",153.94
9525,SunShield 117,Acneica,"Manteca de Karité, Aceite de Jojoba",41.46
9526,Daily Moist 99,Grasa,"Agua Termal, Ácido Ferúlico",23.38
9527,BrightFix 47,Madura,"Vitamina C, Aceite de Jojoba",196.45
9528,CeraPlus 238,Todo tipo,"Urea, Ácido Salicílico",33.2
9529,CeraPlus 120,Grasa,"Aloe Vera, Zinc, Ácido Ferúlico",68.66
9530,NutriGlow 242,Sensible,"Ácido Hialurónico, Ceramidas",142.94
9531,Silky Touch 63,Mixta,"Retinol, Ácido Salicílico, Manteca de Karité",39.44
9532,Hydra Boost 34,Sensible,"Peptidos, Ácido Hialurónico, Pantenol, Avena Coloidal",63.32
9533,RegenX 96,Mixta,"Niacinamida, Peptidos, Glicerina",55.93
9534,Silky Touch 269,Normal,"Aceite de Jojoba, Zinc, Ácido Ferúlico, Extracto de Té Verde",44.29
9535,NutriGlow 184,Todo tipo,"Pantenol, Ácido Hialurónico, Ácido Láctico",7.74
9536,Silky Touch 143,Madura,"Urea, Vitamina C",114.75
9537,Daily Moist 289,Normal,"Ácido Láctico, Aceite de Jojoba, Pantenol, Ácido Ferúlico",62.0
9538,Silky Touch 56,Seca,"Retinol, Ácido Hialurónico",100.36
9539,Fresh Dew 137,Grasa,"Ácido Ferúlico, Ácido Láctico, Extracto de Té Verde",186.29
9540,Fresh Dew 20,Todo tipo,"Ceramidas, Aceite de Jojoba, Extracto de Té Verde, Urea",23.85
9541,BrightFix 62,Mixta,"Avena Coloidal, Extracto de Té Verde, Aceite de Jojoba",104.63
9542,Glow Serum 63,Normal,"Agua Termal, Niacinamida, Urea",147.47
9543,Aqua Balm 281,Sensible,"Manteca de Karité, Aceite de Jojoba, Extracto de Té Verde",151.99
9544,NightCare 241,Madura,"Zinc, Glicerina, Vitamina C, Agua Termal",137.79
9545,Silky Touch 298,Seca,"Extracto de Té Verde, Ácido Láctico, Urea, Zinc",45.85
9546,AcneFree 227,Madura,"Agua Termal, Ácido Ferúlico, Extracto de Té Verde",49.05
9547,Clear Skin 23,Seca,"Pantenol, Ácido Ferúlico, Agua Termal, Peptidos",195.58
9548,DermaFix 300,Sensible,"Glicerina, Urea, Niacinamida, Agua Termal",30.92
9549,DermaFix 168,Grasa,"Ácido Ferúlico, Manteca de Karité, Glicerina, Pantenol",31.69
9550,UltraSmooth 295,Sensible,"Agua Termal, Manteca de Karité, Urea",66.38
9551,BrightFix 126,Grasa,"Aloe Vera, Ceramidas",27.49
9552,BrightFix 102,Mixta,"Manteca de Karité, Ácido Hialurónico",83.85
9553,CeraPlus 35,Acneica,"Zinc, Ácido Ferúlico",63.49
9554,Hydra Boost 151,Seca,"Retinol, Pantenol, Ceramidas",30.63
9555,UltraSmooth 219,Seca,"Ácido Ferúlico, Ceramidas, Ácido Hialurónico",90.07
9556,OilControl 152,Mixta,"Zinc, Manteca de Karité",21.08
9557,OilControl 196,Grasa,"Pantenol, Avena Coloidal",119.88
9558,SkinPure 126,Madura,"Glicerina, Ácido Hialurónico, Aceite de Jojoba, Peptidos",68.11
9559,NightCare 239,Sensible,"Avena Coloidal, Ácido Ferúlico",95.13
9560,UltraSmooth 226,Normal,"Extracto de Té Verde, Agua Termal",188.36
9561,CeraPlus 84,Normal,"Retinol, Pantenol, Ácido Hialurónico, Zinc",89.75
9562,Glow Serum 124,Todo tipo,"Niacinamida, Extracto de Té Verde, Aloe Vera, Agua Termal",38.25
9563,RegenX 268,Madura,"Aceite de Jojoba, Aloe Vera",180.61
9564,AgeDefy 25,Acneica,"Agua Termal, Ácido Ferúlico, Peptidos, Glicerina",175.37
9565,AcneFree 37,Madura,"Glicerina, Ácido Salicílico, Ceramidas",155.94
9566,UltraSmooth 87,Todo tipo,"Aloe Vera, Ceramidas, Glicerina, Ácido Salicílico",189.71
9567,Silky Touch 146,Normal,"Avena Coloidal, Peptidos, Ácido Ferúlico",115.42
9568,SunShield 81,Sensible,"Ácido Ferúlico, Niacinamida, Ácido Hialurónico",141.94
9569,DermaFix 203,Mixta,"Aceite de Jojoba, Ácido Láctico, Urea",107.65
9570,DermaFix 166,Todo tipo,"Agua Termal, Ácido Ferúlico, Zinc",74.19
9571,Silky Touch 94,Mixta,"Ácido Hialurónico, Aceite de Jojoba",8.2
9572,NutriGlow 184,Acneica,"Zinc, Niacinamida, Aloe Vera, Urea",112.61
9573,AcneFree 59,Normal,"Agua Termal, Aceite de Jojoba, Aloe Vera, Ácido Ferúlico",43.61
9574,Daily Moist 41,Grasa,"Aloe Vera, Ácido Ferúlico, Ceramidas, Retinol",163.37
9575,Glow Serum 226,Madura,"Ácido Hialurónico, Urea, Peptidos",143.1
9576,SunShield 172,Mixta,"Peptidos, Vitamina C, Aloe Vera, Retinol",173.8
9577,Radiant Day 106,Grasa,"Ácido Ferúlico, Ácido Hialurónico, Agua Termal, Niacinamida",130.61
9578,UltraSmooth 270,Madura,"Extracto de Té Verde, Urea, Peptidos, Pantenol",107.67
9579,OilControl 34,Grasa,"Manteca de Karité, Ácido Hialurónico",83.74
9580,BrightFix 74,Sensible,"Ceramidas, Retinol, Avena Coloidal",23.25
9581,Glow Serum 197,Seca,"Ceramidas, Ácido Ferúlico",70.28
9582,UltraSmooth 14,Acneica,"Ácido Láctico, Zinc, Avena Coloidal",36.8
9583,Aqua Balm 186,Todo tipo,"Niacinamida, Ácido Láctico, Peptidos",139.97
9584,RegenX 5,Mixta,"Ácido Hialurónico, Ácido Láctico, Aloe Vera, Urea",143.76
9585,Clear Skin 157,Seca,"Avena Coloidal, Manteca de Karité, Ácido Hialurónico, Aceite de Jojoba",132.5
9586,Silky Touch 116,Seca,"Pantenol, Ácido Hialurónico",196.89
9587,AcneFree 14,Grasa,"Aceite de Jojoba, Zinc, Retinol",81.75
9588,AcneFree 212,Sensible,"Ácido Salicílico, Aloe Vera",20.86
9589,Clear Skin 248,Acneica,"Ácido Hialurónico, Glicerina, Niacinamida",13.39
9590,SunShield 122,Seca,"Vitamina C, Ceramidas, Glicerina, Zinc",154.57
9591,NutriGlow 178,Sensible,"Ácido Hialurónico, Aceite de Jojoba",195.45
9592,UltraSmooth 133,Sensible,"Pantenol, Extracto de Té Verde, Ácido Salicílico",5.03
9593,DermaFix 244,Madura,"Manteca de Karité, Zinc, Vitamina C, Ácido Láctico",127.23
9594,SunShield 69,Seca,"Extracto de Té Verde, Avena Coloidal, Peptidos, Ácido Láctico",191.36
9595,UltraSmooth 74,Madura,"Ácido Ferúlico, Peptidos, Pantenol, Retinol",138.76
9596,NutriGlow 29,Grasa,"Zinc, Avena Coloidal, Retinol, Ceramidas",30.22
9597,NutriGlow 46,Mixta,"Aloe Vera, Ácido Ferúlico, Aceite de Jojoba",133.04
9598,Silky Touch 266,Normal,"Aloe Vera, Avena Coloidal, Pantenol",64.11
9599,Fresh Dew 175,Mixta,"Glicerina, Extracto de Té Verde",185.03
9600,RegenX 168,Seca,"Aloe Vera, Vitamina C, Manteca de Karité, Ácido Hialurónico",117.03
9601,SunShield 262,Sensible,"Peptidos, Ácido Hialurónico, Niacinamida, Manteca de Karité",32.09
9602,Fresh Dew 142,Sensible,"Zinc, Retinol, Ácido Ferúlico",176.5
9603,Silky Touch 221,Todo tipo,"Vitamina C, Aceite de Jojoba, Manteca de Karité",115.63
9604,Glow Serum 35,Todo tipo,"Zinc, Ácido Ferúlico",96.6
9605,UltraSmooth 149,Todo tipo,"Peptidos, Ácido Ferúlico, Niacinamida, Ácido Salicílico",115.8
9606,BrightFix 13,Todo tipo,"Ácido Láctico, Agua Termal, Glicerina",94.39
9607,AgeDefy 70,Acneica,"Glicerina, Ácido Hialurónico, Pantenol, Zinc",191.25
9608,CeraPlus 250,Mixta,"Aloe Vera, Ceramidas",22.34
9609,SunShield 85,Mixta,"Peptidos, Aloe Vera, Glicerina",52.59
9610,Aqua Balm 223,Mixta,"Ácido Salicílico, Ácido Láctico, Peptidos, Vitamina C",21.71
9611,Daily Moist 171,Acneica,"Ácido Láctico, Extracto de Té Verde, Manteca de Karité",18.8
9612,SunShield 216,Madura,"Pantenol, Manteca de Karité, Aloe Vera, Aceite de Jojoba",158.48
9613,Fresh Dew 169,Acneica,"Zinc, Pantenol, Ácido Salicílico, Vitamina C",39.65
9614,Clear Skin 72,Normal,"Pantenol, Vitamina C",24.95
9615,Daily Moist 284,Normal,"Glicerina, Zinc, Ceramidas, Urea",90.37
9616,Daily Moist 175,Sensible,"Ácido Láctico, Ácido Ferúlico",127.22
9617,OilControl 245,Acneica,"Retinol, Aloe Vera",103.1
9618,UltraSmooth 23,Madura,"Vitamina C, Ácido Láctico, Aloe Vera, Extracto de Té Verde",170.19
9619,AcneFree 282,Normal,"Aloe Vera, Glicerina",46.48
9620,AgeDefy 111,Sensible,"Ceramidas, Avena Coloidal, Glicerina",138.87
9621,AgeDefy 54,Madura,"Ácido Salicílico, Ceramidas, Retinol",25.42
9622,Glow Serum 264,Acneica,"Ácido Salicílico, Avena Coloidal, Ácido Hialurónico",71.88
9623,AgeDefy 31,Acneica,"Retinol, Aceite de Jojoba, Avena Coloidal",136.85
9624,UltraSmooth 55,Acneica,"Manteca de Karité, Ácido Láctico",141.9
9625,NutriGlow 82,Sensible,"Aceite de Jojoba, Extracto de Té Verde",195.62
9626,AcneFree 295,Mixta,"Niacinamida, Vitamina C",79.99
9627,BrightFix 23,Sensible,"Glicerina, Vitamina C",67.66
9628,Glow Serum 238,Mixta,"Urea, Aceite de Jojoba, Manteca de Karité, Retinol",121.36
9629,CeraPlus 210,Sensible,"Avena Coloidal, Ácido Láctico, Agua Termal, Retinol",119.59
9630,RegenX 236,Normal,"Aceite de Jojoba, Ácido Hialurónico",35.76
9631,Glow Serum 141,Todo tipo,"Retinol, Ácido Ferúlico, Agua Termal, Peptidos",35.03
9632,AcneFree 204,Normal,"Aceite de Jojoba, Ácido Láctico, Ácido Ferúlico",138.35
9633,Silky Touch 296,Mixta,"Niacinamida, Ácido Ferúlico",26.66
9634,Glow Serum 171,Seca,"Ácido Hialurónico, Aloe Vera",98.2
9635,RegenX 256,Seca,"Extracto de Té Verde, Vitamina C, Ceramidas",133.43
9636,Hydra Boost 172,Normal,"Avena Coloidal, Manteca de Karité, Niacinamida, Ácido Hialurónico",80.37
9637,SunShield 289,Normal,"Manteca de Karité, Ácido Salicílico",35.36
9638,SkinPure 261,Mixta,"Agua Termal, Ácido Láctico, Manteca de Karité, Niacinamida",193.62
9639,Silky Touch 300,Sensible,"Niacinamida, Vitamina C, Ceramidas",70.09
9640,Radiant Day 43,Sensible,"Ácido Láctico, Pantenol, Ácido Hialurónico, Vitamina C",121.34
9641,Hydra Boost 220,Madura,"Retinol, Peptidos, Ácido Salicílico, Glicerina",80.95
9642,Radiant Day 37,Normal,"Glicerina, Ácido Ferúlico, Agua Termal, Vitamina C",146.12
9643,Daily Moist 297,Normal,"Niacinamida, Aloe Vera, Zinc",158.8
9644,UltraSmooth 130,Grasa,"Ácido Hialurónico, Peptidos, Extracto de Té Verde",48.78
9645,NightCare 39,Mixta,"Urea, Pantenol, Zinc, Niacinamida",158.15
9646,SkinPure 278,Grasa,"Aceite de Jojoba, Extracto de Té Verde, Ácido Ferúlico",43.02
9647,SkinPure 99,Grasa,"Extracto de Té Verde, Glicerina, Zinc, Ácido Salicílico",168.86
9648,BrightFix 18,Todo tipo,"Extracto de Té Verde, Retinol, Zinc",30.56
9649,NightCare 49,Grasa,"Niacinamida, Pantenol, Aloe Vera, Ceramidas",124.53
9650,Glow Serum 182,Sensible,"Ácido Ferúlico, Retinol, Niacinamida, Manteca de Karité",192.34
9651,Glow Serum 94,Mixta,"Glicerina, Retinol, Ceramidas",55.49
9652,SkinPure 102,Todo tipo,"Ceramidas, Glicerina",130.87
9653,NutriGlow 59,Madura,"Pantenol, Ceramidas",148.88
9654,Radiant Day 173,Seca,"Pantenol, Peptidos, Ácido Láctico",59.71
9655,AcneFree 95,Madura,"Avena Coloidal, Manteca de Karité",174.84
9656,Fresh Dew 261,Grasa,"Manteca de Karité, Ácido Láctico, Pantenol, Niacinamida",121.26
9657,BrightFix 101,Todo tipo,"Glicerina, Ácido Ferúlico, Zinc",53.07
9658,Glow Serum 25,Normal,"Peptidos, Avena Coloidal, Zinc, Pantenol",47.1
9659,AgeDefy 216,Acneica,"Urea, Glicerina, Ceramidas, Manteca de Karité",175.88
9660,AgeDefy 273,Sensible,"Glicerina, Manteca de Karité, Ácido Salicílico",65.51
9661,AgeDefy 82,Grasa,"Pantenol, Vitamina C, Ácido Láctico, Ácido Ferúlico",113.68
9662,NutriGlow 34,Todo tipo,"Peptidos, Ácido Ferúlico",71.23
9663,UltraSmooth 232,Todo tipo,"Ácido Salicílico, Niacinamida, Aceite de Jojoba",70.2
9664,Clear Skin 280,Seca,"Niacinamida, Vitamina C, Ceramidas, Ácido Salicílico",104.34
9665,RegenX 56,Seca,"Manteca de Karité, Ácido Láctico",75.33
9666,AgeDefy 142,Seca,"Manteca de Karité, Peptidos, Ácido Salicílico, Ceramidas",98.46
9667,Radiant Day 57,Madura,"Avena Coloidal, Ácido Salicílico, Agua Termal, Extracto de Té Verde",23.89
9668,BrightFix 123,Sensible,"Ácido Salicílico, Pantenol, Manteca de Karité, Vitamina C",120.43
9669,DermaFix 294,Madura,"Glicerina, Avena Coloidal, Ácido Ferúlico, Ácido Salicílico",75.98
9670,SkinPure 90,Mixta,"Ácido Salicílico, Ácido Láctico, Ácido Hialurónico, Avena Coloidal",99.79
9671,AgeDefy 270,Mixta,"Ceramidas, Ácido Ferúlico",57.49
9672,Glow Serum 244,Grasa,"Glicerina, Aceite de Jojoba, Vitamina C, Niacinamida",54.85
9673,Glow Serum 257,Normal,"Extracto de Té Verde, Ácido Hialurónico",15.37
9674,NightCare 147,Seca,"Urea, Extracto de Té Verde",24.5
9675,Daily Moist 106,Mixta,"Niacinamida, Extracto de Té Verde, Avena Coloidal",152.45
9676,Daily Moist 171,Acneica,"Manteca de Karité, Ácido Salicílico",44.41
9677,CeraPlus 235,Sensible,"Agua Termal, Manteca de Karité, Aceite de Jojoba, Ácido Láctico",7.95
9678,DermaFix 48,Madura,"Aceite de Jojoba, Ácido Hialurónico, Extracto de Té Verde, Zinc",75.33
9679,AcneFree 136,Normal,"Manteca de Karité, Peptidos, Aceite de Jojoba, Ácido Ferúlico",181.59
9680,Aqua Balm 66,Grasa,"Ceramidas, Extracto de Té Verde, Pantenol, Ácido Ferúlico",195.71
9681,SkinPure 78,Grasa,"Glicerina, Peptidos, Aloe Vera, Agua Termal",32.86
9682,DermaFix 111,Seca,"Avena Coloidal, Pantenol, Niacinamida",165.12
9683,UltraSmooth 172,Grasa,"Ceramidas, Ácido Láctico, Retinol",115.47
9684,BrightFix 271,Seca,"Vitamina C, Manteca de Karité",166.81
9685,Aqua Balm 234,Normal,"Aceite de Jojoba, Ácido Hialurónico, Peptidos",24.35
9686,Fresh Dew 4,Sensible,"Ácido Hialurónico, Ácido Láctico",192.64
9687,Fresh Dew 137,Sensible,"Peptidos, Agua Termal",70.94
9688,Silky Touch 122,Sensible,"Manteca de Karité, Aceite de Jojoba, Avena Coloidal, Ceramidas",43.89
9689,RegenX 215,Madura,"Ácido Hialurónico, Agua Termal, Ceramidas",120.41
9690,AgeDefy 187,Normal,"Peptidos, Aloe Vera, Ceramidas",94.16
9691,Clear Skin 65,Seca,"Ceramidas, Glicerina, Pantenol",127.47
9692,AgeDefy 157,Sensible,"Pantenol, Ácido Ferúlico",185.58
9693,Fresh Dew 30,Madura,"Extracto de Té Verde, Ácido Láctico, Aloe Vera",44.04
9694,Fresh Dew 226,Normal,"Agua Termal, Aloe Vera, Avena Coloidal, Pantenol",29.23
9695,UltraSmooth 24,Todo tipo,"Pantenol, Zinc, Aceite de Jojoba",120.92
9696,Silky Touch 288,Seca,"Glicerina, Pantenol, Aloe Vera",158.09
9697,AcneFree 184,Acneica,"Avena Coloidal, Urea, Aceite de Jojoba",180.3
9698,CeraPlus 103,Grasa,"Agua Termal, Vitamina C, Aloe Vera, Ácido Láctico",194.44
9699,RegenX 134,Sensible,"Manteca de Karité, Avena Coloidal",71.27
9700,UltraSmooth 186,Madura,"Avena Coloidal, Urea, Aceite de Jojoba, Vitamina C",86.21
9701,SkinPure 107,Normal,"Zinc, Aloe Vera, Urea, Aceite de Jojoba",188.9
9702,AgeDefy 122,Grasa,"Manteca de Karité, Ceramidas",23.35
9703,SkinPure 273,Normal,"Ceramidas, Aceite de Jojoba",63.39
9704,BrightFix 283,Sensible,"Aloe Vera, Ácido Láctico, Zinc",39.16
9705,NightCare 162,Normal,"Manteca de Karité, Aloe Vera, Glicerina",71.15
9706,Daily Moist 225,Sensible,"Glicerina, Niacinamida, Avena Coloidal, Aceite de Jojoba",176.24
9707,DermaFix 137,Sensible,"Aloe Vera, Glicerina, Agua Termal",196.54
9708,Clear Skin 211,Madura,"Urea, Aloe Vera",64.49
9709,Aqua Balm 60,Grasa,"Glicerina, Ceramidas, Niacinamida",130.1
9710,BrightFix 68,Todo tipo,"Manteca de Karité, Ácido Salicílico",115.34
9711,Daily Moist 288,Madura,"Ácido Hialurónico, Peptidos, Vitamina C",141.89
9712,SkinPure 77,Seca,"Ácido Hialurónico, Avena Coloidal, Niacinamida, Peptidos",142.98
9713,Clear Skin 82,Grasa,"Ácido Hialurónico, Ácido Salicílico, Aceite de Jojoba",125.21
9714,SunShield 106,Acneica,"Ácido Láctico, Glicerina",126.45
9715,SkinPure 189,Normal,"Ceramidas, Aloe Vera, Peptidos",163.15
9716,CeraPlus 3,Todo tipo,"Retinol, Aloe Vera, Ácido Láctico",17.64
9717,SunShield 48,Acneica,"Pantenol, Ácido Ferúlico, Peptidos",39.49
9718,CeraPlus 3,Madura,"Ácido Hialurónico, Niacinamida",119.76
9719,RegenX 4,Seca,"Vitamina C, Glicerina",12.88
9720,BrightFix 278,Sensible,"Retinol, Ceramidas",94.62
9721,Fresh Dew 201,Mixta,"Glicerina, Aloe Vera, Manteca de Karité",39.01
9722,RegenX 117,Acneica,"Ácido Láctico, Pantenol",163.83
9723,AcneFree 182,Seca,"Aloe Vera, Glicerina",115.62
9724,NutriGlow 269,Todo tipo,"Niacinamida, Peptidos, Urea, Aloe Vera",5.08
9725,UltraSmooth 12,Madura,"Extracto de Té Verde, Aceite de Jojoba, Peptidos",59.63
9726,AgeDefy 221,Todo tipo,"Pantenol, Aceite de Jojoba, Urea",20.6
9727,Daily Moist 153,Mixta,"Urea, Vitamina C, Ácido Láctico, Ácido Hialurónico",85.76
9728,RegenX 151,Madura,"Aceite de Jojoba, Ácido Salicílico, Zinc",183.13
9729,Daily Moist 297,Mixta,"Ácido Hialurónico, Retinol",172.32
9730,Glow Serum 4,Madura,"Aloe Vera, Glicerina",194.71
9731,NightCare 291,Madura,"Aloe Vera, Agua Termal",120.39
9732,AgeDefy 62,Todo tipo,"Peptidos, Glicerina",159.97
9733,BrightFix 24,Sensible,"Ácido Láctico, Urea",185.55
9734,SkinPure 296,Acneica,"Aloe Vera, Peptidos, Pantenol, Agua Termal",46.46
9735,DermaFix 237,Madura,"Glicerina, Vitamina C, Aceite de Jojoba, Avena Coloidal",46.95
9736,RegenX 44,Seca,"Glicerina, Aceite de Jojoba",169.87
9737,Aqua Balm 264,Normal,"Ácido Salicílico, Retinol, Aloe Vera, Ácido Ferúlico",43.22
9738,Daily Moist 181,Sensible,"Aceite de Jojoba, Glicerina",107.38
9739,SunShield 42,Normal,"Manteca de Karité, Ácido Hialurónico, Urea",103.69
9740,SkinPure 125,Madura,"Ácido Salicílico, Urea, Avena Coloidal",71.35
9741,Daily Moist 297,Madura,"Glicerina, Ceramidas, Pantenol, Extracto de Té Verde",74.49
9742,Daily Moist 76,Grasa,"Vitamina C, Aceite de Jojoba, Extracto de Té Verde, Ácido Salicílico",53.41
9743,Fresh Dew 193,Madura,"Ácido Láctico, Aceite de Jojoba, Ceramidas",19.56
9744,Silky Touch 102,Madura,"Manteca de Karité, Avena Coloidal, Ceramidas",191.07
9745,RegenX 65,Grasa,"Aceite de Jojoba, Manteca de Karité, Agua Termal",145.79
9746,Radiant Day 175,Sensible,"Manteca de Karité, Aloe Vera",17.86
9747,SunShield 37,Mixta,"Peptidos, Manteca de Karité, Avena Coloidal",82.73
9748,CeraPlus 12,Todo tipo,"Niacinamida, Aceite de Jojoba, Vitamina C, Avena Coloidal",75.66
9749,UltraSmooth 234,Seca,"Aceite de Jojoba, Urea",60.89
9750,UltraSmooth 142,Todo tipo,"Extracto de Té Verde, Peptidos",188.4
9751,Hydra Boost 182,Sensible,"Peptidos, Aceite de Jojoba, Ceramidas, Niacinamida",55.97
9752,Daily Moist 183,Acneica,"Glicerina, Avena Coloidal",165.41
9753,Fresh Dew 153,Seca,"Glicerina, Niacinamida, Ácido Salicílico, Peptidos",191.96
9754,RegenX 149,Madura,"Pantenol, Ácido Ferúlico, Glicerina",173.67
9755,AgeDefy 61,Madura,"Ácido Salicílico, Niacinamida, Vitamina C, Manteca de Karité",50.71
9756,Aqua Balm 2,Mixta,"Peptidos, Pantenol, Vitamina C, Niacinamida",33.85
9757,Radiant Day 180,Acneica,"Peptidos, Aceite de Jojoba",42.27
9758,SunShield 169,Seca,"Ceramidas, Agua Termal, Glicerina, Aceite de Jojoba",196.83
9759,BrightFix 85,Sensible,"Niacinamida, Manteca de Karité, Aceite de Jojoba",118.2
9760,Radiant Day 260,Normal,"Niacinamida, Aloe Vera",176.47
9761,AcneFree 36,Seca,"Urea, Retinol, Zinc, Aceite de Jojoba",58.03
9762,AgeDefy 69,Sensible,"Extracto de Té Verde, Agua Termal",35.46
9763,NightCare 179,Normal,"Aceite de Jojoba, Pantenol",148.65
9764,Aqua Balm 189,Seca,"Aloe Vera, Aceite de Jojoba, Peptidos",129.64
9765,RegenX 47,Acneica,"Aceite de Jojoba, Pantenol",101.11
9766,BrightFix 249,Madura,"Aceite de Jojoba, Ácido Láctico, Extracto de Té Verde",64.79
9767,SkinPure 50,Sensible,"Ácido Láctico, Ácido Salicílico, Retinol, Extracto de Té Verde",7.7
9768,SunShield 263,Normal,"Ácido Salicílico, Peptidos, Avena Coloidal",181.74
9769,Daily Moist 297,Sensible,"Ceramidas, Zinc, Niacinamida",187.41
9770,Fresh Dew 6,Acneica,"Glicerina, Urea, Ceramidas",27.37
9771,CeraPlus 19,Normal,"Zinc, Agua Termal",182.0
9772,RegenX 182,Madura,"Niacinamida, Zinc, Avena Coloidal, Ceramidas",175.37
9773,AcneFree 157,Grasa,"Manteca de Karité, Glicerina",132.89
9774,RegenX 70,Seca,"Extracto de Té Verde, Niacinamida, Pantenol, Avena Coloidal",120.55
9775,OilControl 19,Mixta,"Ácido Salicílico, Urea, Glicerina",103.54
9776,BrightFix 97,Todo tipo,"Ácido Ferúlico, Ácido Hialurónico, Niacinamida",52.59
9777,DermaFix 42,Madura,"Retinol, Ceramidas, Niacinamida",124.25
9778,SkinPure 48,Grasa,"Niacinamida, Peptidos, Ácido Ferúlico, Retinol",138.63
9779,CeraPlus 115,Sensible,"Aloe Vera, Aceite de Jojoba, Extracto de Té Verde",87.84
9780,AgeDefy 34,Madura,"Agua Termal, Avena Coloidal, Retinol, Extracto de Té Verde",35.38
9781,AgeDefy 265,Sensible,"Ácido Ferúlico, Peptidos, Aceite de Jojoba, Pantenol",136.56
9782,NightCare 257,Madura,"Niacinamida, Avena Coloidal",116.32
9783,CeraPlus 87,Sensible,"Ceramidas, Niacinamida, Ácido Salicílico",176.11
9784,AgeDefy 138,Sensible,"Ácido Hialurónico, Retinol",130.48
9785,RegenX 297,Mixta,"Urea, Glicerina, Peptidos",61.84
9786,AcneFree 79,Normal,"Retinol, Ácido Láctico, Urea, Vitamina C",139.26
9787,Fresh Dew 282,Normal,"Pantenol, Extracto de Té Verde, Avena Coloidal",191.72
9788,Silky Touch 181,Madura,"Aceite de Jojoba, Ceramidas",65.32
9789,AgeDefy 60,Madura,"Ácido Ferúlico, Agua Termal, Aloe Vera, Ácido Láctico",57.14
9790,SkinPure 275,Madura,"Ácido Salicílico, Retinol, Extracto de Té Verde",21.36
9791,Hydra Boost 12,Madura,"Ácido Láctico, Ácido Salicílico",110.52
9792,Radiant Day 141,Acneica,"Niacinamida, Ácido Ferúlico, Ácido Salicílico, Agua Termal",186.09
9793,Daily Moist 164,Acneica,"Ceramidas, Peptidos",72.11
9794,Radiant Day 5,Seca,"Niacinamida, Zinc, Aceite de Jojoba",197.15
9795,DermaFix 66,Seca,"Peptidos, Pantenol, Ácido Láctico",140.86
9796,DermaFix 32,Sensible,"Ácido Hialurónico, Zinc",116.37
9797,RegenX 31,Mixta,"Zinc, Niacinamida, Pantenol, Vitamina C",12.41
9798,CeraPlus 238,Todo tipo,"Extracto de Té Verde, Peptidos, Avena Coloidal",55.59
9799,Aqua Balm 193,Mixta,"Ácido Hialurónico, Agua Termal, Aceite de Jojoba",130.53
9800,AgeDefy 103,Grasa,"Peptidos, Aceite de Jojoba, Ácido Ferúlico, Glicerina",171.04
9801,Clear Skin 208,Normal,"Manteca de Karité, Ácido Ferúlico, Extracto de Té Verde, Zinc",155.78
9802,DermaFix 98,Normal,"Ácido Hialurónico, Ácido Ferúlico, Extracto de Té Verde, Ceramidas",195.86
9803,SkinPure 34,Seca,"Peptidos, Agua Termal",132.97
9804,OilControl 262,Mixta,"Glicerina, Ceramidas, Manteca de Karité",50.3
9805,UltraSmooth 52,Seca,"Agua Termal, Zinc, Ácido Ferúlico",180.38
9806,OilControl 296,Acneica,"Ácido Salicílico, Retinol, Agua Termal, Avena Coloidal",145.99
9807,RegenX 268,Sensible,"Glicerina, Ácido Salicílico",142.93
9808,OilControl 112,Madura,"Glicerina, Ácido Ferúlico, Ácido Láctico",194.32
9809,UltraSmooth 165,Seca,"Extracto de Té Verde, Ácido Láctico",150.31
9810,Daily Moist 79,Todo tipo,"Manteca de Karité, Aceite de Jojoba",163.64
9811,Fresh Dew 88,Seca,"Urea, Niacinamida, Peptidos, Pantenol",199.57
9812,Clear Skin 128,Sensible,"Avena Coloidal, Ácido Ferúlico",136.27
9813,Aqua Balm 100,Acneica,"Urea, Ácido Láctico, Vitamina C, Pantenol",114.66
9814,UltraSmooth 134,Madura,"Ácido Láctico, Retinol, Niacinamida, Aceite de Jojoba",173.21
9815,Glow Serum 209,Acneica,"Ceramidas, Niacinamida",25.31
9816,BrightFix 276,Grasa,"Ácido Salicílico, Aloe Vera, Extracto de Té Verde, Aceite de Jojoba",113.57
9817,SkinPure 3,Mixta,"Retinol, Extracto de Té Verde",158.81
9818,RegenX 123,Acneica,"Retinol, Ácido Hialurónico, Aceite de Jojoba",6.62
9819,Glow Serum 82,Mixta,"Retinol, Ácido Láctico, Ácido Ferúlico",43.81
9820,RegenX 96,Madura,"Ácido Ferúlico, Retinol, Zinc",5.98
9821,Glow Serum 161,Madura,"Retinol, Ácido Hialurónico, Avena Coloidal, Zinc",86.88
9822,AcneFree 22,Normal,"Retinol, Ácido Salicílico, Aloe Vera, Urea",85.88
9823,BrightFix 173,Seca,"Urea, Ácido Ferúlico, Ácido Salicílico, Zinc",146.6
9824,OilControl 232,Madura,"Ceramidas, Ácido Hialurónico, Zinc",75.75
9825,CeraPlus 251,Normal,"Niacinamida, Ácido Láctico, Urea, Ceramidas",20.09
9826,Glow Serum 37,Sensible,"Vitamina C, Aloe Vera, Retinol",169.84
9827,Glow Serum 250,Seca,"Agua Termal, Ácido Hialurónico",77.55
9828,AcneFree 57,Sensible,"Ácido Ferúlico, Aceite de Jojoba, Zinc, Avena Coloidal",117.74
9829,Radiant Day 11,Normal,"Ceramidas, Extracto de Té Verde, Niacinamida, Manteca de Karité",41.19
9830,SunShield 144,Grasa,"Aloe Vera, Retinol",125.73
9831,SkinPure 169,Sensible,"Avena Coloidal, Agua Termal",74.53
9832,Fresh Dew 172,Mixta,"Glicerina, Pantenol",121.01
9833,Hydra Boost 28,Acneica,"Pantenol, Ácido Láctico, Retinol, Urea",77.49
9834,Silky Touch 241,Sensible,"Agua Termal, Ácido Ferúlico",135.68
9835,RegenX 220,Normal,"Ácido Láctico, Aloe Vera, Avena Coloidal",13.56
9836,OilControl 153,Acneica,"Vitamina C, Agua Termal, Zinc, Ácido Salicílico",98.0
9837,CeraPlus 131,Seca,"Peptidos, Urea",181.59
9838,Radiant Day 47,Acneica,"Ácido Hialurónico, Manteca de Karité, Avena Coloidal",25.53
9839,Clear Skin 20,Acneica,"Retinol, Zinc, Aceite de Jojoba, Extracto de Té Verde",173.49
9840,SunShield 187,Sensible,"Glicerina, Niacinamida, Aceite de Jojoba",164.14
9841,RegenX 99,Todo tipo,"Aceite de Jojoba, Avena Coloidal, Agua Termal",116.12
9842,BrightFix 126,Seca,"Retinol, Zinc",161.67
9843,AgeDefy 252,Normal,"Vitamina C, Ácido Láctico, Ácido Salicílico",107.69
9844,NightCare 196,Mixta,"Aceite de Jojoba, Peptidos, Extracto de Té Verde, Aloe Vera",20.59
9845,DermaFix 287,Sensible,"Retinol, Ácido Hialurónico, Zinc",22.78
9846,Silky Touch 10,Grasa,"Extracto de Té Verde, Agua Termal",78.11
9847,NutriGlow 1,Mixta,"Aloe Vera, Vitamina C, Peptidos, Ácido Salicílico",193.96
9848,DermaFix 257,Normal,"Pantenol, Aloe Vera",173.77
9849,OilControl 95,Grasa,"Ácido Ferúlico, Niacinamida",125.17
9850,UltraSmooth 157,Grasa,"Agua Termal, Pantenol, Zinc",107.27
9851,NightCare 77,Acneica,"Aloe Vera, Ácido Salicílico, Ceramidas, Extracto de Té Verde",191.28
9852,NutriGlow 128,Seca,"Agua Termal, Ácido Láctico, Pantenol, Avena Coloidal",77.81
9853,Hydra Boost 296,Grasa,"Urea, Ceramidas",165.6
9854,Clear Skin 279,Madura,"Agua Termal, Ceramidas, Vitamina C",112.63
9855,Aqua Balm 111,Madura,"Ácido Láctico, Peptidos, Zinc, Vitamina C",38.18
9856,BrightFix 264,Grasa,"Ácido Hialurónico, Avena Coloidal, Extracto de Té Verde",20.66
9857,SunShield 266,Seca,"Vitamina C, Retinol, Pantenol, Aceite de Jojoba",173.61
9858,Radiant Day 272,Acneica,"Niacinamida, Avena Coloidal, Manteca de Karité",21.41
9859,CeraPlus 205,Normal,"Vitamina C, Pantenol",158.76
9860,DermaFix 145,Madura,"Extracto de Té Verde, Glicerina, Zinc",160.32
9861,AgeDefy 52,Todo tipo,"Avena Coloidal, Ácido Ferúlico",52.24
9862,AgeDefy 47,Grasa,"Extracto de Té Verde, Aceite de Jojoba, Avena Coloidal",146.09
9863,Hydra Boost 176,Seca,"Ácido Ferúlico, Avena Coloidal",77.35
9864,Hydra Boost 220,Madura,"Aloe Vera, Avena Coloidal",147.75
9865,NightCare 296,Grasa,"Manteca de Karité, Niacinamida, Ácido Hialurónico",33.57
9866,SkinPure 194,Acneica,"Aceite de Jojoba, Pantenol, Niacinamida, Agua Termal",169.59
9867,SkinPure 204,Sensible,"Retinol, Urea, Aloe Vera, Ácido Hialurónico",9.57
9868,Daily Moist 18,Seca,"Extracto de Té Verde, Ácido Láctico, Pantenol",111.89
9869,Fresh Dew 189,Mixta,"Peptidos, Urea, Niacinamida, Ceramidas",76.48
9870,Aqua Balm 21,Sensible,"Niacinamida, Aceite de Jojoba, Ácido Salicílico, Agua Termal",35.81
9871,Aqua Balm 138,Todo tipo,"Retinol, Ácido Hialurónico",182.11
9872,OilControl 101,Sensible,"Ácido Salicílico, Urea, Aceite de Jojoba",64.49
9873,Silky Touch 267,Grasa,"Extracto de Té Verde, Ácido Ferúlico, Retinol, Zinc",82.89
9874,OilControl 124,Grasa,"Peptidos, Vitamina C, Urea, Ácido Láctico",198.22
9875,Hydra Boost 108,Mixta,"Zinc, Aloe Vera",73.49
9876,AcneFree 287,Normal,"Agua Termal, Ácido Ferúlico, Manteca de Karité, Ceramidas",44.66
9877,SkinPure 89,Grasa,"Avena Coloidal, Niacinamida",90.01
9878,OilControl 176,Normal,"Ácido Hialurónico, Urea, Aceite de Jojoba, Ceramidas",129.34
9879,Hydra Boost 44,Sensible,"Ácido Salicílico, Avena Coloidal, Aceite de Jojoba, Glicerina",61.86
9880,UltraSmooth 269,Madura,"Pantenol, Ácido Salicílico, Avena Coloidal",125.49
9881,Clear Skin 23,Grasa,"Ácido Ferúlico, Agua Termal, Avena Coloidal, Ácido Láctico",70.57
9882,SkinPure 200,Madura,"Retinol, Ácido Salicílico",147.99
9883,RegenX 292,Seca,"Avena Coloidal, Ácido Ferúlico",112.2
9884,RegenX 3,Sensible,"Manteca de Karité, Peptidos, Ceramidas",40.93
9885,OilControl 233,Sensible,"Extracto de Té Verde, Manteca de Karité",99.63
9886,Daily Moist 271,Mixta,"Extracto de Té Verde, Niacinamida",163.98
9887,Glow Serum 199,Grasa,"Ácido Salicílico, Manteca de Karité, Peptidos, Ceramidas",192.21
9888,DermaFix 131,Mixta,"Ácido Ferúlico, Ceramidas, Vitamina C, Glicerina",115.96
9889,CeraPlus 30,Normal,"Glicerina, Urea, Pantenol, Ceramidas",140.48
9890,Aqua Balm 285,Normal,"Glicerina, Pantenol",10.42
9891,AgeDefy 20,Sensible,"Ácido Láctico, Peptidos",146.91
9892,Hydra Boost 90,Mixta,"Agua Termal, Glicerina",13.29
9893,Daily Moist 36,Todo tipo,"Manteca de Karité, Vitamina C",14.5
9894,BrightFix 82,Normal,"Avena Coloidal, Retinol, Ácido Ferúlico, Pantenol",91.36
9895,Glow Serum 41,Acneica,"Pantenol, Aloe Vera",26.78
9896,OilControl 99,Madura,"Pantenol, Vitamina C",176.67
9897,Daily Moist 213,Normal,"Ácido Ferúlico, Urea, Aceite de Jojoba, Manteca de Karité",147.1
9898,Hydra Boost 19,Todo tipo,"Zinc, Pantenol, Aceite de Jojoba",11.9
9899,AgeDefy 247,Todo tipo,"Ácido Láctico, Manteca de Karité, Aceite de Jojoba",13.5
9900,CeraPlus 75,Madura,"Agua Termal, Ácido Ferúlico, Ceramidas",194.96
9901,DermaFix 291,Acneica,"Aceite de Jojoba, Manteca de Karité, Ácido Hialurónico, Ceramidas",104.66
9902,SunShield 253,Acneica,"Ácido Ferúlico, Extracto de Té Verde",20.05
9903,CeraPlus 235,Mixta,"Ácido Láctico, Ácido Ferúlico",192.92
9904,Hydra Boost 73,Sensible,"Agua Termal, Retinol, Peptidos",146.52
9905,AcneFree 153,Seca,"Ácido Salicílico, Agua Termal, Retinol, Ácido Hialurónico",194.85
9906,Glow Serum 243,Normal,"Aceite de Jojoba, Niacinamida, Avena Coloidal",100.99
9907,SunShield 62,Mixta,"Aloe Vera, Ácido Ferúlico, Ácido Láctico, Aceite de Jojoba",132.47
9908,NutriGlow 223,Normal,"Peptidos, Ceramidas, Agua Termal, Urea",170.03
9909,Silky Touch 225,Seca,"Ácido Hialurónico, Aloe Vera, Retinol",50.34
9910,Aqua Balm 227,Seca,"Manteca de Karité, Agua Termal",92.21
9911,Silky Touch 166,Normal,"Vitamina C, Urea, Peptidos, Ácido Hialurónico",170.9
9912,SunShield 7,Seca,"Ácido Hialurónico, Ácido Ferúlico, Vitamina C, Pantenol",25.35
9913,BrightFix 81,Acneica,"Ácido Ferúlico, Pantenol, Agua Termal, Avena Coloidal",88.58
9914,SunShield 182,Todo tipo,"Avena Coloidal, Urea",104.21
9915,Radiant Day 219,Acneica,"Peptidos, Ácido Láctico, Niacinamida",48.06
9916,BrightFix 248,Acneica,"Ácido Salicílico, Ácido Hialurónico, Niacinamida",9.11
9917,AcneFree 152,Mixta,"Extracto de Té Verde, Ácido Salicílico, Vitamina C, Aceite de Jojoba",196.1
9918,RegenX 280,Todo tipo,"Pantenol, Ácido Láctico, Aceite de Jojoba, Agua Termal",195.18
9919,Daily Moist 110,Mixta,"Peptidos, Niacinamida, Aloe Vera",104.09
9920,AgeDefy 69,Acneica,"Niacinamida, Ácido Ferúlico, Zinc, Avena Coloidal",113.22
9921,Daily Moist 276,Acneica,"Ceramidas, Extracto de Té Verde, Ácido Salicílico, Zinc",6.27
9922,Glow Serum 28,Todo tipo,"Vitamina C, Ácido Ferúlico",87.79
9923,NutriGlow 281,Madura,"Ácido Ferúlico, Avena Coloidal",172.19
9924,NightCare 204,Grasa,"Retinol, Ácido Láctico",78.97
9925,Daily Moist 259,Normal,"Agua Termal, Ácido Salicílico, Niacinamida, Pantenol",100.44
9926,OilControl 137,Acneica,"Ácido Hialurónico, Manteca de Karité, Zinc, Aloe Vera",70.64
9927,BrightFix 239,Sensible,"Glicerina, Zinc",7.39
9928,OilControl 181,Seca,"Avena Coloidal, Peptidos, Zinc, Ceramidas",36.83
9929,Glow Serum 146,Grasa,"Vitamina C, Zinc, Ácido Láctico, Ácido Salicílico",180.0
9930,NutriGlow 217,Normal,"Pantenol, Urea",161.67
9931,Hydra Boost 75,Sensible,"Agua Termal, Manteca de Karité, Zinc",192.83
9932,DermaFix 249,Grasa,"Ácido Láctico, Zinc",184.09
9933,NightCare 262,Normal,"Niacinamida, Retinol, Aceite de Jojoba, Urea",166.42
9934,Radiant Day 221,Normal,"Manteca de Karité, Glicerina",27.45
9935,AcneFree 6,Normal,"Niacinamida, Urea",100.01
9936,Radiant Day 14,Normal,"Ácido Salicílico, Ácido Láctico, Vitamina C, Manteca de Karité",145.95
9937,SkinPure 208,Normal,"Retinol, Aceite de Jojoba, Ácido Hialurónico, Manteca de Karité",68.38
9938,CeraPlus 42,Madura,"Manteca de Karité, Ácido Hialurónico",121.27
9939,Glow Serum 180,Madura,"Agua Termal, Ácido Hialurónico, Pantenol, Zinc",136.59
9940,CeraPlus 76,Mixta,"Glicerina, Retinol, Agua Termal, Aloe Vera",109.07
9941,SkinPure 71,Madura,"Aloe Vera, Ácido Láctico, Retinol",119.07
9942,DermaFix 239,Madura,"Urea, Ácido Ferúlico, Extracto de Té Verde, Zinc",107.74
9943,Daily Moist 110,Mixta,"Zinc, Ácido Láctico, Agua Termal",86.24
9944,Radiant Day 48,Todo tipo,"Ácido Ferúlico, Aceite de Jojoba",127.99
9945,Aqua Balm 62,Grasa,"Ácido Hialurónico, Retinol, Vitamina C",163.68
9946,Fresh Dew 123,Grasa,"Peptidos, Urea",35.67
9947,Radiant Day 204,Mixta,"Glicerina, Urea, Ácido Salicílico, Manteca de Karité",41.32
9948,OilControl 5,Normal,"Aloe Vera, Glicerina, Urea, Retinol",29.88
9949,Aqua Balm 233,Grasa,"Ácido Ferúlico, Zinc, Ácido Salicílico",196.09
9950,Fresh Dew 35,Acneica,"Urea, Aloe Vera",100.59
9951,SkinPure 93,Sensible,"Urea, Ácido Láctico, Niacinamida, Extracto de Té Verde",130.42
9952,SkinPure 66,Sensible,"Aloe Vera, Peptidos, Ácido Láctico, Niacinamida",88.96
9953,DermaFix 65,Todo tipo,"Urea, Peptidos, Aceite de Jojoba, Retinol",12.2
9954,Silky Touch 29,Sensible,"Glicerina, Vitamina C, Pantenol, Niacinamida",26.41
9955,SkinPure 214,Normal,"Ceramidas, Zinc",69.07
9956,OilControl 195,Todo tipo,"Vitamina C, Urea, Agua Termal",118.83
9957,AgeDefy 58,Normal,"Vitamina C, Agua Termal, Ácido Salicílico",61.49
9958,UltraSmooth 181,Todo tipo,"Manteca de Karité, Ácido Salicílico, Aceite de Jojoba, Pantenol",6.0
9959,DermaFix 53,Sensible,"Avena Coloidal, Aloe Vera, Extracto de Té Verde",128.23
9960,OilControl 155,Seca,"Extracto de Té Verde, Avena Coloidal, Ácido Salicílico",135.47
9961,SkinPure 291,Seca,"Aloe Vera, Glicerina, Extracto de Té Verde, Pantenol",170.39
9962,Silky Touch 83,Todo tipo,"Manteca de Karité, Agua Termal, Zinc",99.73
9963,UltraSmooth 16,Seca,"Zinc, Aloe Vera, Vitamina C, Avena Coloidal",84.85
9964,Glow Serum 97,Sensible,"Avena Coloidal, Zinc",192.17
9965,RegenX 283,Sensible,"Extracto de Té Verde, Avena Coloidal, Glicerina, Ácido Ferúlico",43.17
9966,Aqua Balm 191,Grasa,"Ácido Láctico, Ácido Hialurónico, Ceramidas",49.61
9967,AcneFree 45,Grasa,"Urea, Glicerina, Ácido Hialurónico, Zinc",32.08
9968,SunShield 275,Todo tipo,"Ácido Ferúlico, Avena Coloidal, Aceite de Jojoba",36.5
9969,AgeDefy 84,Acneica,"Extracto de Té Verde, Ácido Ferúlico, Retinol",41.58
9970,UltraSmooth 178,Todo tipo,"Ácido Salicílico, Pantenol, Aceite de Jojoba",55.63
9971,OilControl 241,Mixta,"Peptidos, Agua Termal, Avena Coloidal, Ácido Hialurónico",148.57
9972,Aqua Balm 141,Sensible,"Peptidos, Retinol, Ácido Hialurónico, Pantenol",51.71
9973,OilControl 5,Mixta,"Peptidos, Aceite de Jojoba, Retinol",12.09
9974,NightCare 232,Sensible,"Avena Coloidal, Retinol, Agua Termal",170.53
9975,Glow Serum 229,Todo tipo,"Peptidos, Agua Termal",94.23
9976,DermaFix 86,Grasa,"Aloe Vera, Agua Termal, Avena Coloidal, Ácido Salicílico",12.07
9977,CeraPlus 177,Madura,"Pantenol, Ácido Salicílico, Avena Coloidal, Agua Termal",123.38
9978,NutriGlow 232,Madura,"Avena Coloidal, Ácido Salicílico, Glicerina",57.89
9979,Clear Skin 260,Normal,"Ácido Láctico, Aloe Vera, Agua Termal",170.69
9980,Daily Moist 44,Grasa,"Ácido Salicílico, Ácido Láctico, Zinc, Retinol",108.51
9981,BrightFix 117,Todo tipo,"Pantenol, Glicerina, Avena Coloidal",165.33
9982,UltraSmooth 192,Mixta,"Niacinamida, Pantenol",41.67
9983,Silky Touch 260,Mixta,"Aloe Vera, Glicerina, Zinc, Ácido Láctico",158.08
9984,NutriGlow 145,Grasa,"Glicerina, Ácido Ferúlico",132.28
9985,RegenX 36,Seca,"Manteca de Karité, Extracto de Té Verde, Ceramidas, Aloe Vera",36.71
9986,OilControl 270,Grasa,"Aceite de Jojoba, Ceramidas",117.41
9987,Silky Touch 156,Grasa,"Ácido Salicílico, Avena Coloidal, Manteca de Karité",5.47
9988,Aqua Balm 237,Seca,"Manteca de Karité, Ácido Ferúlico",25.43
9989,Hydra Boost 167,Grasa,"Agua Termal, Retinol, Aceite de Jojoba",46.77
9990,CeraPlus 40,Seca,"Ácido Salicílico, Urea, Ácido Ferúlico",199.69
9991,Aqua Balm 110,Todo tipo,"Zinc, Aceite de Jojoba",46.8
9992,Clear Skin 140,Seca,"Glicerina, Ácido Hialurónico, Ácido Láctico, Pantenol",55.38
9993,Hydra Boost 228,Todo tipo,"Agua Termal, Vitamina C, Ácido Láctico, Aceite de Jojoba",69.76
9994,RegenX 29,Todo tipo,"Ácido Láctico, Niacinamida, Avena Coloidal, Vitamina C",177.65
9995,RegenX 135,Sensible,"Retinol, Manteca de Karité, Pantenol, Ácido Ferúlico",199.56
9996,Aqua Balm 220,Seca,"Zinc, Ácido Ferúlico, Pantenol",138.04
9997,Hydra Boost 35,Grasa,"Glicerina, Vitamina C, Extracto de Té Verde, Urea",183.32
9998,RegenX 33,Seca,"Avena Coloidal, Ceramidas, Ácido Hialurónico",101.62
9999,AgeDefy 36,Mixta,"Ácido Salicílico, Glicerina, Pantenol, Urea",45.02
10000,SunShield 281,Seca,"Ácido Hialurónico, Peptidos, Ácido Ferúlico, Manteca de Karité",99.86
